id,tipo_equipo,enciende,sufrio_golpe,hace_ruido,sobrecalienta,muy_lento,pantalla_negra,pantalla_azul,no_imprime,atasca_papel,imprime_lineas,succion_bomba,no_enciende_del_todo,reinicia_solo,error_sistema,pitidos_encendido,funciona_sin_bateria,funciona_tras_golpe,muy_lento_post_formato,tipo_falla,reparacion,costo_aprox
1,Impresora Epson,1,0,0,0,0,0,0,1,1,0,0,0,0,0,0,0,0,0,Falla de impresión,Limpieza de cabezales o rodillos,35.01
2,PC de escritorio,1,0,0,0,1,0,1,0,0,0,0,0,1,1,0,1,1,0,Falla de software,Formateo y reinstalación,42.12
3,Laptop,1,0,0,0,1,0,0,0,0,0,0,0,0,1,0,1,0,0,Falla de software,Formateo y reinstalación,44.95
4,PC de escritorio,0,1,1,0,0,0,1,0,0,0,0,1,0,0,1,0,1,0,Falla de hardware,Revisión y cambio de componente,679.41
5,PC de escritorio,0,1,1,1,1,0,0,0,0,0,0,0,1,0,0,1,0,0,Sobrecalentamiento,Limpieza interna y pasta térmica,47.03
6,PC de escritorio,0,1,0,0,0,1,0,0,0,0,0,0,0,0,0,1,0,0,Falla de pantalla,Cambio de pantalla,198.21
7,PC de escritorio,0,0,1,1,1,0,0,0,0,0,0,0,1,0,0,0,1,0,Falla de hardware,Revisión y cambio de componente,230.68
8,PC de escritorio,0,1,1,0,0,1,0,0,0,0,0,0,0,0,0,0,0,0,Falla de pantalla,Cambio de pantalla,182.8
9,PC de escritorio,1,0,0,1,1,0,0,0,0,0,0,0,1,1,0,0,0,0,Sobrecalentamiento,Limpieza interna y pasta térmica,44.9
10,Laptop,1,0,0,0,1,0,0,0,0,0,0,0,0,0,0,1,0,1,SO incompatible,Reinstalación con SO compatible,46.77
11,PC de escritorio,0,0,0,1,1,1,0,0,0,0,0,0,1,1,0,1,0,0,Sobrecalentamiento,Limpieza interna y pasta térmica,44.44
12,Laptop,1,0,0,0,1,0,1,0,0,0,0,0,0,1,0,1,0,0,Falla de software,Formateo y reinstalación,41.04
13,PC de escritorio,1,0,0,0,1,0,1,0,0,0,0,0,1,1,0,1,0,0,Falla de software,Formateo y reinstalación,45.99
14,PC de escritorio,1,0,0,0,1,0,1,0,0,0,0,0,1,1,0,1,0,0,Falla de software,Formateo y reinstalación,51.74
15,Laptop,0,0,0,0,0,1,0,0,0,0,0,1,0,0,0,0,0,0,Falla de energía,Revisión de fuente o cargador,51.16
16,PC de escritorio,1,0,0,1,1,0,0,0,0,0,0,0,1,0,0,0,0,1,SO incompatible,Reinstalación con SO compatible,57.69
17,PC de escritorio,0,1,1,1,1,0,0,0,0,0,0,1,1,0,1,0,0,0,Falla de hardware,Revisión y cambio de componente,301.13
18,Laptop,0,1,1,0,1,0,1,0,0,0,0,1,0,1,1,1,1,0,Falla de hardware,Revisión y cambio de componente,963.3
19,PC de escritorio,0,0,0,1,1,0,0,0,0,0,0,0,1,0,0,1,0,1,SO incompatible,Reinstalación con SO compatible,40.06
20,PC de escritorio,1,1,0,0,0,1,0,0,0,0,0,0,0,0,0,1,0,0,Falla de pantalla,Cambio de pantalla,192.76
21,Laptop,1,0,1,1,1,0,0,0,0,0,0,0,0,1,0,1,0,0,Sobrecalentamiento,Limpieza interna y pasta térmica,40.12
22,PC de escritorio,1,0,1,1,1,0,1,0,0,0,0,0,0,0,0,1,0,0,Sobrecalentamiento,Limpieza interna y pasta térmica,47.42
23,Laptop,0,1,1,0,0,1,1,0,0,0,0,0,1,1,1,1,1,0,Falla de hardware,Revisión y cambio de componente,942.82
24,Laptop,1,0,0,1,0,0,0,0,0,0,0,1,1,1,1,1,0,0,Sobrecalentamiento,Limpieza interna y pasta térmica,42.26
25,PC de escritorio,1,0,1,1,0,1,0,0,0,0,0,0,1,0,0,1,0,0,Sobrecalentamiento,Limpieza interna y pasta térmica,40.03
26,Impresora Epson,1,0,0,0,0,0,0,1,0,1,1,0,0,0,0,0,0,0,Falla de impresión,Limpieza de cabezales o rodillos,52.01
27,PC de escritorio,1,0,0,0,1,1,0,0,0,0,0,0,1,1,0,1,0,0,Falla de software,Formateo y reinstalación,47.95
28,PC de escritorio,0,1,1,0,0,0,0,0,0,0,0,1,0,0,1,0,0,0,Falla de hardware,Revisión y cambio de componente,555.59
29,PC de escritorio,0,1,0,0,0,1,0,0,0,0,0,0,0,0,0,1,0,0,Falla de pantalla,Cambio de pantalla,189.51
30,Laptop,1,0,1,1,1,0,0,0,0,0,0,0,1,1,0,1,0,0,Sobrecalentamiento,Limpieza interna y pasta térmica,42.69
31,Laptop,1,0,1,1,1,0,0,0,0,0,0,0,1,1,0,1,0,0,Sobrecalentamiento,Limpieza interna y pasta térmica,49.33
32,Laptop,1,0,0,1,1,0,0,0,0,0,0,1,1,0,0,1,0,0,Sobrecalentamiento,Limpieza interna y pasta térmica,47.53
33,PC de escritorio,1,0,0,0,1,0,0,0,0,0,0,0,0,1,0,1,0,1,SO incompatible,Reinstalación con SO compatible,46.97
34,PC de escritorio,1,0,0,1,1,0,1,0,0,0,0,0,1,1,0,1,0,0,Falla de software,Formateo y reinstalación,59.96
35,PC de escritorio,0,0,0,0,0,0,0,0,0,0,0,0,1,1,0,1,0,0,Falla de software,Formateo y reinstalación,59.29
36,Laptop,1,0,0,0,0,1,0,0,0,0,0,0,0,0,0,1,0,0,Falla de pantalla,Cambio de pantalla,188.9
37,PC de escritorio,1,0,1,1,0,0,0,0,0,0,0,0,1,1,0,1,0,0,Sobrecalentamiento,Limpieza interna y pasta térmica,47.83
38,Laptop,1,1,0,0,0,1,0,0,0,0,0,0,0,0,0,1,0,0,Falla de pantalla,Cambio de pantalla,194.96
39,PC de escritorio,1,0,0,0,1,1,0,0,0,0,0,0,1,1,0,1,0,0,Falla de software,Formateo y reinstalación,41.37
40,PC de escritorio,1,1,1,0,0,1,0,0,0,0,0,1,0,0,0,0,0,0,Falla de pantalla,Cambio de pantalla,196.09
41,PC de escritorio,1,1,0,0,0,1,0,0,0,0,0,0,0,0,0,1,0,0,Falla de pantalla,Cambio de pantalla,192.18
42,PC de escritorio,1,0,0,0,1,0,0,0,0,0,0,0,0,0,0,1,0,1,SO incompatible,Reinstalación con SO compatible,57.17
43,PC de escritorio,0,0,1,1,1,1,0,0,0,0,0,0,1,0,1,0,1,0,Falla de hardware,Revisión y cambio de componente,589.56
44,Laptop,0,0,1,0,1,0,0,0,0,0,0,0,0,1,1,1,1,0,Falla de hardware,Revisión y cambio de componente,373.19
45,PC de escritorio,1,0,1,1,1,0,0,0,0,0,0,0,1,0,0,0,0,0,Sobrecalentamiento,Limpieza interna y pasta térmica,49.32
46,PC de escritorio,1,0,0,0,1,0,0,0,0,0,0,0,1,1,0,1,0,0,Falla de software,Formateo y reinstalación,57.21
47,PC de escritorio,1,1,0,0,0,1,0,0,0,0,0,0,0,1,0,1,0,0,Falla de pantalla,Cambio de pantalla,190.18
48,Laptop,1,0,0,0,1,0,1,0,0,0,0,0,1,1,0,1,0,0,Falla de software,Formateo y reinstalación,40.21
49,Laptop,1,0,0,0,1,0,1,0,0,0,0,1,1,1,1,1,0,0,Falla de software,Formateo y reinstalación,45.09
50,PC de escritorio,1,0,0,0,1,0,0,0,0,0,0,0,1,1,0,1,0,0,Falla de software,Formateo y reinstalación,43.86
51,Laptop,1,0,1,0,0,1,1,0,0,0,0,1,1,0,1,0,0,0,Falla de hardware,Revisión y cambio de componente,707.62
52,PC de escritorio,1,1,0,0,0,0,1,0,0,0,0,0,0,1,0,0,1,0,Falla de pantalla,Cambio de pantalla,185.87
53,Laptop,1,1,0,0,1,0,0,0,0,0,0,0,1,0,0,1,0,0,Falla de software,Formateo y reinstalación,45.45
54,Laptop,0,1,0,0,0,1,1,0,0,0,0,0,1,1,1,0,1,0,Falla de hardware,Revisión y cambio de componente,625.1
55,PC de escritorio,0,1,0,1,0,0,0,0,0,0,0,1,0,1,1,1,1,0,Falla de hardware,Revisión y cambio de componente,601.83
56,Laptop,1,1,0,0,0,1,0,0,0,0,0,0,0,1,0,0,0,0,Falla de pantalla,Cambio de pantalla,184.28
57,PC de escritorio,1,0,0,0,1,0,0,0,0,0,0,0,0,0,0,1,0,0,Falla de software,Formateo y reinstalación,41.7
58,Laptop,1,0,0,0,1,0,0,0,0,0,0,0,1,1,0,1,0,0,Falla de software,Formateo y reinstalación,41.95
59,Impresora Epson,1,0,1,0,0,0,0,1,1,1,1,0,0,0,0,0,0,0,Falla de impresión,Limpieza de cabezales o rodillos,45.9
60,PC de escritorio,1,0,0,0,0,0,1,0,0,0,0,0,1,0,0,1,1,0,Falla de hardware,Revisión y cambio de componente,451.95
61,Impresora Epson,1,0,0,0,0,0,0,1,1,1,1,0,0,0,0,0,0,0,Falla de impresión,Limpieza de cabezales o rodillos,44.27
62,Impresora Epson,0,0,1,0,0,0,0,1,1,0,0,0,0,0,0,0,0,0,Falla de impresión,Limpieza de cabezales o rodillos,45.08
63,PC de escritorio,1,0,0,0,0,1,0,0,0,0,0,1,0,0,0,0,0,0,Falla de energía,Revisión de fuente o cargador,45.65
64,Impresora Epson,1,0,1,1,1,0,0,1,1,1,1,0,0,0,0,0,0,0,Falla de impresión,Limpieza de cabezales o rodillos,51.26
65,Laptop,1,0,1,0,1,0,0,0,0,0,0,0,0,0,0,1,1,0,Sobrecalentamiento,Limpieza interna y pasta térmica,44.39
66,PC de escritorio,1,0,0,0,1,0,0,0,0,0,0,1,1,0,0,1,0,1,SO incompatible,Reinstalación con SO compatible,42.75
67,Laptop,1,1,1,0,1,0,1,0,0,0,0,1,0,0,1,0,1,0,Falla de hardware,Revisión y cambio de componente,803.97
68,Laptop,1,0,0,0,1,0,1,0,0,0,0,0,1,1,0,1,0,0,Falla de software,Formateo y reinstalación,59.26
69,Impresora Epson,1,0,1,0,0,0,0,1,1,1,0,0,0,1,0,0,0,0,Falla de impresión,Limpieza de cabezales o rodillos,59.25
70,PC de escritorio,1,0,1,1,0,0,0,0,0,0,0,0,0,1,0,0,0,0,Sobrecalentamiento,Limpieza interna y pasta térmica,47.62
71,PC de escritorio,1,0,0,1,0,0,1,0,0,0,0,0,1,0,0,1,0,0,Sobrecalentamiento,Limpieza interna y pasta térmica,41.29
72,Impresora Epson,0,0,1,0,0,0,0,1,1,0,1,0,0,0,0,0,0,0,Falla de impresión,Limpieza de cabezales o rodillos,40.97
73,PC de escritorio,0,1,0,1,0,1,0,0,0,0,0,0,0,0,0,1,0,0,Falla de pantalla,Cambio de pantalla,182.74
74,Laptop,0,0,0,0,0,1,0,0,0,0,0,1,0,0,0,0,0,0,Falla de energía,Revisión de fuente o cargador,47.52
75,Impresora Epson,1,0,1,0,0,0,0,1,1,1,1,0,0,0,0,0,0,0,Falla de impresión,Limpieza de cabezales o rodillos,41.92
76,PC de escritorio,0,0,0,0,0,0,0,0,0,0,0,1,1,0,0,0,0,0,Falla de energía,Revisión de fuente o cargador,44.7
77,Laptop,1,0,0,0,0,0,0,0,0,0,0,0,0,1,0,1,1,0,Falla de hardware,Revisión y cambio de componente,473.14
78,PC de escritorio,0,0,1,1,0,0,0,0,0,0,0,0,1,0,1,0,1,0,Falla de hardware,Revisión y cambio de componente,229.06
79,Laptop,1,0,1,1,0,0,1,0,0,0,0,0,1,0,1,0,1,0,Falla de hardware,Revisión y cambio de componente,440.56
80,PC de escritorio,1,0,0,0,1,0,0,0,0,0,0,0,1,0,0,1,0,0,Falla de software,Formateo y reinstalación,52.28
81,PC de escritorio,0,0,1,0,0,1,0,0,0,0,0,1,0,1,0,0,0,0,Falla de energía,Revisión de fuente o cargador,47.48
82,Laptop,1,0,0,0,1,0,1,0,0,0,0,0,1,1,0,1,0,0,Falla de software,Formateo y reinstalación,53.38
83,PC de escritorio,1,0,1,1,1,0,0,0,0,0,0,0,1,1,0,1,0,0,Sobrecalentamiento,Limpieza interna y pasta térmica,49.98
84,Impresora Epson,1,0,0,0,0,0,0,1,1,1,0,0,0,0,0,0,0,0,Falla de impresión,Limpieza de cabezales o rodillos,38.77
85,Laptop,1,0,0,0,1,0,0,0,0,0,0,0,0,0,0,1,0,1,SO incompatible,Reinstalación con SO compatible,59.65
86,Impresora Epson,1,0,0,0,0,0,0,1,1,0,1,0,0,0,0,0,0,0,Falla de impresión,Limpieza de cabezales o rodillos,42.69
87,Laptop,0,0,0,0,0,1,0,0,0,0,0,1,0,0,0,0,0,0,Falla de energía,Revisión de fuente o cargador,40.23
88,Laptop,1,0,1,1,0,1,1,0,0,0,0,1,0,1,1,1,1,0,Falla de hardware,Revisión y cambio de componente,406.82
89,Laptop,0,0,0,0,0,0,0,0,0,0,0,1,0,0,0,0,0,0,Falla de energía,Revisión de fuente o cargador,51.73
90,PC de escritorio,1,1,0,1,0,1,0,0,0,0,0,0,0,0,0,1,0,0,Falla de pantalla,Cambio de pantalla,191.65
91,PC de escritorio,1,0,0,1,1,0,1,0,0,0,0,1,0,0,1,1,0,0,Falla de hardware,Revisión y cambio de componente,937.66
92,PC de escritorio,0,0,0,0,0,1,0,0,0,0,0,1,0,0,0,0,0,0,Falla de energía,Revisión de fuente o cargador,48.65
93,Laptop,1,0,1,1,0,0,0,0,0,0,0,0,1,1,0,1,0,0,Sobrecalentamiento,Limpieza interna y pasta térmica,48.72
94,Laptop,0,0,0,1,0,0,0,0,0,0,0,1,0,0,0,0,0,0,Falla de energía,Revisión de fuente o cargador,48.67
95,PC de escritorio,1,0,1,1,1,0,0,0,0,0,0,0,0,0,0,1,0,0,Sobrecalentamiento,Limpieza interna y pasta térmica,46.97
96,PC de escritorio,1,0,0,1,1,0,1,0,0,0,0,0,1,0,0,1,0,1,SO incompatible,Reinstalación con SO compatible,56.29
97,Impresora Epson,1,1,1,0,0,0,0,1,0,1,1,0,0,0,0,0,0,0,Falla de impresión,Limpieza de cabezales o rodillos,43.96
98,Impresora Epson,1,0,0,0,0,0,0,1,1,1,1,0,0,0,0,0,0,0,Falla de impresión,Limpieza de cabezales o rodillos,51.87
99,PC de escritorio,0,0,1,1,1,0,0,0,0,0,0,0,1,0,0,0,0,0,Sobrecalentamiento,Limpieza interna y pasta térmica,43.95
100,PC de escritorio,1,1,0,1,1,0,0,0,0,0,0,0,1,1,0,1,0,0,Falla de software,Formateo y reinstalación,45.11
101,Laptop,1,0,0,1,1,0,0,0,0,0,0,0,0,1,0,1,0,1,SO incompatible,Reinstalación con SO compatible,51.41
102,PC de escritorio,1,1,1,0,0,1,0,0,0,0,0,0,0,0,0,0,1,0,Falla de pantalla,Cambio de pantalla,192.87
103,Impresora Epson,0,0,1,0,0,0,0,1,1,1,1,0,0,0,0,0,0,0,Falla de impresión,Limpieza de cabezales o rodillos,54.66
104,Laptop,0,0,0,1,0,1,0,0,0,0,0,1,0,0,0,0,0,0,Falla de energía,Revisión de fuente o cargador,51.7
105,PC de escritorio,1,0,0,1,0,1,0,0,0,0,0,0,0,0,0,0,0,0,Falla de pantalla,Cambio de pantalla,199.81
106,PC de escritorio,0,0,0,0,0,1,0,0,0,0,0,1,0,0,0,0,1,0,Falla de energía,Revisión de fuente o cargador,41.44
107,Impresora Epson,1,0,1,0,0,0,0,1,1,0,1,0,0,1,0,0,0,0,Falla de impresión,Limpieza de cabezales o rodillos,42.62
108,Laptop,0,0,0,0,0,0,0,0,0,0,0,1,0,0,0,0,0,0,Falla de energía,Revisión de fuente o cargador,41.31
109,Laptop,1,1,0,0,0,1,0,0,0,0,0,1,0,0,0,0,0,0,Falla de pantalla,Cambio de pantalla,191.29
110,Impresora Epson,0,0,1,0,0,0,0,1,1,1,0,0,0,1,0,0,0,0,Falla de impresión,Limpieza de cabezales o rodillos,49.64
111,PC de escritorio,1,0,1,1,1,0,0,0,0,0,0,0,0,1,0,1,0,0,Sobrecalentamiento,Limpieza interna y pasta térmica,42.16
112,Impresora Epson,1,0,1,0,0,0,0,1,1,1,1,0,0,0,0,0,0,0,Falla de impresión,Limpieza de cabezales o rodillos,38.67
113,Laptop,0,0,1,1,0,1,1,0,0,0,0,0,0,0,0,0,1,0,Falla de hardware,Revisión y cambio de componente,840.84
114,Laptop,1,1,0,0,0,1,0,0,0,0,0,0,0,0,0,0,0,0,Falla de pantalla,Cambio de pantalla,197.72
115,PC de escritorio,1,1,0,0,0,1,0,0,0,0,0,1,0,0,0,0,1,0,Falla de energía,Revisión de fuente o cargador,42.29
116,Impresora Epson,1,0,0,0,1,0,0,1,1,1,1,0,0,0,0,0,0,0,Falla de impresión,Limpieza de cabezales o rodillos,39.61
117,PC de escritorio,1,0,0,1,0,1,0,0,0,0,0,0,0,0,0,1,0,0,Sobrecalentamiento,Limpieza interna y pasta térmica,46.77
118,PC de escritorio,1,0,1,1,1,0,0,0,0,0,0,0,0,0,0,0,0,0,Sobrecalentamiento,Limpieza interna y pasta térmica,41.79
119,PC de escritorio,1,1,0,0,0,1,0,0,0,0,0,0,0,0,0,0,0,0,Falla de pantalla,Cambio de pantalla,198.66
120,Laptop,0,1,1,1,1,0,0,0,0,0,0,0,1,0,0,1,0,0,Sobrecalentamiento,Limpieza interna y pasta térmica,41.4
121,Impresora Epson,1,0,0,0,0,0,0,1,1,0,1,0,0,0,0,0,0,0,Falla de impresión,Limpieza de cabezales o rodillos,56.81
122,PC de escritorio,1,1,0,1,1,1,0,0,0,0,0,0,0,0,0,1,0,0,Falla de pantalla,Cambio de pantalla,196.43
123,PC de escritorio,1,0,0,0,1,0,0,0,0,0,0,0,1,1,0,1,1,0,Falla de software,Formateo y reinstalación,46.33
124,PC de escritorio,1,0,0,1,1,0,0,0,0,0,0,0,0,0,0,1,0,0,Sobrecalentamiento,Limpieza interna y pasta térmica,47.62
125,Laptop,0,0,0,0,1,0,0,0,0,0,0,1,1,1,1,1,1,0,Falla de hardware,Revisión y cambio de componente,958.08
126,Impresora Epson,1,0,1,0,0,0,0,1,0,1,0,0,0,0,0,0,0,0,Falla de impresión,Limpieza de cabezales o rodillos,49.5
127,PC de escritorio,1,1,0,0,0,1,0,0,0,0,0,0,0,0,0,1,0,0,Falla de pantalla,Cambio de pantalla,193.36
128,PC de escritorio,0,1,0,0,0,1,0,0,0,0,0,0,0,0,0,1,0,0,Falla de pantalla,Cambio de pantalla,191.68
129,Impresora Epson,1,0,1,0,0,0,0,1,1,1,1,0,0,0,0,0,0,0,Falla de impresión,Limpieza de cabezales o rodillos,53.24
130,Laptop,1,1,0,0,0,1,0,0,0,0,0,0,0,0,0,0,0,0,Falla de pantalla,Cambio de pantalla,187.24
131,Laptop,0,1,0,0,0,1,0,0,0,0,0,0,0,1,1,1,0,0,Falla de pantalla,Cambio de pantalla,198.77
132,Laptop,1,1,0,0,1,0,0,0,0,0,0,0,1,0,0,1,0,1,SO incompatible,Reinstalación con SO compatible,40.41
133,Laptop,1,1,0,0,0,1,0,0,0,0,0,0,0,0,0,0,0,0,Falla de pantalla,Cambio de pantalla,199.07
134,Impresora Epson,1,0,0,0,1,0,0,1,0,1,0,0,0,0,0,0,0,0,Falla de impresión,Limpieza de cabezales o rodillos,45.06
135,Laptop,1,0,0,0,1,0,0,0,0,0,0,0,1,1,0,1,0,0,Falla de software,Formateo y reinstalación,42.0
136,PC de escritorio,1,0,0,0,1,0,1,0,0,0,0,0,1,1,0,1,1,0,Falla de software,Formateo y reinstalación,43.3
137,Laptop,1,0,1,1,0,0,0,0,0,0,0,1,0,0,0,0,0,0,Sobrecalentamiento,Limpieza interna y pasta térmica,42.62
138,PC de escritorio,1,0,0,1,1,0,0,0,0,0,0,0,0,1,0,1,0,1,SO incompatible,Reinstalación con SO compatible,46.75
139,PC de escritorio,1,1,0,0,0,1,0,0,0,0,0,0,0,0,0,1,1,0,Falla de pantalla,Cambio de pantalla,194.39
140,PC de escritorio,0,0,1,1,0,1,1,0,0,0,0,0,0,0,1,0,1,0,Falla de hardware,Revisión y cambio de componente,98.06
141,Impresora Epson,1,0,1,0,0,0,0,1,1,1,1,0,0,0,0,0,0,0,Falla de impresión,Limpieza de cabezales o rodillos,46.84
142,Laptop,0,1,0,1,0,1,0,0,0,0,0,1,1,1,1,0,1,0,Falla de hardware,Revisión y cambio de componente,357.1
143,PC de escritorio,1,0,1,1,0,0,0,0,0,0,0,0,1,0,0,1,0,0,Sobrecalentamiento,Limpieza interna y pasta térmica,43.13
144,Laptop,0,0,0,0,0,1,0,0,0,0,0,1,0,0,0,0,0,0,Falla de energía,Revisión de fuente o cargador,53.92
145,Laptop,0,1,0,0,0,1,0,0,0,0,0,1,0,0,0,1,0,0,Falla de pantalla,Cambio de pantalla,194.81
146,PC de escritorio,0,0,1,1,0,0,0,0,0,0,0,0,1,1,1,0,1,0,Falla de hardware,Revisión y cambio de componente,639.5
147,PC de escritorio,1,1,0,0,0,1,0,0,0,0,0,0,0,0,0,0,0,0,Falla de pantalla,Cambio de pantalla,191.77
148,PC de escritorio,1,1,0,0,0,1,0,0,0,0,0,0,0,0,0,0,1,0,Falla de pantalla,Cambio de pantalla,180.87
149,Laptop,1,0,0,0,1,0,0,0,0,0,0,0,1,1,0,1,0,0,Falla de software,Formateo y reinstalación,53.06
150,Laptop,0,0,0,1,0,0,0,0,0,0,0,1,1,0,0,0,0,0,Falla de energía,Revisión de fuente o cargador,49.52
151,Laptop,1,1,1,0,0,1,0,0,0,0,0,0,0,0,0,0,1,0,Falla de pantalla,Cambio de pantalla,180.06
152,Impresora Epson,1,0,0,0,1,0,0,0,1,1,1,0,0,0,0,0,0,0,Falla de impresión,Limpieza de cabezales o rodillos,59.84
153,PC de escritorio,1,0,0,0,1,0,0,0,0,0,0,0,0,1,0,1,0,1,SO incompatible,Reinstalación con SO compatible,51.13
154,Laptop,1,0,1,0,1,0,0,0,0,0,0,0,0,1,0,1,0,0,Falla de software,Formateo y reinstalación,57.15
155,Laptop,0,0,0,0,0,1,0,0,0,0,0,1,0,0,0,1,0,0,Falla de energía,Revisión de fuente o cargador,52.53
156,PC de escritorio,1,0,1,1,1,0,0,0,0,0,0,0,0,0,1,1,0,0,Sobrecalentamiento,Limpieza interna y pasta térmica,41.42
157,Laptop,1,0,1,1,1,0,0,0,0,0,0,0,0,0,0,0,0,0,Sobrecalentamiento,Limpieza interna y pasta térmica,48.37
158,PC de escritorio,1,0,0,0,1,0,1,0,0,0,0,0,1,1,0,1,0,0,Falla de software,Formateo y reinstalación,46.89
159,Laptop,1,0,0,0,1,1,0,0,0,0,0,0,0,0,0,0,0,1,SO incompatible,Reinstalación con SO compatible,49.47
160,Laptop,1,1,0,0,1,1,0,0,0,0,0,0,0,0,1,1,0,0,Falla de pantalla,Cambio de pantalla,185.64
161,PC de escritorio,0,1,1,0,0,0,0,0,0,0,0,1,0,0,1,0,1,0,Falla de hardware,Revisión y cambio de componente,901.45
162,PC de escritorio,1,0,1,1,1,0,1,0,0,0,0,1,0,0,0,1,0,0,Sobrecalentamiento,Limpieza interna y pasta térmica,44.29
163,PC de escritorio,1,1,1,1,0,1,0,0,0,0,0,1,1,0,0,0,0,0,Falla de hardware,Revisión y cambio de componente,367.97
164,PC de escritorio,1,1,0,0,0,1,1,0,0,0,0,1,1,0,1,0,0,0,Falla de hardware,Revisión y cambio de componente,544.18
165,PC de escritorio,1,1,0,0,0,1,0,0,0,0,0,0,0,0,0,1,0,0,Falla de pantalla,Cambio de pantalla,186.04
166,Laptop,1,0,0,0,1,0,0,0,0,0,0,0,1,1,0,0,0,0,Falla de software,Formateo y reinstalación,45.61
167,PC de escritorio,1,0,0,0,1,0,0,0,0,0,0,0,1,1,0,1,0,0,Falla de software,Formateo y reinstalación,40.8
168,Laptop,0,0,0,0,1,0,0,0,0,0,0,1,0,0,0,1,1,0,Falla de hardware,Revisión y cambio de componente,711.04
169,PC de escritorio,1,0,0,0,1,0,0,0,0,0,0,0,1,1,0,1,0,0,Falla de software,Formateo y reinstalación,50.73
170,Impresora Epson,1,0,1,0,0,0,0,1,1,1,1,0,0,0,0,0,0,0,Falla de impresión,Limpieza de cabezales o rodillos,52.66
171,PC de escritorio,1,0,0,0,1,0,0,0,0,0,0,0,1,1,0,1,1,0,Falla de software,Formateo y reinstalación,54.6
172,Laptop,0,0,0,0,0,1,0,0,0,0,0,1,0,0,0,0,0,0,Falla de energía,Revisión de fuente o cargador,44.39
173,PC de escritorio,1,0,1,1,1,0,0,0,0,0,0,0,0,1,0,0,0,0,Falla de software,Formateo y reinstalación,50.29
174,Laptop,1,0,0,0,0,0,0,0,0,0,0,1,0,0,0,0,0,0,Falla de energía,Revisión de fuente o cargador,53.93
175,PC de escritorio,1,0,0,0,1,0,1,0,0,0,0,0,1,1,0,1,0,0,Falla de software,Formateo y reinstalación,49.11
176,PC de escritorio,0,0,1,1,0,0,0,0,0,0,0,0,0,0,0,1,0,0,Sobrecalentamiento,Limpieza interna y pasta térmica,47.72
177,Laptop,1,1,0,0,1,0,0,0,0,0,0,0,0,1,0,1,0,0,Falla de software,Formateo y reinstalación,40.56
178,PC de escritorio,1,0,0,1,1,0,1,0,0,0,0,0,0,1,0,1,0,0,Falla de software,Formateo y reinstalación,54.19
179,Impresora Epson,1,0,0,0,0,0,0,1,1,1,1,0,0,0,0,0,0,0,Falla de impresión,Limpieza de cabezales o rodillos,53.53
180,Laptop,1,1,0,0,1,1,0,0,0,0,0,1,1,0,1,1,0,0,Falla de hardware,Revisión y cambio de componente,329.74
181,Impresora Epson,1,1,1,0,0,0,0,1,0,1,0,0,0,0,0,0,0,0,Falla de impresión,Limpieza de cabezales o rodillos,54.28
182,PC de escritorio,1,0,1,1,0,0,0,0,0,0,0,0,0,0,0,1,0,0,Sobrecalentamiento,Limpieza interna y pasta térmica,41.95
183,Laptop,0,0,0,0,1,1,0,0,0,0,0,0,0,0,0,1,1,0,Falla de pantalla,Cambio de pantalla,194.34
184,PC de escritorio,0,0,0,0,0,1,0,0,0,0,0,1,1,0,0,1,0,0,Falla de energía,Revisión de fuente o cargador,53.92
185,Laptop,1,1,0,1,0,0,0,0,0,0,0,1,0,0,0,1,1,0,Falla de pantalla,Cambio de pantalla,197.12
186,Laptop,0,1,0,0,0,1,0,0,0,0,0,0,0,0,0,1,0,0,Falla de pantalla,Cambio de pantalla,198.14
187,Laptop,1,0,0,1,1,1,0,0,0,0,0,0,1,0,0,1,0,0,Sobrecalentamiento,Limpieza interna y pasta térmica,41.2
188,Laptop,1,0,1,0,1,0,0,0,0,0,0,0,1,1,0,1,0,0,Falla de software,Formateo y reinstalación,50.87
189,Impresora Epson,1,0,1,0,0,0,0,1,1,1,1,0,0,0,0,0,0,0,Falla de impresión,Limpieza de cabezales o rodillos,56.59
190,Laptop,0,0,0,0,0,1,1,0,0,0,0,1,0,1,0,0,1,0,Falla de hardware,Revisión y cambio de componente,712.08
191,PC de escritorio,0,0,0,0,0,0,0,0,0,0,0,1,0,0,0,0,0,0,Falla de energía,Revisión de fuente o cargador,40.62
192,Laptop,1,1,0,0,0,1,0,0,0,0,0,0,0,0,0,1,0,0,Falla de pantalla,Cambio de pantalla,188.57
193,PC de escritorio,1,1,0,1,1,1,0,0,0,0,0,0,0,0,0,0,0,0,Falla de pantalla,Cambio de pantalla,191.78
194,Laptop,1,0,0,1,1,0,0,0,0,0,0,0,0,1,0,0,0,0,Falla de software,Formateo y reinstalación,56.79
195,Impresora Epson,1,0,0,0,0,0,0,1,1,0,0,0,0,1,0,0,0,0,Falla de impresión,Limpieza de cabezales o rodillos,36.04
196,PC de escritorio,0,1,0,0,0,1,0,0,0,0,0,0,0,0,0,1,0,0,Falla de pantalla,Cambio de pantalla,188.47
197,PC de escritorio,1,0,0,0,1,1,0,0,0,0,0,0,1,1,0,1,0,0,Falla de software,Formateo y reinstalación,40.58
198,Laptop,1,1,0,0,1,0,1,0,0,0,0,0,1,1,0,1,1,0,Falla de hardware,Revisión y cambio de componente,94.66
199,Laptop,0,1,0,0,0,1,0,0,0,0,0,0,0,0,0,0,0,0,Falla de pantalla,Cambio de pantalla,180.54
200,Laptop,0,0,0,0,0,0,0,0,0,0,0,0,0,0,0,0,0,0,Falla de energía,Revisión de fuente o cargador,49.83
201,PC de escritorio,1,0,0,1,1,0,0,0,0,0,0,0,1,0,0,1,0,0,Sobrecalentamiento,Limpieza interna y pasta térmica,48.03
202,Laptop,1,1,0,0,1,0,0,0,0,0,0,0,1,0,0,1,0,0,Falla de software,Formateo y reinstalación,54.66
203,Laptop,1,0,0,0,1,0,0,0,0,0,0,0,0,1,0,1,0,0,Falla de software,Formateo y reinstalación,52.13
204,PC de escritorio,1,0,0,1,1,0,0,0,0,0,0,0,1,1,0,1,0,0,Falla de software,Formateo y reinstalación,49.81
205,Impresora Epson,1,1,1,0,0,0,0,1,0,0,0,0,0,0,0,0,0,0,Falla de impresión,Limpieza de cabezales o rodillos,52.61
206,PC de escritorio,1,0,1,0,0,1,1,0,0,0,0,1,0,0,1,1,0,0,Falla de hardware,Revisión y cambio de componente,366.65
207,Laptop,1,0,1,1,1,0,0,0,0,0,0,0,1,0,0,0,0,0,Sobrecalentamiento,Limpieza interna y pasta térmica,47.75
208,Laptop,1,1,0,0,0,1,0,0,0,0,0,0,0,0,0,0,0,0,Falla de pantalla,Cambio de pantalla,190.65
209,Laptop,1,0,1,1,1,0,0,0,0,0,0,0,1,0,0,0,0,0,Sobrecalentamiento,Limpieza interna y pasta térmica,40.11
210,PC de escritorio,1,0,0,0,1,0,0,0,0,0,0,0,1,1,0,1,1,0,Falla de software,Formateo y reinstalación,43.99
211,Laptop,1,0,0,0,1,0,1,0,0,0,0,0,0,1,0,1,0,0,Falla de software,Formateo y reinstalación,57.91
212,PC de escritorio,1,0,0,0,0,0,0,0,0,0,0,0,0,1,0,1,0,1,SO incompatible,Reinstalación con SO compatible,54.52
213,Laptop,1,0,1,1,0,0,0,0,0,0,0,0,0,1,0,1,0,0,Sobrecalentamiento,Limpieza interna y pasta térmica,49.94
214,Laptop,0,1,1,0,1,0,1,0,0,0,0,0,1,0,1,1,0,0,Falla de hardware,Revisión y cambio de componente,704.87
215,Impresora Epson,1,0,1,1,1,0,0,1,0,1,1,0,0,0,0,0,0,0,Falla de impresión,Limpieza de cabezales o rodillos,56.16
216,PC de escritorio,1,0,0,1,1,1,0,0,0,0,0,1,1,0,0,0,1,0,Falla de pantalla,Cambio de pantalla,190.71
217,PC de escritorio,0,0,0,1,0,1,0,0,0,0,0,1,0,0,0,0,0,0,Falla de energía,Revisión de fuente o cargador,47.21
218,Laptop,0,0,0,1,1,1,0,0,0,0,0,0,0,0,1,1,0,0,Sobrecalentamiento,Limpieza interna y pasta térmica,47.06
219,Impresora Epson,1,0,0,0,0,0,0,1,1,0,0,0,0,0,0,0,0,0,Falla de impresión,Limpieza de cabezales o rodillos,54.68
220,Laptop,1,0,1,0,0,1,1,0,0,0,0,1,0,1,1,1,1,0,Falla de hardware,Revisión y cambio de componente,441.52
221,Laptop,1,1,0,0,0,1,0,0,0,0,0,0,0,0,0,0,0,0,Falla de pantalla,Cambio de pantalla,186.02
222,Impresora Epson,1,0,1,0,1,0,0,1,1,0,0,0,0,0,0,0,0,0,Falla de impresión,Limpieza de cabezales o rodillos,42.91
223,Impresora Epson,1,0,0,0,0,0,0,1,1,1,1,0,0,0,0,0,0,0,Falla de impresión,Limpieza de cabezales o rodillos,55.15
224,Laptop,0,0,0,1,0,1,0,0,0,0,0,1,0,0,0,1,0,0,Falla de energía,Revisión de fuente o cargador,43.46
225,PC de escritorio,0,1,0,0,0,1,0,0,0,0,0,0,0,0,0,1,0,0,Falla de pantalla,Cambio de pantalla,186.42
226,PC de escritorio,0,0,1,0,0,0,1,0,0,0,0,1,0,0,0,0,1,0,Falla de hardware,Revisión y cambio de componente,505.49
227,PC de escritorio,0,0,0,1,0,0,0,0,0,0,0,1,0,0,0,0,0,0,Falla de energía,Revisión de fuente o cargador,51.0
228,Laptop,0,1,1,1,1,0,0,0,0,0,0,0,1,1,0,0,0,0,Falla de hardware,Revisión y cambio de componente,111.17
229,PC de escritorio,0,0,0,0,1,1,0,0,0,0,0,0,0,0,1,1,1,0,Falla de hardware,Revisión y cambio de componente,375.21
230,Laptop,1,0,0,1,1,0,0,0,0,0,0,0,0,1,0,1,0,0,Falla de software,Formateo y reinstalación,43.3
231,PC de escritorio,1,0,0,0,1,0,0,0,0,0,0,0,1,1,0,1,0,0,Falla de software,Formateo y reinstalación,51.94
232,Impresora Epson,1,0,1,0,0,0,0,1,1,1,1,0,0,0,0,0,0,0,Falla de impresión,Limpieza de cabezales o rodillos,51.45
233,Laptop,0,1,1,0,1,0,0,0,0,0,0,1,0,0,0,0,0,0,Falla de energía,Revisión de fuente o cargador,52.21
234,Impresora Epson,1,0,1,0,0,0,0,1,1,1,1,0,0,0,0,0,0,0,Falla de impresión,Limpieza de cabezales o rodillos,49.44
235,Laptop,0,0,1,0,0,1,0,0,0,0,0,1,0,0,0,1,1,0,Falla de energía,Revisión de fuente o cargador,54.25
236,PC de escritorio,1,1,0,0,0,1,0,0,0,0,0,0,0,0,0,0,0,0,Falla de pantalla,Cambio de pantalla,186.55
237,Laptop,0,1,0,0,0,0,1,0,0,0,0,0,1,0,0,1,1,0,Falla de hardware,Revisión y cambio de componente,225.2
238,Laptop,0,0,0,0,0,1,0,0,0,0,0,1,1,0,0,0,0,0,Falla de energía,Revisión de fuente o cargador,50.53
239,Laptop,0,1,0,1,0,1,0,0,0,0,0,0,0,0,0,1,1,0,Falla de pantalla,Cambio de pantalla,182.64
240,Laptop,1,1,0,0,0,1,0,0,0,0,0,1,0,0,0,1,0,0,Falla de pantalla,Cambio de pantalla,193.87
241,PC de escritorio,0,0,0,0,0,0,1,0,0,0,0,1,0,0,0,0,0,0,Falla de energía,Revisión de fuente o cargador,45.76
242,Laptop,0,0,0,0,0,1,0,0,0,0,0,0,0,0,0,1,0,0,Falla de pantalla,Cambio de pantalla,198.58
243,Laptop,0,1,0,1,0,1,1,0,0,0,0,0,1,0,0,0,0,0,Falla de hardware,Revisión y cambio de componente,751.62
244,PC de escritorio,0,0,0,0,0,0,0,0,0,0,0,1,0,0,0,0,0,0,Falla de energía,Revisión de fuente o cargador,49.31
245,PC de escritorio,1,1,0,0,0,1,0,0,0,0,0,0,0,0,0,1,0,0,Falla de pantalla,Cambio de pantalla,185.52
246,PC de escritorio,0,1,0,0,1,0,0,0,0,0,0,1,0,0,0,0,0,0,Falla de energía,Revisión de fuente o cargador,45.97
247,Impresora Epson,0,0,1,0,1,0,0,1,0,1,1,0,0,0,0,0,0,0,Falla de impresión,Limpieza de cabezales o rodillos,41.51
248,Impresora Epson,1,0,1,1,0,0,0,1,1,1,1,0,0,1,0,0,0,0,Falla de impresión,Limpieza de cabezales o rodillos,57.83
249,PC de escritorio,1,0,0,0,1,0,0,0,0,0,0,0,1,1,0,1,0,0,Falla de software,Formateo y reinstalación,41.98
250,Laptop,1,0,1,0,0,0,0,0,0,0,0,0,0,1,1,1,0,0,Falla de hardware,Revisión y cambio de componente,231.01
251,PC de escritorio,1,0,0,0,1,0,1,0,0,0,0,0,1,0,0,1,0,0,Falla de software,Formateo y reinstalación,55.31
252,Laptop,1,0,1,1,0,0,1,0,0,0,0,0,1,0,0,1,0,0,Sobrecalentamiento,Limpieza interna y pasta térmica,43.2
253,Impresora Epson,1,0,1,0,0,0,0,1,0,0,1,0,0,0,0,0,0,0,Falla de impresión,Limpieza de cabezales o rodillos,41.82
254,Laptop,1,0,0,0,1,1,0,0,0,0,0,0,1,1,0,1,0,0,Falla de software,Formateo y reinstalación,44.81
255,Impresora Epson,0,0,1,0,0,0,0,1,0,1,0,0,0,0,0,0,0,0,Falla de impresión,Limpieza de cabezales o rodillos,48.36
256,PC de escritorio,1,0,0,0,1,0,1,0,0,0,0,0,0,0,0,1,0,1,SO incompatible,Reinstalación con SO compatible,49.79
257,Laptop,1,0,0,0,1,0,0,0,0,0,0,0,1,1,0,1,0,0,Falla de software,Formateo y reinstalación,47.76
258,Laptop,0,0,0,0,0,1,0,0,0,0,0,1,0,0,0,0,0,0,Falla de energía,Revisión de fuente o cargador,44.32
259,Laptop,1,0,0,0,1,0,1,0,0,0,0,0,1,1,0,1,0,0,Falla de software,Formateo y reinstalación,43.74
260,Laptop,0,1,0,1,1,0,0,0,0,0,0,1,0,0,1,1,1,0,Falla de hardware,Revisión y cambio de componente,606.94
261,Laptop,1,0,0,0,1,0,1,0,0,0,0,0,0,0,0,1,0,0,Falla de software,Formateo y reinstalación,49.8
262,Impresora Epson,0,0,1,0,0,0,0,1,1,1,1,0,0,0,0,0,0,0,Falla de impresión,Limpieza de cabezales o rodillos,38.94
263,PC de escritorio,0,1,1,0,1,1,1,0,0,0,0,1,0,0,0,1,1,0,Falla de hardware,Revisión y cambio de componente,221.82
264,Laptop,1,0,0,0,1,0,0,0,0,0,0,0,0,1,0,1,0,0,Falla de software,Formateo y reinstalación,54.99
265,PC de escritorio,0,1,0,0,1,0,1,0,0,0,0,1,0,0,1,0,0,0,Falla de hardware,Revisión y cambio de componente,370.43
266,Laptop,1,0,0,0,0,0,0,0,0,0,0,0,1,1,0,1,0,1,SO incompatible,Reinstalación con SO compatible,49.54
267,Laptop,0,0,1,0,1,1,1,0,0,0,0,0,1,1,1,0,1,0,Falla de hardware,Revisión y cambio de componente,488.68
268,PC de escritorio,1,0,0,0,0,1,0,0,0,0,0,0,0,0,0,1,1,0,Falla de pantalla,Cambio de pantalla,187.25
269,Laptop,1,0,0,0,0,0,0,0,0,0,0,0,1,1,0,1,0,0,Falla de software,Formateo y reinstalación,52.63
270,Impresora Epson,1,0,0,0,0,0,0,1,1,1,1,0,0,0,0,0,0,0,Falla de impresión,Limpieza de cabezales o rodillos,53.72
271,PC de escritorio,0,1,1,0,0,1,0,0,0,0,0,1,0,0,0,1,0,0,Falla de pantalla,Cambio de pantalla,181.47
272,Impresora Epson,1,0,1,0,0,0,0,1,1,1,1,0,0,1,0,0,0,0,Falla de impresión,Limpieza de cabezales o rodillos,52.9
273,Impresora Epson,1,0,1,0,0,0,0,1,1,0,1,0,0,1,0,0,0,0,Falla de impresión,Limpieza de cabezales o rodillos,41.34
274,PC de escritorio,1,1,0,0,1,1,0,0,0,0,0,0,1,0,0,1,0,0,Falla de pantalla,Cambio de pantalla,185.71
275,Impresora Epson,1,0,1,0,0,0,0,1,1,0,0,0,0,0,0,0,0,0,Falla de impresión,Limpieza de cabezales o rodillos,42.67
276,Laptop,1,0,1,1,1,0,0,0,0,0,0,0,1,0,0,1,0,0,Sobrecalentamiento,Limpieza interna y pasta térmica,44.13
277,Laptop,1,0,1,1,1,1,0,0,0,0,0,0,0,0,0,1,1,0,Sobrecalentamiento,Limpieza interna y pasta térmica,46.27
278,PC de escritorio,0,0,1,1,0,1,1,0,0,0,0,0,0,1,1,1,0,0,Falla de hardware,Revisión y cambio de componente,404.87
279,PC de escritorio,1,0,1,1,1,1,0,0,0,0,0,0,1,0,0,0,0,0,Sobrecalentamiento,Limpieza interna y pasta térmica,47.98
280,Laptop,0,0,0,0,0,1,0,0,0,0,0,1,0,0,0,0,0,0,Falla de energía,Revisión de fuente o cargador,52.21
281,Laptop,1,0,1,0,1,0,0,0,0,0,0,0,0,1,0,0,0,1,SO incompatible,Reinstalación con SO compatible,54.97
282,PC de escritorio,0,0,1,0,0,1,1,0,0,0,0,1,1,1,1,0,1,0,Falla de hardware,Revisión y cambio de componente,254.99
283,Impresora Epson,1,0,1,0,0,0,0,1,1,1,1,0,0,0,0,0,0,0,Falla de impresión,Limpieza de cabezales o rodillos,51.25
284,Laptop,1,1,1,1,0,1,1,0,0,0,0,1,0,1,1,0,0,0,Falla de hardware,Revisión y cambio de componente,535.7
285,Impresora Epson,1,0,0,0,1,0,0,1,1,1,0,0,0,0,0,0,0,0,Falla de impresión,Limpieza de cabezales o rodillos,53.05
286,Impresora Epson,1,0,1,0,0,0,0,1,1,1,1,0,0,0,0,0,0,0,Falla de impresión,Limpieza de cabezales o rodillos,44.95
287,PC de escritorio,1,0,0,0,1,0,0,0,0,0,0,0,0,0,0,1,0,1,SO incompatible,Reinstalación con SO compatible,43.89
288,Laptop,1,0,1,1,1,0,0,0,0,0,0,0,0,0,0,1,0,0,Sobrecalentamiento,Limpieza interna y pasta térmica,49.54
289,Laptop,0,0,1,0,1,0,0,0,0,0,0,1,0,1,1,1,1,0,Falla de hardware,Revisión y cambio de componente,205.49
290,Laptop,1,0,1,1,1,0,0,0,0,0,0,0,1,0,0,1,0,0,Sobrecalentamiento,Limpieza interna y pasta térmica,49.73
291,PC de escritorio,1,0,1,1,1,0,0,0,0,0,0,0,1,0,0,1,0,0,Sobrecalentamiento,Limpieza interna y pasta térmica,42.1
292,Laptop,1,0,0,0,1,1,0,0,0,0,0,0,1,0,1,0,1,0,Falla de hardware,Revisión y cambio de componente,246.2
293,Laptop,0,0,0,0,0,1,0,0,0,0,0,1,0,0,0,0,0,0,Falla de energía,Revisión de fuente o cargador,51.8
294,Laptop,1,1,0,0,1,1,0,0,0,0,0,0,0,1,0,1,0,0,Falla de pantalla,Cambio de pantalla,181.93
295,Laptop,1,0,0,0,1,0,0,0,0,0,0,0,1,1,0,0,0,1,SO incompatible,Reinstalación con SO compatible,46.76
296,Impresora Epson,1,0,0,0,1,0,0,0,1,0,1,0,0,0,0,0,0,0,Falla de impresión,Limpieza de cabezales o rodillos,52.94
297,Laptop,0,0,0,0,0,1,0,0,0,0,0,1,1,0,0,0,0,0,Falla de energía,Revisión de fuente o cargador,54.21
298,PC de escritorio,1,1,0,0,0,0,0,0,0,0,0,0,0,0,0,1,0,0,Falla de pantalla,Cambio de pantalla,188.51
299,Laptop,1,0,0,0,1,0,1,0,0,0,0,0,1,1,0,0,0,0,Falla de software,Formateo y reinstalación,55.38
300,Impresora Epson,1,0,1,0,0,0,0,1,0,1,1,0,0,0,0,0,0,0,Falla de impresión,Limpieza de cabezales o rodillos,58.98
301,PC de escritorio,1,0,0,0,0,1,0,0,0,0,0,0,0,0,0,1,0,0,Falla de pantalla,Cambio de pantalla,185.01
302,Laptop,1,0,0,0,1,0,0,0,0,0,0,0,1,1,0,1,0,0,Falla de software,Formateo y reinstalación,51.64
303,PC de escritorio,0,0,0,0,0,0,1,0,0,0,0,0,0,0,1,0,1,0,Falla de hardware,Revisión y cambio de componente,106.47
304,PC de escritorio,0,0,0,0,0,0,0,0,0,0,0,1,0,0,0,1,0,0,Falla de energía,Revisión de fuente o cargador,43.21
305,PC de escritorio,0,0,0,0,0,1,1,0,0,0,0,0,0,0,0,0,0,0,Falla de energía,Revisión de fuente o cargador,51.93
306,Laptop,0,0,0,0,0,0,1,0,0,0,0,1,0,0,0,1,0,0,Falla de energía,Revisión de fuente o cargador,40.74
307,Impresora Epson,1,0,1,0,1,0,0,1,0,1,0,0,0,1,0,0,0,0,Falla de impresión,Limpieza de cabezales o rodillos,51.3
308,Impresora Epson,1,0,1,0,0,0,0,1,0,1,0,0,0,1,0,0,0,0,Falla de impresión,Limpieza de cabezales o rodillos,47.59
309,PC de escritorio,1,0,0,0,1,1,1,0,0,0,0,0,1,1,0,1,0,0,Falla de software,Formateo y reinstalación,42.61
310,Laptop,1,1,0,0,0,1,0,0,0,0,0,1,0,0,0,0,0,0,Falla de pantalla,Cambio de pantalla,193.61
311,PC de escritorio,1,1,0,0,0,1,0,0,0,0,0,0,0,0,0,1,0,0,Falla de pantalla,Cambio de pantalla,185.84
312,PC de escritorio,0,0,0,0,0,0,0,0,0,0,0,1,1,0,0,0,0,0,Falla de energía,Revisión de fuente o cargador,40.75
313,Impresora Epson,1,0,1,0,0,0,0,1,1,1,1,0,0,1,0,0,0,0,Falla de impresión,Limpieza de cabezales o rodillos,42.0
314,Impresora Epson,1,0,0,0,0,0,0,1,1,1,1,0,0,1,0,0,0,0,Falla de impresión,Limpieza de cabezales o rodillos,43.04
315,Laptop,0,1,0,1,1,1,0,0,0,0,0,0,0,0,0,0,0,0,Falla de pantalla,Cambio de pantalla,190.75
316,PC de escritorio,1,1,1,0,1,0,1,0,0,0,0,1,0,0,1,0,0,0,Falla de hardware,Revisión y cambio de componente,119.85
317,Laptop,0,1,0,0,0,1,0,0,0,0,0,1,0,0,0,1,0,0,Falla de pantalla,Cambio de pantalla,195.63
318,PC de escritorio,1,0,1,1,1,0,0,0,0,0,0,0,1,0,0,1,0,0,Sobrecalentamiento,Limpieza interna y pasta térmica,46.13
319,Laptop,1,0,1,1,1,0,0,0,0,0,0,1,1,0,0,0,0,0,Sobrecalentamiento,Limpieza interna y pasta térmica,40.7
320,Impresora Epson,1,0,0,0,0,0,0,1,1,0,0,0,0,0,0,0,0,0,Falla de impresión,Limpieza de cabezales o rodillos,52.61
321,Laptop,1,0,1,1,1,0,0,0,0,0,0,0,1,1,0,0,0,0,Sobrecalentamiento,Limpieza interna y pasta térmica,48.8
322,PC de escritorio,1,0,0,1,1,0,0,0,0,0,0,0,0,1,0,1,0,1,SO incompatible,Reinstalación con SO compatible,46.75
323,PC de escritorio,1,0,1,0,1,0,0,0,0,0,0,0,1,1,1,1,1,0,Falla de software,Formateo y reinstalación,55.03
324,Laptop,1,0,0,0,1,0,0,0,0,0,0,0,0,1,0,1,0,0,Falla de software,Formateo y reinstalación,55.24
325,Laptop,1,1,0,0,0,1,0,0,0,0,0,0,0,0,1,0,0,0,Falla de pantalla,Cambio de pantalla,193.2
326,PC de escritorio,1,0,0,1,1,0,0,0,0,0,0,0,1,1,0,1,0,0,Falla de software,Formateo y reinstalación,46.09
327,PC de escritorio,0,0,0,0,1,1,0,0,0,0,0,1,0,0,0,0,0,0,Falla de energía,Revisión de fuente o cargador,41.16
328,PC de escritorio,0,0,0,0,0,0,0,0,0,0,0,1,0,0,0,0,0,0,Falla de energía,Revisión de fuente o cargador,54.31
329,PC de escritorio,1,0,0,0,0,1,0,0,0,0,0,0,0,0,0,0,0,0,Falla de pantalla,Cambio de pantalla,188.64
330,PC de escritorio,1,0,0,0,0,1,0,0,0,0,0,1,1,0,0,0,0,0,Falla de energía,Revisión de fuente o cargador,49.19
331,Laptop,1,1,1,0,0,1,0,0,0,0,0,0,1,1,1,0,0,0,Falla de hardware,Revisión y cambio de componente,499.55
332,Laptop,0,0,0,0,0,0,0,0,0,0,0,1,0,0,0,0,0,0,Falla de energía,Revisión de fuente o cargador,50.12
333,Laptop,0,1,1,1,1,1,1,0,0,0,0,1,1,0,1,1,1,0,Falla de hardware,Revisión y cambio de componente,327.77
334,PC de escritorio,1,1,0,0,0,1,0,0,0,0,0,1,0,0,0,1,0,0,Falla de pantalla,Cambio de pantalla,185.13
335,PC de escritorio,1,0,1,1,1,0,0,0,0,0,0,0,1,0,0,0,0,0,Sobrecalentamiento,Limpieza interna y pasta térmica,42.88
336,Laptop,1,0,0,1,1,0,0,0,0,0,0,0,1,1,0,1,0,0,Falla de software,Formateo y reinstalación,49.55
337,Impresora Epson,1,0,1,0,0,0,0,1,1,1,0,0,0,0,0,0,0,0,Falla de impresión,Limpieza de cabezales o rodillos,37.1
338,PC de escritorio,1,0,0,0,1,0,0,0,0,0,0,0,0,0,0,1,0,1,SO incompatible,Reinstalación con SO compatible,54.08
339,PC de escritorio,0,0,0,0,0,0,0,0,0,0,0,0,0,1,0,0,0,0,Falla de energía,Revisión de fuente o cargador,49.82
340,Impresora Epson,1,0,1,0,0,0,0,1,1,0,0,0,0,1,0,0,0,0,Falla de impresión,Limpieza de cabezales o rodillos,49.75
341,Laptop,1,0,0,1,0,0,0,0,0,0,0,0,1,0,0,0,0,0,Sobrecalentamiento,Limpieza interna y pasta térmica,47.17
342,Impresora Epson,1,0,1,0,0,0,0,1,0,1,0,0,0,1,0,0,0,0,Falla de impresión,Limpieza de cabezales o rodillos,38.83
343,Laptop,1,0,1,0,1,1,0,0,0,0,0,1,0,0,0,1,0,0,Falla de pantalla,Cambio de pantalla,198.58
344,PC de escritorio,1,0,1,1,1,0,0,0,0,0,0,0,0,1,0,1,0,0,Falla de software,Formateo y reinstalación,48.42
345,Laptop,1,0,0,1,0,1,0,0,0,0,0,1,0,0,0,1,0,0,Falla de energía,Revisión de fuente o cargador,48.04
346,PC de escritorio,1,0,0,1,1,0,1,0,0,0,0,0,0,1,1,1,1,0,Falla de hardware,Revisión y cambio de componente,915.85
347,Impresora Epson,1,0,0,0,1,0,0,1,0,1,1,0,0,0,0,0,0,0,Falla de impresión,Limpieza de cabezales o rodillos,54.06
348,PC de escritorio,1,0,0,1,1,0,1,0,0,0,0,0,0,0,0,1,0,0,Sobrecalentamiento,Limpieza interna y pasta térmica,49.92
349,Laptop,1,0,0,1,1,1,0,0,0,0,0,0,1,1,0,1,0,0,Falla de software,Formateo y reinstalación,46.79
350,Laptop,1,0,1,0,1,0,0,0,0,0,0,0,0,1,0,0,1,0,Falla de software,Formateo y reinstalación,44.05
351,PC de escritorio,0,0,0,0,0,0,0,0,0,0,0,1,0,0,0,0,0,0,Falla de energía,Revisión de fuente o cargador,43.23
352,Laptop,1,0,1,1,1,0,0,0,0,0,0,0,1,0,1,0,0,0,Sobrecalentamiento,Limpieza interna y pasta térmica,41.68
353,Laptop,0,1,0,0,0,1,0,0,0,0,0,0,0,0,0,1,0,0,Falla de pantalla,Cambio de pantalla,180.02
354,Laptop,1,0,1,1,1,0,0,0,0,0,0,0,1,1,0,1,0,0,Sobrecalentamiento,Limpieza interna y pasta térmica,40.54
355,Laptop,0,0,0,0,0,0,0,0,0,0,0,1,0,0,0,0,0,0,Falla de energía,Revisión de fuente o cargador,43.33
356,PC de escritorio,1,0,0,1,1,0,0,0,0,0,0,1,0,1,0,1,0,1,SO incompatible,Reinstalación con SO compatible,56.36
357,PC de escritorio,0,1,1,0,0,1,0,0,0,0,0,1,0,0,0,1,1,0,Falla de pantalla,Cambio de pantalla,186.09
358,Laptop,1,0,0,1,1,1,0,0,0,0,0,0,0,0,0,1,0,0,Sobrecalentamiento,Limpieza interna y pasta térmica,43.78
359,Laptop,1,0,0,0,1,0,1,0,0,0,0,0,1,1,0,1,0,0,Falla de software,Formateo y reinstalación,51.8
360,Laptop,0,0,0,0,0,0,1,0,0,0,0,0,1,1,0,1,0,0,Falla de software,Formateo y reinstalación,46.33
361,Laptop,1,0,0,0,1,0,0,0,0,0,0,0,0,1,0,1,0,1,SO incompatible,Reinstalación con SO compatible,55.94
362,Impresora Epson,1,0,1,0,0,0,0,1,1,1,1,0,0,0,0,0,0,0,Falla de impresión,Limpieza de cabezales o rodillos,37.35
363,PC de escritorio,1,0,0,0,1,0,1,0,0,0,0,0,1,1,0,0,0,0,Falla de software,Formateo y reinstalación,57.47
364,PC de escritorio,1,0,0,1,1,0,0,0,0,0,0,0,1,1,0,1,1,0,Falla de software,Formateo y reinstalación,50.07
365,Impresora Epson,1,0,0,0,0,0,0,1,1,0,0,0,0,0,0,0,0,0,Falla de impresión,Limpieza de cabezales o rodillos,38.9
366,PC de escritorio,0,1,0,0,0,1,0,0,0,0,0,0,0,0,0,0,0,0,Falla de pantalla,Cambio de pantalla,192.06
367,Laptop,1,0,0,0,1,0,0,0,0,0,0,0,1,0,0,0,0,0,Falla de software,Formateo y reinstalación,48.38
368,Laptop,1,0,0,0,1,0,0,0,0,0,0,0,0,1,0,1,0,1,SO incompatible,Reinstalación con SO compatible,58.39
369,Impresora Epson,1,0,0,0,0,0,0,1,0,1,1,0,0,0,0,0,0,0,Falla de impresión,Limpieza de cabezales o rodillos,41.52
370,Impresora Epson,1,0,1,0,0,0,0,0,1,1,1,0,0,0,0,0,0,0,Falla de impresión,Limpieza de cabezales o rodillos,44.73
371,Impresora Epson,1,0,1,0,0,0,0,1,1,0,1,0,0,0,0,0,0,0,Falla de impresión,Limpieza de cabezales o rodillos,57.92
372,Laptop,0,0,0,1,0,1,0,0,0,0,0,1,0,0,1,1,0,0,Falla de pantalla,Cambio de pantalla,194.43
373,Laptop,1,0,0,0,1,0,0,0,0,0,0,0,1,1,0,1,0,0,Falla de software,Formateo y reinstalación,58.42
374,Laptop,0,1,0,0,1,1,0,0,0,0,0,1,0,0,0,1,0,0,Falla de pantalla,Cambio de pantalla,185.39
375,Laptop,1,0,1,1,0,0,0,0,0,0,0,0,0,1,0,1,0,0,Sobrecalentamiento,Limpieza interna y pasta térmica,46.81
376,PC de escritorio,1,0,0,0,0,1,0,0,0,0,0,1,0,0,0,0,0,0,Falla de energía,Revisión de fuente o cargador,43.06
377,Impresora Epson,1,1,0,0,0,0,0,1,1,1,1,0,0,0,0,0,0,0,Falla de impresión,Limpieza de cabezales o rodillos,40.94
378,Laptop,1,1,0,0,0,1,0,0,0,0,0,0,0,0,0,0,0,0,Falla de pantalla,Cambio de pantalla,199.31
379,PC de escritorio,1,0,0,0,1,0,0,0,0,0,0,0,1,1,0,1,0,0,Falla de software,Formateo y reinstalación,49.23
380,Laptop,0,0,0,0,0,1,0,0,0,0,0,1,0,0,0,0,0,0,Falla de energía,Revisión de fuente o cargador,43.76
381,Laptop,1,1,0,0,0,1,0,0,0,0,0,0,0,0,0,1,0,0,Falla de pantalla,Cambio de pantalla,184.53
382,Impresora Epson,1,0,1,0,0,0,0,1,1,1,0,0,0,0,0,0,0,0,Falla de impresión,Limpieza de cabezales o rodillos,50.92
383,PC de escritorio,1,1,0,0,0,1,0,0,0,0,0,0,0,0,0,0,0,0,Falla de pantalla,Cambio de pantalla,190.89
384,PC de escritorio,0,0,0,0,0,0,0,0,0,0,0,1,0,0,1,0,0,0,Falla de hardware,Revisión y cambio de componente,214.99
385,Impresora Epson,1,0,0,0,0,0,0,1,1,0,0,0,0,0,0,0,0,0,Falla de impresión,Limpieza de cabezales o rodillos,40.62
386,PC de escritorio,1,1,0,0,0,1,1,0,0,0,0,0,0,0,0,1,1,0,Falla de pantalla,Cambio de pantalla,191.28
387,Laptop,1,0,0,0,1,0,0,0,0,0,0,0,0,1,0,1,0,0,Falla de software,Formateo y reinstalación,41.23
388,PC de escritorio,0,1,1,1,1,0,0,0,0,0,0,0,0,1,0,1,0,0,Sobrecalentamiento,Limpieza interna y pasta térmica,43.81
389,Laptop,1,0,1,1,1,0,0,0,0,0,0,1,1,0,0,1,0,0,Sobrecalentamiento,Limpieza interna y pasta térmica,43.51
390,Laptop,1,0,1,1,0,1,0,0,0,0,0,0,1,0,0,1,0,0,Sobrecalentamiento,Limpieza interna y pasta térmica,41.05
391,Impresora Epson,1,0,1,0,1,0,0,1,1,1,0,0,0,0,0,0,0,0,Falla de impresión,Limpieza de cabezales o rodillos,41.47
392,Laptop,1,0,0,1,1,0,0,0,0,0,0,0,1,0,0,0,0,0,Sobrecalentamiento,Limpieza interna y pasta térmica,45.92
393,PC de escritorio,1,0,0,0,1,0,0,0,0,0,0,0,0,1,0,1,0,0,Falla de software,Formateo y reinstalación,55.19
394,Impresora Epson,1,0,1,0,0,0,0,1,1,1,1,0,0,0,0,0,0,0,Falla de impresión,Limpieza de cabezales o rodillos,54.92
395,PC de escritorio,1,0,0,0,1,0,1,0,0,0,0,0,0,1,0,1,0,0,Falla de software,Formateo y reinstalación,57.24
396,Laptop,0,0,0,1,0,0,0,0,0,0,0,1,1,0,1,1,0,0,Falla de hardware,Revisión y cambio de componente,538.52
397,PC de escritorio,1,0,0,0,1,0,0,0,0,0,0,0,0,1,0,1,0,0,Falla de software,Formateo y reinstalación,56.57
398,Laptop,0,0,1,1,0,0,0,0,0,0,0,1,0,0,0,1,0,0,Falla de hardware,Revisión y cambio de componente,339.63
399,Laptop,1,0,0,0,1,1,1,0,0,0,0,0,1,1,0,1,0,0,Falla de software,Formateo y reinstalación,57.17
400,Laptop,1,0,0,0,1,0,0,0,0,0,0,0,1,1,0,1,0,0,Falla de software,Formateo y reinstalación,57.42
401,Laptop,0,0,1,0,1,0,1,0,0,0,0,0,1,1,0,1,1,0,Falla de hardware,Revisión y cambio de componente,533.1
402,PC de escritorio,1,0,0,0,1,0,0,0,0,0,0,0,1,1,1,1,0,0,Falla de software,Formateo y reinstalación,44.51
403,Impresora Epson,1,0,0,0,0,0,0,1,1,1,0,0,0,0,0,0,0,0,Falla de impresión,Limpieza de cabezales o rodillos,52.92
404,Laptop,0,1,0,0,0,1,0,0,0,0,0,0,0,0,0,1,0,0,Falla de pantalla,Cambio de pantalla,192.05
405,Laptop,1,0,0,0,1,0,0,0,0,0,0,1,0,0,1,1,1,0,Falla de hardware,Revisión y cambio de componente,574.16
406,PC de escritorio,1,0,0,1,0,0,0,0,0,0,0,0,0,1,0,1,0,1,SO incompatible,Reinstalación con SO compatible,43.71
407,PC de escritorio,0,0,0,0,0,0,0,0,0,0,0,1,0,0,0,0,0,0,Falla de energía,Revisión de fuente o cargador,51.32
408,Impresora Epson,1,0,1,0,0,0,0,1,1,0,1,0,0,0,0,0,0,0,Falla de impresión,Limpieza de cabezales o rodillos,56.59
409,Impresora Epson,1,0,1,0,0,0,0,1,1,0,1,0,0,0,0,0,0,0,Falla de impresión,Limpieza de cabezales o rodillos,52.92
410,Impresora Epson,1,0,0,0,0,0,0,1,1,1,1,0,0,0,0,0,0,0,Falla de impresión,Limpieza de cabezales o rodillos,45.05
411,PC de escritorio,1,1,1,1,1,0,1,0,0,0,0,1,0,1,1,1,0,0,Falla de hardware,Revisión y cambio de componente,537.89
412,PC de escritorio,0,0,0,0,0,0,1,0,0,0,0,0,0,1,1,1,1,0,Falla de hardware,Revisión y cambio de componente,891.81
413,Laptop,1,0,1,0,1,0,0,0,0,0,0,1,0,0,1,1,1,0,Falla de hardware,Revisión y cambio de componente,335.86
414,PC de escritorio,1,0,0,1,0,0,0,0,0,0,0,0,0,0,0,0,0,0,Sobrecalentamiento,Limpieza interna y pasta térmica,46.96
415,Laptop,0,1,1,0,0,1,0,0,0,0,0,0,0,1,1,0,1,0,Falla de hardware,Revisión y cambio de componente,117.44
416,Laptop,1,0,0,0,1,0,0,0,0,0,0,0,0,0,0,1,0,1,SO incompatible,Reinstalación con SO compatible,54.24
417,Impresora Epson,1,0,1,0,0,0,0,1,1,1,0,0,0,0,0,0,0,0,Falla de impresión,Limpieza de cabezales o rodillos,40.29
418,Laptop,0,0,0,0,0,0,1,0,0,0,0,1,0,0,0,1,0,0,Falla de energía,Revisión de fuente o cargador,41.18
419,Laptop,0,0,1,1,0,1,1,0,0,0,0,0,1,0,1,0,0,0,Falla de hardware,Revisión y cambio de componente,448.95
420,Laptop,0,1,0,0,0,1,0,0,0,0,0,0,0,0,0,1,1,0,Falla de pantalla,Cambio de pantalla,197.2
421,Impresora Epson,0,0,0,0,0,0,0,1,1,1,1,0,0,0,0,0,0,0,Falla de impresión,Limpieza de cabezales o rodillos,53.31
422,PC de escritorio,0,0,0,1,0,0,0,0,0,0,0,1,0,0,0,1,0,0,Falla de energía,Revisión de fuente o cargador,45.86
423,PC de escritorio,1,0,0,0,1,0,1,0,0,0,0,0,1,1,0,1,1,0,Falla de software,Formateo y reinstalación,43.14
424,PC de escritorio,1,1,1,1,1,0,0,0,0,0,0,0,0,0,0,0,1,0,Sobrecalentamiento,Limpieza interna y pasta térmica,43.01
425,PC de escritorio,0,0,0,0,0,1,0,0,0,0,0,1,0,0,0,0,0,0,Falla de energía,Revisión de fuente o cargador,49.68
426,PC de escritorio,1,0,0,0,0,1,0,0,0,0,0,1,0,0,0,0,0,0,Falla de pantalla,Cambio de pantalla,197.99
427,Laptop,0,1,0,0,0,1,0,0,0,0,0,0,1,1,1,0,0,0,Falla de hardware,Revisión y cambio de componente,828.08
428,Impresora Epson,1,0,0,1,0,0,0,1,0,1,1,0,0,0,0,0,0,0,Falla de impresión,Limpieza de cabezales o rodillos,50.52
429,PC de escritorio,1,0,0,0,1,0,0,0,0,0,0,0,0,0,0,1,0,1,SO incompatible,Reinstalación con SO compatible,48.46
430,PC de escritorio,1,0,0,0,1,0,0,0,0,0,0,0,0,0,0,1,0,1,SO incompatible,Reinstalación con SO compatible,43.1
431,PC de escritorio,1,0,0,0,1,0,0,0,0,0,0,0,1,1,0,1,0,0,Falla de software,Formateo y reinstalación,58.61
432,Laptop,0,0,0,0,0,0,0,0,0,0,0,1,0,0,0,0,0,0,Falla de energía,Revisión de fuente o cargador,46.15
433,Laptop,1,0,0,1,1,0,0,0,0,0,0,0,1,1,0,1,0,0,Falla de software,Formateo y reinstalación,54.61
434,PC de escritorio,1,0,0,0,1,0,1,0,0,0,0,0,1,1,0,1,0,0,Falla de software,Formateo y reinstalación,42.37
435,Laptop,0,0,1,0,0,1,1,0,0,0,0,1,1,1,1,0,1,0,Falla de hardware,Revisión y cambio de componente,937.18
436,Laptop,1,0,1,1,1,0,0,0,0,0,0,1,0,0,1,0,1,0,Falla de hardware,Revisión y cambio de componente,853.48
437,PC de escritorio,1,0,0,0,1,0,1,0,0,0,0,0,1,1,0,1,1,0,Falla de software,Formateo y reinstalación,47.58
438,PC de escritorio,1,0,1,0,1,0,0,0,0,0,0,0,1,1,0,1,0,0,Falla de software,Formateo y reinstalación,52.36
439,Laptop,1,0,0,0,1,0,0,0,0,0,0,0,1,1,0,0,0,0,Falla de software,Formateo y reinstalación,43.33
440,PC de escritorio,0,1,1,0,0,0,1,0,0,0,0,0,0,0,1,0,1,0,Falla de hardware,Revisión y cambio de componente,527.33
441,Impresora Epson,1,0,0,0,0,0,0,1,1,1,1,0,0,0,0,0,0,0,Falla de impresión,Limpieza de cabezales o rodillos,43.8
442,Laptop,1,0,0,0,1,0,0,0,0,0,0,0,1,1,0,1,0,0,Falla de software,Formateo y reinstalación,48.18
443,Laptop,1,1,1,1,0,0,0,0,0,0,0,0,0,0,1,1,1,0,Falla de hardware,Revisión y cambio de componente,403.4
444,PC de escritorio,0,0,0,0,0,1,1,0,0,0,0,1,1,0,1,0,0,0,Falla de energía,Revisión de fuente o cargador,42.16
445,PC de escritorio,0,0,1,0,0,0,0,0,0,0,0,1,0,0,0,0,0,0,Falla de energía,Revisión de fuente o cargador,40.32
446,Impresora Epson,1,0,1,0,0,0,0,1,1,1,1,0,0,0,0,0,0,0,Falla de impresión,Limpieza de cabezales o rodillos,38.63
447,Laptop,1,0,0,0,1,0,0,0,0,0,0,0,1,1,0,0,0,1,SO incompatible,Reinstalación con SO compatible,58.39
448,PC de escritorio,1,1,0,0,0,1,0,0,0,0,0,0,0,0,0,1,0,0,Falla de pantalla,Cambio de pantalla,195.25
449,Laptop,0,0,1,0,0,1,0,0,0,0,0,1,0,0,0,1,0,0,Falla de energía,Revisión de fuente o cargador,45.76
450,Laptop,1,1,0,0,1,0,0,0,0,0,0,1,0,0,0,1,0,0,Falla de pantalla,Cambio de pantalla,181.97
451,Laptop,1,0,0,0,0,1,0,0,0,0,0,1,0,1,1,0,1,0,Falla de hardware,Revisión y cambio de componente,607.03
452,Impresora Epson,0,0,0,0,0,0,0,1,0,1,1,0,0,0,0,0,0,0,Falla de impresión,Limpieza de cabezales o rodillos,57.0
453,PC de escritorio,1,0,1,1,1,0,0,0,0,0,0,0,0,0,0,0,0,0,Sobrecalentamiento,Limpieza interna y pasta térmica,42.64
454,Laptop,1,0,0,0,1,0,0,0,0,0,0,0,1,0,0,1,0,1,SO incompatible,Reinstalación con SO compatible,57.53
455,Impresora Epson,1,0,0,0,0,0,0,1,0,0,1,0,0,0,0,0,0,0,Falla de impresión,Limpieza de cabezales o rodillos,51.39
456,Laptop,0,0,1,0,0,0,1,0,0,0,0,1,0,1,1,0,1,0,Falla de hardware,Revisión y cambio de componente,848.52
457,Laptop,1,0,1,1,0,1,0,0,0,0,0,0,1,0,0,1,0,0,Sobrecalentamiento,Limpieza interna y pasta térmica,40.67
458,PC de escritorio,1,0,1,1,1,0,0,0,0,0,0,0,0,0,0,1,0,0,Sobrecalentamiento,Limpieza interna y pasta térmica,47.29
459,PC de escritorio,1,0,1,1,1,0,0,0,0,0,0,1,0,0,1,1,0,0,Sobrecalentamiento,Limpieza interna y pasta térmica,48.46
460,Laptop,0,1,0,0,0,1,0,0,0,0,0,0,0,1,0,0,0,0,Falla de pantalla,Cambio de pantalla,186.17
461,Laptop,1,0,0,1,1,1,1,0,0,0,0,0,1,1,0,1,0,0,Falla de software,Formateo y reinstalación,45.3
462,Laptop,0,1,0,0,1,0,0,0,0,0,0,0,1,0,1,0,1,0,Falla de hardware,Revisión y cambio de componente,881.6
463,PC de escritorio,1,0,1,1,1,0,0,0,0,0,0,0,0,1,0,1,0,0,Sobrecalentamiento,Limpieza interna y pasta térmica,44.51
464,Impresora Epson,1,0,0,0,0,0,0,1,1,1,1,0,0,0,0,0,0,0,Falla de impresión,Limpieza de cabezales o rodillos,57.74
465,Impresora Epson,1,0,1,0,0,0,0,1,1,0,0,0,0,0,0,0,0,0,Falla de impresión,Limpieza de cabezales o rodillos,39.31
466,PC de escritorio,0,1,1,1,0,1,1,0,0,0,0,1,0,0,1,1,1,0,Falla de hardware,Revisión y cambio de componente,269.44
467,Laptop,1,0,1,1,1,0,0,0,0,0,0,0,0,1,0,1,0,0,Sobrecalentamiento,Limpieza interna y pasta térmica,40.49
468,Laptop,0,0,0,1,0,0,0,0,0,0,0,1,0,0,0,0,0,0,Falla de energía,Revisión de fuente o cargador,40.31
469,Impresora Epson,0,0,0,0,0,0,0,0,1,1,0,0,0,0,0,0,0,0,Falla de impresión,Limpieza de cabezales o rodillos,55.94
470,Laptop,1,0,0,1,1,0,0,0,0,0,0,0,1,1,0,1,0,0,Falla de software,Formateo y reinstalación,59.89
471,Laptop,1,0,0,1,1,0,0,0,0,0,0,0,1,1,0,1,0,0,Falla de software,Formateo y reinstalación,54.07
472,Impresora Epson,1,0,1,0,1,0,0,1,1,0,0,0,0,0,0,0,0,0,Falla de impresión,Limpieza de cabezales o rodillos,57.83
473,Laptop,0,0,1,1,0,0,0,0,0,0,0,0,1,0,0,0,0,0,Sobrecalentamiento,Limpieza interna y pasta térmica,41.74
474,Laptop,0,1,0,0,1,1,0,0,0,0,0,1,0,0,0,0,0,0,Falla de pantalla,Cambio de pantalla,184.45
475,PC de escritorio,1,0,1,1,1,1,1,0,0,0,0,1,1,1,0,1,0,0,Falla de hardware,Revisión y cambio de componente,694.17
476,Impresora Epson,1,0,1,0,0,0,0,1,1,0,0,0,0,0,0,0,0,0,Falla de impresión,Limpieza de cabezales o rodillos,54.72
477,Laptop,1,0,0,1,1,0,0,0,0,0,0,0,0,0,0,1,0,0,Sobrecalentamiento,Limpieza interna y pasta térmica,40.85
478,Impresora Epson,1,1,1,0,0,0,0,0,1,1,1,0,0,0,0,0,0,0,Falla de impresión,Limpieza de cabezales o rodillos,37.08
479,Laptop,0,1,0,0,0,0,0,0,0,0,0,1,0,0,1,1,0,0,Falla de hardware,Revisión y cambio de componente,571.86
480,Impresora Epson,1,0,1,0,0,0,0,1,1,1,0,0,0,0,0,0,0,0,Falla de impresión,Limpieza de cabezales o rodillos,43.53
481,PC de escritorio,0,0,0,0,0,1,0,0,0,0,0,1,0,0,0,1,0,0,Falla de energía,Revisión de fuente o cargador,42.12
482,PC de escritorio,1,1,0,0,0,1,0,0,0,0,0,0,0,0,0,0,0,0,Falla de pantalla,Cambio de pantalla,181.12
483,Laptop,1,1,1,1,1,0,0,0,0,0,0,1,1,0,1,1,1,0,Falla de hardware,Revisión y cambio de componente,819.26
484,Laptop,0,0,1,0,1,0,0,0,0,0,0,0,1,0,1,0,1,0,Falla de hardware,Revisión y cambio de componente,631.84
485,Laptop,0,0,0,1,0,1,0,0,0,0,0,1,1,0,0,0,0,0,Falla de energía,Revisión de fuente o cargador,44.25
486,PC de escritorio,0,1,1,0,0,1,0,0,0,0,0,1,0,0,1,0,1,0,Falla de hardware,Revisión y cambio de componente,787.04
487,Laptop,0,0,1,0,0,1,0,0,0,0,0,0,0,0,0,0,0,0,Falla de pantalla,Cambio de pantalla,189.95
488,Impresora Epson,1,0,0,0,0,0,0,1,1,0,1,0,0,0,0,0,0,0,Falla de impresión,Limpieza de cabezales o rodillos,41.89
489,PC de escritorio,0,1,0,0,0,1,0,0,0,0,0,0,0,0,0,1,0,0,Falla de pantalla,Cambio de pantalla,198.67
490,Laptop,1,0,0,0,1,0,0,0,0,0,0,0,1,1,0,1,0,0,Falla de software,Formateo y reinstalación,40.75
491,PC de escritorio,1,0,0,0,1,0,1,0,0,0,0,0,0,1,0,1,0,0,Falla de software,Formateo y reinstalación,51.45
492,PC de escritorio,1,1,1,1,0,1,1,0,0,0,0,0,1,0,0,0,1,0,Falla de hardware,Revisión y cambio de componente,637.35
493,PC de escritorio,1,0,1,0,0,0,1,0,0,0,0,0,1,0,1,1,0,0,Falla de hardware,Revisión y cambio de componente,996.17
494,Impresora Epson,1,0,1,0,1,0,0,1,0,1,0,0,0,0,0,0,0,0,Falla de impresión,Limpieza de cabezales o rodillos,56.91
495,PC de escritorio,1,0,1,1,1,0,0,0,0,0,0,0,0,0,0,1,0,0,Sobrecalentamiento,Limpieza interna y pasta térmica,40.87
496,Impresora Epson,1,0,1,0,0,0,0,1,0,1,1,0,0,0,0,0,0,0,Falla de impresión,Limpieza de cabezales o rodillos,41.84
497,Laptop,1,0,0,1,1,0,0,0,0,0,0,0,1,0,0,1,0,0,Sobrecalentamiento,Limpieza interna y pasta térmica,42.93
498,PC de escritorio,1,0,1,0,1,0,1,0,0,0,0,0,0,1,0,0,0,0,Falla de hardware,Revisión y cambio de componente,169.56
499,PC de escritorio,1,0,1,0,1,0,1,0,0,0,0,0,1,1,0,0,0,0,Falla de software,Formateo y reinstalación,49.4
500,PC de escritorio,0,0,0,0,0,1,0,0,0,0,0,1,0,1,0,0,0,0,Falla de energía,Revisión de fuente o cargador,41.64
591,Laptop,0,1,1,0,0,0,0,0,0,0,0,0,0,0,0,0,0,0,Falla de hardware,Revision y cambio de componente,612.5
592,Laptop,0,0,0,0,0,0,0,0,0,0,0,1,1,0,0,0,1,0,Falla de hardware,Revision y cambio de componente,809.95
593,PC de escritorio,0,1,0,0,0,0,0,0,0,0,0,0,0,0,0,0,0,0,Falla de hardware,Revision y cambio de componente,403.31
594,PC de escritorio,0,0,1,0,0,0,0,0,0,0,0,0,0,0,0,0,1,0,Falla de hardware,Revision y cambio de componente,899.35
595,Laptop,0,1,1,0,1,0,0,0,0,0,0,0,0,0,1,0,0,0,Falla de hardware,Revision y cambio de componente,886.78
596,PC de escritorio,0,1,1,0,0,0,0,0,0,0,0,0,0,0,0,0,0,0,Falla de hardware,Revision y cambio de componente,499.02
597,PC de escritorio,0,1,0,0,0,0,0,0,0,0,0,0,0,0,1,0,0,0,Falla de hardware,Revision y cambio de componente,445.21
598,PC de escritorio,0,0,0,1,0,0,1,0,1,0,0,1,0,0,1,0,0,0,Falla de hardware,Revision y cambio de componente,884.87
599,Laptop,0,0,0,0,1,0,0,0,0,0,0,0,0,0,1,0,0,0,Falla de hardware,Revision y cambio de componente,291.52
600,PC de escritorio,0,0,0,0,0,0,0,0,0,0,0,0,0,0,1,0,0,0,Falla de hardware,Revision y cambio de componente,618.28
691,PC de escritorio,1,0,0,0,0,1,0,0,0,0,0,0,0,0,0,1,0,0,Falla de pantalla,Cambio de pantalla,183.08
692,Laptop,1,0,0,0,0,1,0,0,0,0,0,0,1,0,0,0,1,0,Falla de pantalla,Cambio de pantalla,185.97
693,PC de escritorio,1,0,0,0,1,1,0,0,0,0,0,0,0,0,0,0,1,0,Falla de pantalla,Cambio de pantalla,191.55
694,PC de escritorio,1,0,0,0,0,1,0,0,0,0,0,0,0,0,0,0,1,0,Falla de pantalla,Cambio de pantalla,180.22
695,PC de escritorio,0,1,0,0,0,1,1,0,0,0,0,0,0,0,0,0,0,0,Falla de pantalla,Cambio de pantalla,186.02
696,Laptop,0,0,0,1,0,1,1,0,0,0,0,0,0,0,0,0,0,0,Falla de pantalla,Cambio de pantalla,180.94
697,PC de escritorio,1,0,1,0,0,1,0,0,0,0,0,0,0,0,0,0,0,0,Falla de pantalla,Cambio de pantalla,198.44
698,Laptop,1,1,0,0,0,1,0,0,1,0,0,1,0,0,0,0,0,0,Falla de pantalla,Cambio de pantalla,189.94
699,PC de escritorio,1,1,0,0,0,1,0,0,0,0,0,0,0,0,0,0,0,0,Falla de pantalla,Cambio de pantalla,195.07
700,PC de escritorio,1,0,0,0,0,1,1,0,0,0,0,0,0,0,0,0,0,0,Falla de pantalla,Cambio de pantalla,190.58
701,Laptop,0,0,0,1,0,0,0,0,0,1,0,0,0,0,0,0,1,1,SO incompatible,Reinstalacion con SO compatible,53.25
702,PC de escritorio,1,0,0,0,0,0,0,0,0,0,1,0,0,1,0,0,0,0,SO incompatible,Reinstalacion con SO compatible,46.49
703,PC de escritorio,1,0,0,0,1,0,0,0,0,0,0,0,0,0,0,0,0,1,SO incompatible,Reinstalacion con SO compatible,55.8
704,PC de escritorio,1,0,0,0,1,0,0,0,0,0,0,0,0,1,0,0,0,1,SO incompatible,Reinstalacion con SO compatible,46.3
705,PC de escritorio,1,0,0,1,0,0,0,0,0,0,0,0,0,1,0,0,0,1,SO incompatible,Reinstalacion con SO compatible,42.81
706,PC de escritorio,1,0,0,0,0,0,0,0,0,0,0,0,0,1,0,1,0,1,SO incompatible,Reinstalacion con SO compatible,50.61
707,Laptop,1,0,1,0,1,0,0,0,0,0,0,0,0,0,0,1,1,1,SO incompatible,Reinstalacion con SO compatible,51.21
708,Laptop,1,0,0,0,0,0,0,0,0,0,0,0,0,1,0,0,0,1,SO incompatible,Reinstalacion con SO compatible,53.6
709,Laptop,1,0,0,0,0,0,0,0,0,0,0,0,0,1,0,0,0,1,SO incompatible,Reinstalacion con SO compatible,53.25
710,PC de escritorio,1,0,0,0,1,0,0,0,1,0,1,0,0,1,1,0,0,1,SO incompatible,Reinstalacion con SO compatible,52.98
711,PC de escritorio,1,1,0,0,0,0,0,1,0,0,0,0,0,0,0,0,0,1,SO incompatible,Reinstalacion con SO compatible,52.73
712,Laptop,1,0,0,0,1,0,0,0,0,0,0,0,0,1,0,1,0,1,SO incompatible,Reinstalacion con SO compatible,54.69
713,Laptop,1,0,0,0,0,0,1,0,0,0,0,0,0,0,0,0,0,0,SO incompatible,Reinstalacion con SO compatible,53.53
714,Laptop,1,0,0,1,0,0,0,0,0,0,0,0,0,0,0,0,0,0,SO incompatible,Reinstalacion con SO compatible,53.84
715,Laptop,1,0,0,0,0,0,0,0,0,0,0,0,0,0,0,0,0,1,SO incompatible,Reinstalacion con SO compatible,55.04
716,PC de escritorio,1,0,0,0,1,0,1,0,0,0,0,0,0,0,0,1,0,0,SO incompatible,Reinstalacion con SO compatible,57.69
717,PC de escritorio,1,0,0,0,1,0,0,0,0,0,0,1,0,0,0,0,1,0,SO incompatible,Reinstalacion con SO compatible,52.15
718,Laptop,0,0,0,0,0,0,0,0,0,0,0,0,0,1,0,0,0,0,SO incompatible,Reinstalacion con SO compatible,44.58
719,Laptop,1,0,0,0,0,0,0,0,0,0,0,0,0,0,0,0,0,0,SO incompatible,Reinstalacion con SO compatible,44.19
720,Laptop,1,0,0,0,0,0,0,0,0,0,0,0,0,0,0,0,1,0,SO incompatible,Reinstalacion con SO compatible,53.76
721,PC de escritorio,1,0,0,0,1,0,0,0,0,0,0,0,0,0,0,0,0,1,SO incompatible,Reinstalacion con SO compatible,45.4
722,Laptop,0,0,0,0,1,0,0,0,0,0,0,0,0,0,0,0,0,1,SO incompatible,Reinstalacion con SO compatible,45.62
723,PC de escritorio,1,0,0,0,1,0,0,0,0,0,0,0,0,1,0,0,0,1,SO incompatible,Reinstalacion con SO compatible,46.64
724,PC de escritorio,1,1,0,0,0,0,0,0,0,0,0,0,0,1,0,0,0,1,SO incompatible,Reinstalacion con SO compatible,53.96
725,PC de escritorio,1,0,0,1,1,0,0,0,0,0,0,0,0,1,0,0,0,1,SO incompatible,Reinstalacion con SO compatible,50.56
726,Laptop,1,0,0,0,1,0,1,0,0,1,0,0,1,0,0,0,0,1,SO incompatible,Reinstalacion con SO compatible,45.01
727,Laptop,1,0,0,0,1,0,0,0,0,0,0,0,0,1,0,0,0,1,SO incompatible,Reinstalacion con SO compatible,50.2
728,Laptop,1,0,0,0,0,0,0,0,0,1,0,0,0,0,0,0,0,0,SO incompatible,Reinstalacion con SO compatible,55.32
729,PC de escritorio,1,0,0,0,1,0,0,0,0,0,0,0,0,1,0,0,0,1,SO incompatible,Reinstalacion con SO compatible,57.25
730,PC de escritorio,1,0,0,0,0,0,0,0,0,0,0,0,0,0,0,1,0,1,SO incompatible,Reinstalacion con SO compatible,53.68
731,PC de escritorio,0,0,0,0,0,0,0,0,0,0,0,0,0,0,0,0,1,0,SO incompatible,Reinstalacion con SO compatible,41.37
732,PC de escritorio,1,0,0,0,0,0,0,0,0,0,0,0,1,1,0,0,1,1,SO incompatible,Reinstalacion con SO compatible,42.32
733,Laptop,1,0,0,0,0,0,0,0,0,0,0,0,1,0,0,1,0,1,SO incompatible,Reinstalacion con SO compatible,53.12
734,Laptop,1,0,1,0,0,0,0,0,0,0,0,0,0,0,1,0,0,1,SO incompatible,Reinstalacion con SO compatible,43.09
735,Laptop,1,0,0,0,0,0,0,0,0,0,1,0,0,1,0,0,0,1,SO incompatible,Reinstalacion con SO compatible,49.43
736,PC de escritorio,1,0,0,0,1,0,0,0,0,0,0,0,0,0,0,0,0,1,SO incompatible,Reinstalacion con SO compatible,40.38
737,Laptop,1,0,0,0,0,0,0,0,0,1,0,0,0,0,0,0,0,1,SO incompatible,Reinstalacion con SO compatible,53.91
738,PC de escritorio,1,0,0,0,1,0,0,0,0,0,0,0,0,0,0,1,1,0,SO incompatible,Reinstalacion con SO compatible,47.51
739,Laptop,1,0,0,0,1,0,0,0,0,0,0,0,0,1,0,1,0,0,SO incompatible,Reinstalacion con SO compatible,54.27
740,PC de escritorio,1,0,0,0,1,0,0,0,0,0,0,0,0,1,0,1,0,0,SO incompatible,Reinstalacion con SO compatible,59.05
741,Laptop,1,0,0,0,1,0,0,0,0,0,0,0,0,1,0,1,0,1,SO incompatible,Reinstalacion con SO compatible,53.16
742,Laptop,0,0,0,0,1,0,0,0,1,0,0,0,0,1,0,0,0,0,SO incompatible,Reinstalacion con SO compatible,42.71
743,PC de escritorio,0,0,0,0,0,1,0,0,0,0,0,0,0,0,0,0,0,1,SO incompatible,Reinstalacion con SO compatible,46.1
744,Laptop,1,0,0,0,1,0,0,0,0,0,0,0,0,1,0,0,0,0,SO incompatible,Reinstalacion con SO compatible,53.91
745,PC de escritorio,1,0,0,0,1,0,0,0,0,0,0,0,0,1,0,1,0,1,SO incompatible,Reinstalacion con SO compatible,47.03
746,PC de escritorio,1,0,0,0,0,0,1,0,0,0,0,0,0,0,0,0,0,1,SO incompatible,Reinstalacion con SO compatible,54.29
747,PC de escritorio,0,0,0,0,0,0,0,0,0,0,0,0,0,0,0,0,0,1,SO incompatible,Reinstalacion con SO compatible,58.81
748,PC de escritorio,1,0,0,0,1,0,0,0,0,0,0,0,0,0,0,0,0,0,SO incompatible,Reinstalacion con SO compatible,53.05
749,Laptop,1,0,0,0,0,1,0,0,0,0,0,0,0,0,0,0,0,1,SO incompatible,Reinstalacion con SO compatible,55.48
750,PC de escritorio,1,0,0,0,1,0,0,0,0,0,0,0,0,0,0,1,0,1,SO incompatible,Reinstalacion con SO compatible,46.59
751,PC de escritorio,1,0,0,0,1,0,0,0,0,0,0,0,0,0,0,0,0,1,SO incompatible,Reinstalacion con SO compatible,40.53
752,Laptop,1,0,0,0,1,0,0,0,0,0,0,0,0,0,0,0,0,1,SO incompatible,Reinstalacion con SO compatible,49.72
753,PC de escritorio,1,0,0,0,0,0,0,0,0,0,0,0,0,0,0,1,0,1,SO incompatible,Reinstalacion con SO compatible,54.26
754,PC de escritorio,1,0,1,0,1,0,0,0,0,0,0,0,0,0,0,0,0,0,SO incompatible,Reinstalacion con SO compatible,57.09
755,Laptop,1,0,0,1,0,1,0,0,0,0,0,0,0,1,0,0,0,0,SO incompatible,Reinstalacion con SO compatible,47.99
756,Laptop,0,0,0,0,0,0,0,0,0,0,0,0,0,0,0,0,0,1,SO incompatible,Reinstalacion con SO compatible,53.4
757,PC de escritorio,0,0,0,0,0,0,0,0,0,0,0,0,0,1,0,1,0,0,SO incompatible,Reinstalacion con SO compatible,49.41
758,Laptop,1,0,1,0,0,0,0,0,0,0,0,0,0,0,0,0,0,1,SO incompatible,Reinstalacion con SO compatible,58.51
759,Laptop,1,0,0,0,0,0,0,0,0,0,0,0,0,0,0,0,0,1,SO incompatible,Reinstalacion con SO compatible,58.82
760,Laptop,1,0,0,0,0,0,0,0,0,0,0,0,0,1,0,0,0,1,SO incompatible,Reinstalacion con SO compatible,59.27
761,Laptop,0,0,1,1,0,0,0,0,0,0,0,0,1,0,0,0,0,0,Sobrecalentamiento,Limpieza interna y pasta termica,43.55
762,PC de escritorio,1,0,1,1,0,0,0,0,0,0,0,0,0,0,0,0,1,0,Sobrecalentamiento,Limpieza interna y pasta termica,42.64
763,PC de escritorio,0,0,1,0,1,0,0,0,0,0,1,0,1,0,1,0,0,0,Sobrecalentamiento,Limpieza interna y pasta termica,46.74
764,PC de escritorio,1,1,0,1,1,1,1,0,0,0,0,0,1,0,0,0,0,0,Sobrecalentamiento,Limpieza interna y pasta termica,44.85
765,PC de escritorio,0,0,0,1,0,0,0,0,0,0,0,0,0,0,0,0,0,0,Sobrecalentamiento,Limpieza interna y pasta termica,40.34
766,PC de escritorio,1,0,0,1,1,0,0,0,0,0,0,0,0,0,0,0,0,0,Sobrecalentamiento,Limpieza interna y pasta termica,48.36
767,Laptop,1,0,0,1,1,0,0,0,0,0,0,1,1,0,1,0,0,0,Sobrecalentamiento,Limpieza interna y pasta termica,45.28
768,PC de escritorio,1,0,0,1,1,0,0,0,0,0,0,0,1,0,0,0,0,0,Sobrecalentamiento,Limpieza interna y pasta termica,42.9
769,PC de escritorio,1,0,0,1,1,0,0,1,0,0,0,1,0,0,0,0,0,0,Sobrecalentamiento,Limpieza interna y pasta termica,42.63
770,PC de escritorio,1,0,0,1,1,0,0,0,0,0,0,0,0,0,0,0,0,0,Sobrecalentamiento,Limpieza interna y pasta termica,42.1
771,Laptop,1,0,0,1,0,0,0,0,0,0,0,0,0,1,0,0,0,0,Sobrecalentamiento,Limpieza interna y pasta termica,43.04
772,PC de escritorio,0,0,0,0,1,0,0,0,0,0,0,0,0,0,0,0,0,0,Sobrecalentamiento,Limpieza interna y pasta termica,44.95
773,Laptop,1,0,1,1,0,0,0,0,0,0,0,0,1,0,0,0,0,0,Sobrecalentamiento,Limpieza interna y pasta termica,46.76
774,PC de escritorio,1,0,1,0,1,0,0,0,0,0,0,0,0,0,0,0,1,0,Sobrecalentamiento,Limpieza interna y pasta termica,47.61
775,PC de escritorio,1,0,0,1,0,0,0,0,0,0,0,0,1,0,0,0,0,0,Sobrecalentamiento,Limpieza interna y pasta termica,48.08
776,Laptop,1,0,0,1,1,0,0,0,0,0,0,0,0,0,0,0,1,0,Sobrecalentamiento,Limpieza interna y pasta termica,44.05
777,Laptop,1,0,0,1,1,0,0,0,0,0,0,1,1,0,0,0,0,0,Sobrecalentamiento,Limpieza interna y pasta termica,48.93
778,Laptop,0,0,0,1,0,0,0,0,0,0,0,0,1,0,0,0,0,0,Sobrecalentamiento,Limpieza interna y pasta termica,42.19
779,Laptop,1,0,0,1,1,0,0,0,0,0,0,0,1,0,0,0,0,0,Sobrecalentamiento,Limpieza interna y pasta termica,47.47
780,Laptop,1,0,0,1,0,0,1,1,0,0,0,0,1,0,0,0,0,0,Sobrecalentamiento,Limpieza interna y pasta termica,49.11
601,Laptop,0,0,0,0,0,0,0,0,0,0,0,0,0,0,0,0,0,0,Falla de energía,Revisión de fuente o cargador,50.68
602,PC de escritorio,0,0,0,0,0,0,0,0,0,0,0,0,0,0,0,1,0,0,Falla de energía,Revisión de fuente o cargador,54.16
603,Laptop,0,0,0,0,0,0,0,0,0,0,0,0,0,0,0,1,0,0,Falla de energía,Revisión de fuente o cargador,53.04
604,PC de escritorio,0,0,0,0,0,0,0,0,0,0,0,1,0,0,0,1,0,0,Falla de energía,Revisión de fuente o cargador,42.38
605,PC de escritorio,0,0,0,0,0,0,0,0,0,0,0,0,0,1,0,1,1,0,Falla de energía,Revisión de fuente o cargador,44.39
606,Laptop,0,0,0,0,0,0,0,0,0,0,0,0,0,0,0,0,0,0,Falla de energía,Revisión de fuente o cargador,48.68
607,PC de escritorio,0,0,0,0,0,0,0,0,0,0,0,0,0,0,0,0,0,0,Falla de energía,Revisión de fuente o cargador,40.98
608,PC de escritorio,0,0,0,0,0,0,0,0,0,0,1,0,0,0,0,1,0,0,Falla de energía,Revisión de fuente o cargador,41.67
609,Laptop,0,0,0,0,1,0,0,0,0,0,0,1,1,0,0,0,0,0,Falla de energía,Revisión de fuente o cargador,53.87
610,Laptop,1,0,0,0,0,0,0,0,0,0,1,0,0,0,0,0,0,0,Falla de energía,Revisión de fuente o cargador,40.44
611,PC de escritorio,0,0,0,0,0,0,0,0,0,0,0,0,0,0,0,1,0,0,Falla de energía,Revisión de fuente o cargador,50.19
612,Laptop,0,0,0,0,0,0,0,0,0,0,0,0,0,0,1,1,1,0,Falla de energía,Revisión de fuente o cargador,52.12
613,Laptop,0,0,0,0,0,0,0,0,0,0,0,0,0,0,0,0,0,0,Falla de energía,Revisión de fuente o cargador,44.58
614,PC de escritorio,0,0,0,0,1,0,0,0,0,0,0,1,1,0,0,0,0,0,Falla de energía,Revisión de fuente o cargador,40.09
615,PC de escritorio,0,0,0,0,0,0,0,0,0,0,0,0,0,0,0,1,0,0,Falla de energía,Revisión de fuente o cargador,50.49
616,PC de escritorio,0,0,0,0,0,0,0,1,0,1,0,1,0,0,0,0,0,0,Falla de energía,Revisión de fuente o cargador,49.91
617,PC de escritorio,1,0,1,0,1,0,0,0,0,0,0,1,0,0,0,0,0,1,Falla de energía,Revisión de fuente o cargador,47.7
618,PC de escritorio,0,0,0,0,0,0,0,0,0,0,0,0,0,0,0,1,0,0,Falla de energía,Revisión de fuente o cargador,50.64
619,PC de escritorio,0,0,0,0,0,0,0,0,0,0,0,0,0,0,0,0,0,0,Falla de energía,Revisión de fuente o cargador,41.27
620,Laptop,0,0,0,0,0,0,0,0,0,0,0,0,0,0,0,0,0,0,Falla de energía,Revisión de fuente o cargador,40.09
621,Laptop,0,0,0,0,0,0,0,0,0,0,0,1,0,0,0,0,0,0,Falla de energía,Revisión de fuente o cargador,48.72
622,Laptop,1,0,0,0,0,0,0,0,0,0,0,1,0,0,0,0,0,0,Falla de energía,Revisión de fuente o cargador,49.84
623,Laptop,0,0,0,0,0,0,1,1,0,0,0,0,0,0,0,1,0,0,Falla de energía,Revisión de fuente o cargador,42.09
624,Laptop,0,0,0,0,0,0,0,1,1,0,0,0,0,0,0,0,0,0,Falla de energía,Revisión de fuente o cargador,42.02
625,PC de escritorio,0,0,0,0,0,0,0,0,0,0,0,0,1,0,0,0,0,0,Falla de energía,Revisión de fuente o cargador,54.35
626,Laptop,0,0,0,0,0,0,1,0,0,0,0,0,0,0,0,1,0,0,Falla de energía,Revisión de fuente o cargador,46.39
627,PC de escritorio,0,0,0,0,0,0,0,0,0,0,0,0,1,0,0,0,0,0,Falla de energía,Revisión de fuente o cargador,49.4
628,PC de escritorio,0,0,0,1,0,0,0,0,0,0,0,0,0,0,0,0,0,0,Falla de energía,Revisión de fuente o cargador,51.97
629,PC de escritorio,0,0,0,0,0,0,0,0,0,0,0,0,0,0,0,0,0,0,Falla de energía,Revisión de fuente o cargador,41.91
630,PC de escritorio,1,0,0,0,0,0,0,0,0,0,0,0,0,0,0,0,0,0,Falla de energía,Revisión de fuente o cargador,50.76
631,Laptop,0,0,0,0,0,0,0,0,0,0,0,1,0,0,0,1,1,0,Falla de energía,Revisión de fuente o cargador,46.42
632,PC de escritorio,0,0,0,0,0,0,0,0,1,0,0,0,0,0,0,0,0,0,Falla de energía,Revisión de fuente o cargador,49.36
633,Laptop,0,0,0,0,0,0,0,0,0,0,0,0,1,0,0,0,0,0,Falla de energía,Revisión de fuente o cargador,44.02
634,PC de escritorio,0,0,1,0,0,0,0,0,0,0,0,1,0,0,0,1,0,0,Falla de energía,Revisión de fuente o cargador,50.38
635,PC de escritorio,0,0,0,0,0,0,0,0,1,0,0,1,0,0,0,0,0,0,Falla de energía,Revisión de fuente o cargador,48.28
636,PC de escritorio,0,0,0,0,0,0,0,0,0,0,0,0,0,0,1,0,0,0,Falla de energía,Revisión de fuente o cargador,44.39
637,Laptop,0,0,0,0,0,0,0,0,0,0,0,1,1,0,0,1,1,0,Falla de energía,Revisión de fuente o cargador,43.63
638,Laptop,0,0,0,0,0,0,0,0,0,0,0,0,0,0,0,0,0,0,Falla de energía,Revisión de fuente o cargador,41.27
639,PC de escritorio,0,0,1,0,0,0,0,0,0,0,0,0,0,0,0,0,0,0,Falla de energía,Revisión de fuente o cargador,45.56
640,PC de escritorio,1,0,0,0,0,0,0,0,1,0,1,0,0,1,0,1,0,0,Falla de energía,Revisión de fuente o cargador,51.54
641,PC de escritorio,0,0,0,0,0,0,0,0,1,0,0,0,0,0,1,1,1,0,Falla de energía,Revisión de fuente o cargador,47.95
642,Laptop,0,0,0,0,0,0,0,0,0,0,0,0,0,1,0,0,0,0,Falla de energía,Revisión de fuente o cargador,46.93
643,PC de escritorio,0,0,0,0,0,0,0,0,0,0,0,0,1,0,0,1,0,0,Falla de energía,Revisión de fuente o cargador,54.76
644,Laptop,0,0,0,0,1,0,0,0,0,0,0,1,0,0,0,0,0,0,Falla de energía,Revisión de fuente o cargador,54.57
645,PC de escritorio,0,0,0,0,0,1,0,0,1,1,0,1,0,1,0,1,0,0,Falla de energía,Revisión de fuente o cargador,45.32
646,PC de escritorio,0,0,0,0,0,0,0,0,0,0,0,1,0,0,0,1,0,0,Falla de energía,Revisión de fuente o cargador,52.86
647,PC de escritorio,1,0,0,0,0,0,0,0,0,0,0,0,0,0,0,0,0,0,Falla de energía,Revisión de fuente o cargador,46.24
648,PC de escritorio,0,0,0,0,1,0,1,1,0,0,0,1,0,0,0,0,0,0,Falla de energía,Revisión de fuente o cargador,48.14
649,Laptop,0,0,0,0,0,0,0,0,0,0,0,0,0,0,0,0,0,0,Falla de energía,Revisión de fuente o cargador,40.81
650,Laptop,0,0,0,0,0,0,0,0,0,0,0,0,0,0,0,0,0,0,Falla de energía,Revisión de fuente o cargador,40.54
651,PC de escritorio,0,0,0,0,0,0,0,0,0,0,0,1,0,0,0,1,0,0,Falla de energía,Revisión de fuente o cargador,49.78
652,PC de escritorio,0,0,0,0,0,0,0,0,0,0,0,0,1,0,0,0,0,0,Falla de energía,Revisión de fuente o cargador,41.4
653,PC de escritorio,0,0,1,0,0,0,0,0,0,0,0,0,0,0,0,0,0,0,Falla de energía,Revisión de fuente o cargador,43.85
654,PC de escritorio,0,0,0,0,0,0,0,0,0,0,0,1,0,0,0,0,0,0,Falla de energía,Revisión de fuente o cargador,54.82
655,PC de escritorio,0,0,0,0,0,0,0,0,0,0,0,0,0,0,0,0,0,0,Falla de energía,Revisión de fuente o cargador,44.56
656,Laptop,0,0,0,0,0,0,0,0,0,0,0,0,0,0,0,0,1,0,Falla de energía,Revisión de fuente o cargador,49.24
657,Laptop,0,0,0,1,1,1,1,0,0,0,0,0,0,0,0,1,0,0,Falla de energía,Revisión de fuente o cargador,52.79
658,PC de escritorio,0,0,0,0,0,0,0,0,0,0,0,1,0,0,0,0,0,0,Falla de energía,Revisión de fuente o cargador,54.49
659,Laptop,0,0,0,1,0,0,0,0,0,1,1,1,0,0,0,0,0,0,Falla de energía,Revisión de fuente o cargador,48.96
660,PC de escritorio,0,0,1,1,0,0,0,0,0,0,0,1,0,0,0,1,0,0,Falla de energía,Revisión de fuente o cargador,40.48
661,PC de escritorio,0,0,0,0,0,0,0,0,0,0,0,0,1,0,0,0,0,0,Falla de energía,Revisión de fuente o cargador,44.16
662,PC de escritorio,0,0,0,0,0,0,0,0,0,0,0,0,0,0,0,1,0,0,Falla de energía,Revisión de fuente o cargador,42.47
663,Laptop,0,0,0,0,0,0,0,0,0,0,0,0,0,0,0,0,0,0,Falla de energía,Revisión de fuente o cargador,45.27
664,Laptop,0,0,0,0,0,0,0,0,0,0,0,1,0,0,0,0,0,0,Falla de energía,Revisión de fuente o cargador,54.94
665,Laptop,0,0,0,0,0,0,0,0,0,0,0,0,0,0,0,0,0,0,Falla de energía,Revisión de fuente o cargador,48.05
666,PC de escritorio,0,0,0,0,0,0,0,0,0,0,0,0,0,0,0,0,0,0,Falla de energía,Revisión de fuente o cargador,43.14
667,PC de escritorio,0,0,0,1,0,0,0,0,0,0,0,0,1,0,0,0,0,0,Falla de energía,Revisión de fuente o cargador,52.6
668,PC de escritorio,0,0,0,0,0,0,0,0,0,0,0,1,1,0,0,1,0,1,Falla de energía,Revisión de fuente o cargador,54.82
669,PC de escritorio,0,0,0,0,0,0,1,0,0,0,0,0,0,0,0,0,0,0,Falla de energía,Revisión de fuente o cargador,47.98
670,PC de escritorio,0,1,0,0,0,0,0,0,0,0,0,1,0,0,0,1,0,0,Falla de energía,Revisión de fuente o cargador,45.51
671,Laptop,0,0,0,0,0,0,0,0,0,0,0,0,0,0,0,1,0,0,Falla de energía,Revisión de fuente o cargador,49.31
672,Laptop,0,0,0,0,0,1,0,0,0,0,0,1,0,0,0,0,0,0,Falla de energía,Revisión de fuente o cargador,50.11
673,PC de escritorio,0,0,0,0,0,0,0,0,0,1,0,0,0,0,0,1,0,0,Falla de energía,Revisión de fuente o cargador,49.0
674,Laptop,0,0,0,0,0,0,0,0,0,0,0,0,0,0,0,0,0,0,Falla de energía,Revisión de fuente o cargador,43.35
675,PC de escritorio,1,1,0,0,0,0,0,0,1,0,0,1,0,0,1,1,0,0,Falla de energía,Revisión de fuente o cargador,51.26
676,PC de escritorio,0,0,0,0,0,0,0,0,0,1,0,0,0,0,1,1,0,0,Falla de energía,Revisión de fuente o cargador,51.32
677,Laptop,0,0,0,0,0,0,0,0,0,0,0,0,0,1,0,1,0,0,Falla de energía,Revisión de fuente o cargador,53.5
678,PC de escritorio,0,0,0,0,0,0,0,0,0,0,1,0,0,0,0,1,0,1,Falla de energía,Revisión de fuente o cargador,44.63
679,Laptop,0,0,0,0,0,0,0,0,0,0,0,0,0,1,0,0,0,0,Falla de energía,Revisión de fuente o cargador,48.46
680,Laptop,0,0,0,0,0,0,0,0,0,0,0,0,1,0,0,0,0,0,Falla de energía,Revisión de fuente o cargador,46.71
681,PC de escritorio,0,0,0,0,0,0,0,0,1,0,0,0,0,0,1,0,0,0,Falla de energía,Revisión de fuente o cargador,46.14
682,Laptop,0,1,1,0,1,0,0,0,1,0,1,1,0,0,0,0,0,1,Falla de energía,Revisión de fuente o cargador,44.3
683,Laptop,0,0,0,0,0,0,0,0,0,0,0,0,1,0,0,0,0,0,Falla de energía,Revisión de fuente o cargador,43.37
684,PC de escritorio,0,0,0,0,1,0,1,1,0,1,0,1,1,0,0,1,1,1,Falla de energía,Revisión de fuente o cargador,41.6
685,Laptop,0,0,0,0,0,0,0,0,0,0,0,1,0,0,0,0,1,0,Falla de energía,Revisión de fuente o cargador,44.09
686,PC de escritorio,0,0,0,0,0,0,0,0,0,0,0,0,0,0,0,0,0,1,Falla de energía,Revisión de fuente o cargador,51.99
687,PC de escritorio,0,0,0,0,0,0,0,0,0,0,0,0,1,0,0,1,0,0,Falla de energía,Revisión de fuente o cargador,41.61
688,PC de escritorio,1,1,0,0,0,0,0,0,0,0,0,1,1,1,0,1,1,0,Falla de energía,Revisión de fuente o cargador,52.39
689,Laptop,0,0,0,0,0,0,0,1,0,0,0,1,0,1,0,0,0,0,Falla de energía,Revisión de fuente o cargador,46.58
690,Laptop,0,0,0,0,0,0,0,0,0,0,0,0,0,0,0,0,0,0,Falla de energía,Revisión de fuente o cargador,52.67
691,Laptop,0,0,0,0,0,1,0,0,0,0,0,0,0,0,0,1,0,0,Falla de energía,Revisión de fuente o cargador,46.29
692,PC de escritorio,0,0,0,0,0,0,0,0,0,0,0,0,1,0,0,0,0,0,Falla de energía,Revisión de fuente o cargador,49.16
693,Laptop,1,0,0,0,0,0,0,0,0,0,0,0,1,0,0,0,0,1,Falla de energía,Revisión de fuente o cargador,51.15
694,Laptop,1,0,0,0,0,0,0,1,0,0,0,1,0,0,0,1,0,1,Falla de energía,Revisión de fuente o cargador,46.55
695,PC de escritorio,0,0,0,0,0,0,0,0,0,0,0,0,0,0,0,0,0,0,Falla de energía,Revisión de fuente o cargador,53.34
696,Laptop,0,0,0,1,0,0,0,0,0,0,0,0,0,0,0,0,0,0,Falla de energía,Revisión de fuente o cargador,51.85
697,Laptop,0,0,0,0,0,0,0,0,0,1,0,0,1,0,0,0,0,0,Falla de energía,Revisión de fuente o cargador,42.1
698,PC de escritorio,1,0,0,0,0,0,0,0,0,1,0,0,0,0,0,1,0,0,Falla de energía,Revisión de fuente o cargador,41.17
699,Laptop,0,0,0,0,0,0,0,0,0,1,0,1,0,0,0,1,1,0,Falla de energía,Revisión de fuente o cargador,45.99
700,Laptop,0,0,0,0,0,0,0,0,0,1,0,0,0,0,1,0,1,0,Falla de energía,Revisión de fuente o cargador,44.92
701,Laptop,0,0,0,0,0,1,0,0,0,0,0,1,1,0,0,0,0,0,Falla de energía,Revisión de fuente o cargador,49.37
702,Laptop,0,0,0,0,1,1,1,0,0,0,1,1,0,0,0,1,0,0,Falla de energía,Revisión de fuente o cargador,42.02
703,Laptop,0,0,0,0,0,0,0,0,0,0,0,0,0,0,0,0,0,0,Falla de energía,Revisión de fuente o cargador,42.19
704,PC de escritorio,0,0,0,0,0,0,0,0,0,0,0,0,0,0,0,0,0,0,Falla de energía,Revisión de fuente o cargador,53.03
705,Laptop,0,1,1,0,0,0,0,0,0,1,0,1,0,0,0,0,1,0,Falla de energía,Revisión de fuente o cargador,40.23
706,PC de escritorio,0,0,0,0,0,0,0,0,0,1,0,1,1,0,0,1,0,0,Falla de energía,Revisión de fuente o cargador,54.91
707,Laptop,0,0,0,0,0,0,0,0,0,0,0,0,0,0,0,0,0,0,Falla de energía,Revisión de fuente o cargador,46.32
708,Laptop,0,0,0,0,0,0,0,0,0,1,0,0,0,0,0,0,0,0,Falla de energía,Revisión de fuente o cargador,48.12
709,Laptop,0,0,0,0,1,0,0,0,0,0,0,1,0,0,0,1,0,0,Falla de energía,Revisión de fuente o cargador,47.94
710,PC de escritorio,0,0,0,0,0,0,0,0,0,0,0,1,0,0,0,0,0,0,Falla de energía,Revisión de fuente o cargador,52.67
711,Laptop,0,0,0,0,0,0,0,0,0,0,0,0,0,0,0,0,0,0,Falla de energía,Revisión de fuente o cargador,42.44
712,Laptop,0,0,0,0,0,0,0,0,0,0,0,0,0,0,0,1,1,0,Falla de energía,Revisión de fuente o cargador,51.06
713,PC de escritorio,0,0,0,0,0,0,0,0,0,0,0,0,0,0,0,1,0,0,Falla de energía,Revisión de fuente o cargador,40.76
714,Laptop,0,0,0,0,0,0,0,0,0,0,0,0,0,0,0,1,0,0,Falla de energía,Revisión de fuente o cargador,43.6
715,PC de escritorio,0,0,0,0,0,0,0,0,0,0,0,1,0,0,0,1,0,0,Falla de energía,Revisión de fuente o cargador,54.56
716,Laptop,0,0,0,0,0,0,0,0,0,0,1,0,0,0,0,0,1,0,Falla de energía,Revisión de fuente o cargador,43.1
717,Laptop,0,0,0,0,0,0,0,0,0,0,0,0,0,0,0,1,0,0,Falla de energía,Revisión de fuente o cargador,44.73
718,Laptop,0,0,1,0,0,0,0,0,0,0,0,1,0,0,0,1,0,0,Falla de energía,Revisión de fuente o cargador,51.21
719,PC de escritorio,0,0,0,0,0,0,1,0,0,0,0,1,0,0,0,1,1,0,Falla de energía,Revisión de fuente o cargador,41.88
720,Laptop,0,0,0,0,0,0,0,0,0,0,0,0,0,0,0,0,0,0,Falla de energía,Revisión de fuente o cargador,43.53
721,Laptop,0,0,0,0,0,0,0,0,0,0,0,1,0,0,0,0,0,0,Falla de energía,Revisión de fuente o cargador,53.81
722,Laptop,0,0,0,0,0,0,0,1,0,0,0,1,0,0,0,0,0,0,Falla de energía,Revisión de fuente o cargador,42.59
723,Laptop,1,0,0,0,0,0,0,0,0,0,0,0,0,0,0,1,0,0,Falla de energía,Revisión de fuente o cargador,46.88
724,PC de escritorio,0,0,0,0,0,0,1,1,0,1,0,0,0,0,0,0,0,0,Falla de energía,Revisión de fuente o cargador,54.73
725,PC de escritorio,1,1,0,0,0,1,0,0,0,1,0,0,0,0,0,0,1,0,Falla de energía,Revisión de fuente o cargador,47.34
726,PC de escritorio,0,0,1,0,0,0,0,0,0,0,1,0,0,0,0,1,0,0,Falla de energía,Revisión de fuente o cargador,46.03
727,Laptop,0,0,0,0,0,0,0,0,0,0,0,1,0,0,0,1,1,0,Falla de energía,Revisión de fuente o cargador,52.0
728,Laptop,0,0,0,0,0,0,0,0,0,0,0,0,1,0,0,0,0,0,Falla de energía,Revisión de fuente o cargador,47.6
729,PC de escritorio,0,0,0,0,1,0,0,0,0,1,0,0,0,1,0,0,1,0,Falla de energía,Revisión de fuente o cargador,50.95
730,PC de escritorio,1,0,0,1,0,0,0,0,0,0,0,1,0,0,0,1,0,0,Falla de energía,Revisión de fuente o cargador,46.87
731,Laptop,0,0,0,0,0,0,0,0,0,0,0,1,1,0,0,1,0,0,Falla de energía,Revisión de fuente o cargador,50.77
732,Laptop,0,0,0,0,0,0,0,0,0,0,0,0,0,0,0,1,0,0,Falla de energía,Revisión de fuente o cargador,54.02
733,PC de escritorio,0,0,0,0,0,0,0,0,0,0,0,0,0,0,0,1,0,0,Falla de energía,Revisión de fuente o cargador,54.89
734,PC de escritorio,0,0,0,0,1,0,0,0,0,0,0,1,1,0,1,1,0,0,Falla de energía,Revisión de fuente o cargador,53.06
735,Laptop,0,0,0,0,0,0,0,0,0,0,0,0,0,0,0,0,0,0,Falla de energía,Revisión de fuente o cargador,47.53
736,Laptop,0,0,0,0,0,0,0,0,0,0,0,0,0,0,1,1,0,0,Falla de energía,Revisión de fuente o cargador,53.1
737,Laptop,0,0,0,0,0,0,0,0,0,0,0,0,1,0,0,1,0,0,Falla de energía,Revisión de fuente o cargador,50.78
738,PC de escritorio,0,0,0,0,0,0,0,0,0,0,0,1,0,0,0,1,0,0,Falla de energía,Revisión de fuente o cargador,52.97
739,Laptop,1,0,1,0,1,0,0,0,0,1,0,1,0,0,0,0,1,0,Falla de energía,Revisión de fuente o cargador,53.19
740,PC de escritorio,0,1,0,0,0,0,0,0,1,0,1,0,0,0,0,1,0,0,Falla de energía,Revisión de fuente o cargador,46.14
741,PC de escritorio,0,0,0,0,0,0,0,0,0,0,1,0,0,0,0,1,0,0,Falla de energía,Revisión de fuente o cargador,42.54
742,PC de escritorio,0,0,0,0,0,0,0,0,0,0,0,0,0,0,0,0,0,0,Falla de energía,Revisión de fuente o cargador,52.84
743,PC de escritorio,0,0,0,1,0,1,1,0,0,0,0,0,0,0,0,1,0,0,Falla de energía,Revisión de fuente o cargador,52.35
744,PC de escritorio,0,0,0,0,0,0,0,0,0,0,0,0,0,1,0,0,1,0,Falla de energía,Revisión de fuente o cargador,52.8
745,Laptop,0,1,1,0,0,0,0,0,0,0,0,0,0,0,0,0,1,0,Falla de energía,Revisión de fuente o cargador,41.38
746,Laptop,1,0,1,0,0,1,0,0,0,0,0,1,0,1,1,0,0,0,Falla de energía,Revisión de fuente o cargador,45.37
747,Laptop,0,0,0,0,0,0,0,0,0,0,0,0,0,1,0,0,1,0,Falla de energía,Revisión de fuente o cargador,44.11
748,PC de escritorio,0,0,0,0,0,1,0,1,0,1,0,1,1,0,1,1,1,0,Falla de energía,Revisión de fuente o cargador,41.88
749,Laptop,0,0,1,0,0,0,0,0,0,0,0,0,0,0,0,0,0,0,Falla de energía,Revisión de fuente o cargador,45.1
750,Laptop,0,1,1,0,1,0,0,0,0,0,0,0,1,0,0,1,0,0,Falla de energía,Revisión de fuente o cargador,46.84
751,Laptop,0,0,0,0,0,0,0,0,0,0,0,1,0,0,0,1,0,0,Falla de energía,Revisión de fuente o cargador,42.01
752,PC de escritorio,0,0,0,0,1,0,0,0,0,0,0,0,1,0,0,0,1,0,Falla de energía,Revisión de fuente o cargador,41.16
753,Laptop,0,0,0,0,0,0,0,0,0,0,0,1,0,0,0,0,0,0,Falla de energía,Revisión de fuente o cargador,44.6
754,PC de escritorio,0,0,0,0,0,0,0,0,0,0,0,0,0,0,0,0,0,0,Falla de energía,Revisión de fuente o cargador,48.9
755,PC de escritorio,0,0,0,0,0,0,0,0,0,0,0,1,0,0,0,0,0,0,Falla de energía,Revisión de fuente o cargador,51.23
756,PC de escritorio,0,0,0,0,0,0,0,0,0,0,0,1,0,0,0,0,0,1,Falla de energía,Revisión de fuente o cargador,52.75
757,PC de escritorio,0,0,0,0,0,0,0,0,0,0,0,0,0,0,0,0,0,0,Falla de energía,Revisión de fuente o cargador,45.65
758,PC de escritorio,0,0,0,0,0,0,0,0,0,0,0,0,0,0,0,0,0,0,Falla de energía,Revisión de fuente o cargador,48.73
759,PC de escritorio,0,0,1,0,0,0,0,0,1,0,0,1,0,0,0,0,0,0,Falla de energía,Revisión de fuente o cargador,40.69
760,Laptop,0,0,0,0,0,0,0,0,0,0,0,1,0,0,0,0,0,0,Falla de energía,Revisión de fuente o cargador,42.25
761,PC de escritorio,0,0,0,0,0,0,0,0,0,1,0,1,0,0,0,0,0,0,Falla de energía,Revisión de fuente o cargador,43.14
762,Laptop,0,0,0,0,0,0,0,0,0,0,0,1,1,0,0,1,0,0,Falla de energía,Revisión de fuente o cargador,48.99
763,PC de escritorio,0,0,0,0,0,0,0,0,0,0,0,0,0,0,0,0,1,0,Falla de energía,Revisión de fuente o cargador,40.55
764,PC de escritorio,0,0,0,0,1,0,0,0,0,0,0,0,0,0,0,0,0,0,Falla de energía,Revisión de fuente o cargador,49.63
765,PC de escritorio,1,0,0,1,0,0,0,0,1,1,0,1,0,0,0,0,1,1,Falla de energía,Revisión de fuente o cargador,49.26
766,Laptop,0,0,0,0,0,0,0,0,0,0,0,0,0,0,0,0,0,0,Falla de energía,Revisión de fuente o cargador,51.66
767,PC de escritorio,0,1,0,0,0,0,0,0,1,0,1,1,1,0,0,1,1,0,Falla de energía,Revisión de fuente o cargador,49.64
768,Laptop,0,0,0,0,0,0,0,0,0,0,0,0,0,0,0,0,0,0,Falla de energía,Revisión de fuente o cargador,51.51
769,Laptop,0,0,0,0,0,0,0,0,0,0,0,1,0,0,0,0,0,0,Falla de energía,Revisión de fuente o cargador,40.8
770,Laptop,0,0,0,0,0,0,0,0,0,0,0,0,1,0,0,0,1,0,Falla de energía,Revisión de fuente o cargador,48.92
771,PC de escritorio,0,0,0,0,1,0,0,1,0,0,0,0,0,0,0,1,0,0,Falla de energía,Revisión de fuente o cargador,42.21
772,Laptop,0,0,1,0,0,0,1,0,0,0,1,0,0,0,0,0,0,0,Falla de energía,Revisión de fuente o cargador,48.58
773,PC de escritorio,0,0,0,0,0,0,0,0,0,0,0,0,0,0,0,0,0,0,Falla de energía,Revisión de fuente o cargador,54.36
774,PC de escritorio,0,0,1,1,0,0,0,0,0,1,0,1,0,0,0,0,0,0,Falla de energía,Revisión de fuente o cargador,52.48
775,Laptop,0,0,0,0,0,1,0,0,0,0,1,0,0,0,0,1,0,0,Falla de energía,Revisión de fuente o cargador,51.47
776,PC de escritorio,0,0,0,0,0,0,0,0,0,0,0,0,1,1,0,1,0,0,Falla de energía,Revisión de fuente o cargador,45.63
777,PC de escritorio,0,0,0,0,0,0,1,0,0,0,0,0,0,0,0,0,0,0,Falla de energía,Revisión de fuente o cargador,50.98
778,PC de escritorio,0,0,0,0,0,0,0,0,0,0,0,0,0,0,0,1,1,0,Falla de energía,Revisión de fuente o cargador,54.74
779,PC de escritorio,0,1,0,0,0,0,0,0,1,0,0,0,0,0,0,1,0,0,Falla de energía,Revisión de fuente o cargador,53.15
780,Laptop,0,0,1,0,0,1,0,0,0,0,0,0,1,1,0,0,1,0,Falla de energía,Revisión de fuente o cargador,49.28
781,Laptop,0,0,0,0,0,0,0,0,0,0,0,0,1,0,0,0,0,0,Falla de energía,Revisión de fuente o cargador,52.0
782,PC de escritorio,0,0,0,0,0,0,0,0,0,1,0,1,0,0,0,0,0,0,Falla de energía,Revisión de fuente o cargador,40.27
783,PC de escritorio,0,0,0,0,0,0,0,0,0,0,0,0,0,0,0,0,0,0,Falla de energía,Revisión de fuente o cargador,40.95
784,Laptop,0,0,0,0,0,0,0,0,0,0,0,0,0,0,0,0,0,0,Falla de energía,Revisión de fuente o cargador,47.86
785,PC de escritorio,0,1,0,0,0,0,0,1,0,0,0,0,0,0,0,0,0,0,Falla de energía,Revisión de fuente o cargador,52.19
786,PC de escritorio,0,0,0,0,1,1,1,0,0,1,0,0,0,0,0,1,0,0,Falla de energía,Revisión de fuente o cargador,52.82
787,PC de escritorio,0,0,0,0,0,0,0,0,0,0,0,1,0,0,0,0,1,0,Falla de energía,Revisión de fuente o cargador,53.87
788,Laptop,0,0,0,0,0,1,0,0,0,0,0,0,0,0,0,0,0,0,Falla de energía,Revisión de fuente o cargador,40.78
789,PC de escritorio,0,0,0,0,0,0,0,0,0,0,0,0,0,0,0,0,0,0,Falla de energía,Revisión de fuente o cargador,54.13
790,PC de escritorio,0,0,0,0,0,0,0,0,0,0,0,0,0,0,0,1,0,0,Falla de energía,Revisión de fuente o cargador,46.01
791,PC de escritorio,0,0,0,0,0,0,0,0,0,0,0,0,0,0,0,1,0,0,Falla de energía,Revisión de fuente o cargador,53.58
792,PC de escritorio,0,0,0,0,0,0,0,1,0,0,0,1,0,0,0,0,1,0,Falla de energía,Revisión de fuente o cargador,53.22
793,Laptop,0,0,0,0,0,0,0,0,0,0,0,0,0,0,0,0,0,0,Falla de energía,Revisión de fuente o cargador,48.43
794,Laptop,0,0,1,0,0,0,1,0,0,1,0,0,0,0,0,0,0,1,Falla de energía,Revisión de fuente o cargador,49.7
795,PC de escritorio,0,1,0,0,1,1,0,1,1,0,1,1,0,0,0,1,1,1,Falla de energía,Revisión de fuente o cargador,49.37
796,Laptop,1,0,0,0,0,0,0,0,0,0,0,0,0,0,0,1,0,0,Falla de energía,Revisión de fuente o cargador,52.97
797,PC de escritorio,0,0,0,0,0,0,0,0,0,0,0,0,0,0,0,1,0,0,Falla de energía,Revisión de fuente o cargador,42.63
798,Laptop,0,0,0,0,0,0,0,0,0,0,0,0,0,0,0,0,0,0,Falla de energía,Revisión de fuente o cargador,47.89
799,Laptop,0,0,0,0,0,1,1,0,0,1,0,0,0,0,0,1,0,0,Falla de energía,Revisión de fuente o cargador,42.73
800,Laptop,0,0,1,0,1,1,0,0,0,0,0,0,0,0,0,0,0,0,Falla de energía,Revisión de fuente o cargador,42.36
801,Laptop,0,0,1,0,0,0,1,1,0,0,1,0,1,0,0,0,0,1,Falla de energía,Revisión de fuente o cargador,46.54
802,PC de escritorio,0,0,0,0,0,0,0,0,0,0,0,0,1,0,0,0,0,0,Falla de energía,Revisión de fuente o cargador,45.34
803,Laptop,0,0,0,0,0,0,0,0,0,0,0,0,0,0,0,0,0,0,Falla de energía,Revisión de fuente o cargador,50.55
804,PC de escritorio,0,0,0,0,0,0,0,0,0,0,0,0,0,0,0,0,0,0,Falla de energía,Revisión de fuente o cargador,48.97
805,PC de escritorio,0,0,0,0,0,0,0,0,0,0,0,0,0,0,0,0,0,0,Falla de energía,Revisión de fuente o cargador,54.01
806,Laptop,0,0,1,0,0,0,0,1,0,0,0,0,0,0,0,0,0,0,Falla de energía,Revisión de fuente o cargador,47.61
807,PC de escritorio,1,0,0,0,0,1,0,0,0,0,1,1,0,0,1,0,0,1,Falla de energía,Revisión de fuente o cargador,53.56
808,PC de escritorio,0,0,0,0,0,0,0,0,0,0,0,0,0,0,0,1,0,0,Falla de energía,Revisión de fuente o cargador,53.97
809,PC de escritorio,0,0,0,1,0,0,0,0,0,0,0,0,1,0,0,0,1,0,Falla de energía,Revisión de fuente o cargador,46.3
810,Laptop,1,0,0,0,0,0,0,0,0,0,0,0,0,0,0,0,0,0,Falla de energía,Revisión de fuente o cargador,54.61
811,Laptop,0,0,0,0,0,0,0,0,0,0,0,0,1,0,0,1,0,0,Falla de energía,Revisión de fuente o cargador,49.75
812,PC de escritorio,0,1,0,0,0,0,1,1,0,0,0,0,1,0,0,1,1,0,Falla de energía,Revisión de fuente o cargador,49.11
813,Laptop,0,0,0,0,0,0,0,1,0,1,0,0,1,0,0,0,0,0,Falla de energía,Revisión de fuente o cargador,45.29
814,Laptop,0,0,0,0,0,0,0,0,1,0,0,1,0,0,0,0,0,0,Falla de energía,Revisión de fuente o cargador,52.24
815,Laptop,0,0,0,0,0,0,0,0,0,0,0,1,0,0,0,0,0,0,Falla de energía,Revisión de fuente o cargador,41.48
816,Laptop,0,0,0,0,0,0,0,0,0,0,0,1,0,0,0,0,0,0,Falla de energía,Revisión de fuente o cargador,50.87
817,Laptop,0,0,0,1,0,0,0,1,0,0,0,0,0,1,0,1,0,0,Falla de energía,Revisión de fuente o cargador,50.33
818,PC de escritorio,0,0,0,0,0,0,0,1,0,0,0,1,0,0,0,0,0,0,Falla de energía,Revisión de fuente o cargador,53.3
819,Laptop,0,0,0,1,0,0,0,0,0,1,0,1,0,0,0,1,1,0,Falla de energía,Revisión de fuente o cargador,49.94
820,PC de escritorio,0,0,0,0,1,0,0,0,0,1,0,0,1,0,0,1,0,0,Falla de energía,Revisión de fuente o cargador,50.72
821,Laptop,0,0,0,1,1,0,0,0,0,0,0,0,0,0,0,1,0,0,Falla de energía,Revisión de fuente o cargador,48.47
822,Laptop,0,1,1,0,1,0,0,0,0,0,0,0,0,0,0,1,0,0,Falla de energía,Revisión de fuente o cargador,47.7
823,PC de escritorio,0,0,0,0,0,0,0,0,0,0,0,0,0,0,0,1,0,0,Falla de energía,Revisión de fuente o cargador,51.18
824,Laptop,0,0,1,0,0,0,0,0,0,0,1,1,0,0,0,0,0,0,Falla de energía,Revisión de fuente o cargador,44.79
825,Laptop,0,0,0,0,0,0,1,0,0,0,1,1,0,0,0,1,0,0,Falla de energía,Revisión de fuente o cargador,51.41
826,Laptop,0,0,0,0,0,0,0,0,0,0,1,0,1,0,0,0,0,1,Falla de energía,Revisión de fuente o cargador,46.14
827,Laptop,0,0,0,0,0,0,0,0,0,0,0,0,0,0,1,1,1,0,Falla de energía,Revisión de fuente o cargador,43.2
828,Laptop,0,1,0,0,0,0,0,0,0,0,0,0,0,0,0,0,0,0,Falla de energía,Revisión de fuente o cargador,53.02
829,PC de escritorio,0,0,0,0,0,0,0,0,0,0,0,0,1,1,0,1,0,0,Falla de energía,Revisión de fuente o cargador,43.68
830,Laptop,0,0,0,0,0,0,0,0,0,0,0,0,0,0,0,1,0,0,Falla de energía,Revisión de fuente o cargador,46.79
831,PC de escritorio,0,0,0,0,0,0,0,0,0,0,0,1,0,0,0,0,0,0,Falla de energía,Revisión de fuente o cargador,45.89
832,PC de escritorio,0,0,0,0,0,0,0,0,0,0,0,0,0,0,0,0,0,0,Falla de energía,Revisión de fuente o cargador,51.48
833,Laptop,0,0,0,0,0,0,1,0,0,0,0,0,0,1,0,1,0,0,Falla de energía,Revisión de fuente o cargador,42.36
834,Laptop,1,0,0,0,0,0,0,0,0,0,0,0,1,0,0,0,0,1,Falla de energía,Revisión de fuente o cargador,41.1
835,Laptop,1,0,0,0,0,0,0,0,0,0,0,0,1,0,0,1,0,0,Falla de energía,Revisión de fuente o cargador,47.23
836,Laptop,0,0,0,0,0,1,0,0,0,0,0,0,0,0,1,1,0,0,Falla de energía,Revisión de fuente o cargador,46.24
837,Laptop,0,0,1,0,0,0,0,0,0,0,0,0,0,1,0,0,1,1,Falla de energía,Revisión de fuente o cargador,45.63
838,Laptop,0,1,0,0,0,0,0,0,1,0,1,0,0,1,0,1,0,0,Falla de energía,Revisión de fuente o cargador,45.03
839,Laptop,0,0,0,1,0,0,0,0,0,0,0,1,0,0,0,0,0,0,Falla de energía,Revisión de fuente o cargador,41.43
840,PC de escritorio,0,0,0,0,0,0,0,0,0,0,0,0,0,0,0,0,1,0,Falla de energía,Revisión de fuente o cargador,45.85
841,Laptop,0,0,0,0,0,0,0,0,0,0,1,1,1,0,0,1,0,0,Falla de energía,Revisión de fuente o cargador,44.48
842,Laptop,0,0,0,0,0,0,0,0,0,0,0,0,1,0,0,1,1,0,Falla de energía,Revisión de fuente o cargador,49.03
843,PC de escritorio,0,0,0,0,0,0,0,0,0,0,0,1,0,0,0,0,0,0,Falla de energía,Revisión de fuente o cargador,54.35
844,PC de escritorio,1,0,0,0,0,0,1,0,1,0,0,0,0,0,0,1,0,0,Falla de energía,Revisión de fuente o cargador,50.89
845,Laptop,0,0,0,0,0,0,0,0,0,0,0,0,0,1,0,0,0,1,Falla de energía,Revisión de fuente o cargador,44.93
846,Laptop,0,0,0,0,0,0,0,0,0,0,1,1,0,1,0,1,0,0,Falla de energía,Revisión de fuente o cargador,53.91
847,PC de escritorio,0,0,1,0,0,0,1,1,0,0,1,0,0,0,0,0,0,0,Falla de energía,Revisión de fuente o cargador,43.43
848,PC de escritorio,0,0,0,0,0,0,0,0,0,0,0,0,0,0,0,0,0,0,Falla de energía,Revisión de fuente o cargador,53.93
849,Laptop,0,0,0,0,0,0,0,0,0,0,0,0,0,0,0,1,0,0,Falla de energía,Revisión de fuente o cargador,50.3
850,Laptop,0,0,0,0,0,0,0,1,1,0,1,1,0,1,0,1,0,0,Falla de energía,Revisión de fuente o cargador,47.97
851,Laptop,0,0,0,1,0,0,0,1,0,0,0,0,0,0,0,1,0,1,Falla de energía,Revisión de fuente o cargador,50.16
852,Laptop,0,0,0,0,0,0,0,0,0,0,0,0,0,0,0,0,0,0,Falla de energía,Revisión de fuente o cargador,54.25
853,Laptop,1,0,0,0,0,0,0,0,0,0,0,0,0,0,1,0,0,0,Falla de energía,Revisión de fuente o cargador,53.07
854,PC de escritorio,0,1,0,0,0,0,0,0,0,1,0,0,0,0,0,1,0,0,Falla de energía,Revisión de fuente o cargador,45.85
855,Laptop,0,0,0,0,0,0,0,0,0,0,0,0,0,0,0,0,1,0,Falla de energía,Revisión de fuente o cargador,41.71
856,Laptop,0,0,0,0,0,0,0,0,0,0,0,1,1,0,0,1,0,0,Falla de energía,Revisión de fuente o cargador,54.73
857,PC de escritorio,0,0,0,0,0,0,0,0,0,0,0,1,0,0,0,0,0,0,Falla de energía,Revisión de fuente o cargador,50.08
858,PC de escritorio,0,0,0,0,0,0,0,0,1,0,0,0,0,0,0,0,0,0,Falla de energía,Revisión de fuente o cargador,42.03
859,PC de escritorio,0,0,0,0,1,0,0,0,1,1,0,1,0,0,0,0,0,0,Falla de energía,Revisión de fuente o cargador,42.6
860,PC de escritorio,0,1,0,0,0,0,0,0,0,0,0,1,0,0,0,0,0,0,Falla de energía,Revisión de fuente o cargador,51.64
861,Laptop,0,0,0,0,0,0,0,0,0,0,1,1,1,0,0,1,0,0,Falla de energía,Revisión de fuente o cargador,53.94
862,Laptop,0,0,1,0,0,0,0,0,0,0,0,0,0,0,0,0,1,0,Falla de energía,Revisión de fuente o cargador,40.55
863,Laptop,1,0,0,0,0,0,0,0,0,0,0,0,0,0,0,0,0,0,Falla de energía,Revisión de fuente o cargador,51.55
864,PC de escritorio,0,0,0,0,0,0,0,0,0,0,0,0,0,0,0,1,0,0,Falla de energía,Revisión de fuente o cargador,47.56
865,PC de escritorio,0,0,0,0,0,0,0,0,0,0,0,0,0,0,0,0,0,0,Falla de energía,Revisión de fuente o cargador,54.75
866,Laptop,0,1,0,0,1,0,0,0,0,0,0,1,0,1,0,0,0,0,Falla de energía,Revisión de fuente o cargador,46.48
867,Laptop,1,0,0,0,0,0,0,0,1,1,1,1,0,0,0,0,0,1,Falla de energía,Revisión de fuente o cargador,54.28
868,Laptop,0,0,0,0,0,0,0,0,0,0,0,1,0,0,0,1,0,0,Falla de energía,Revisión de fuente o cargador,50.95
869,PC de escritorio,0,0,0,0,0,0,0,0,1,0,0,1,1,0,0,0,0,0,Falla de energía,Revisión de fuente o cargador,44.73
870,Laptop,0,0,0,0,0,0,0,1,0,0,1,0,0,0,0,1,0,0,Falla de energía,Revisión de fuente o cargador,51.72
871,Laptop,1,0,0,0,0,0,0,0,0,0,0,1,1,0,0,0,0,0,Falla de energía,Revisión de fuente o cargador,42.2
872,Laptop,1,0,0,1,0,0,0,0,0,0,0,1,1,0,0,0,0,0,Falla de energía,Revisión de fuente o cargador,53.41
873,PC de escritorio,1,0,0,0,1,0,1,0,1,1,1,0,0,0,0,1,0,0,Falla de energía,Revisión de fuente o cargador,53.72
874,PC de escritorio,0,0,0,0,0,1,0,0,0,0,1,0,0,0,0,0,1,0,Falla de energía,Revisión de fuente o cargador,43.38
875,Laptop,0,0,0,0,0,0,0,0,0,0,0,0,0,0,1,1,0,0,Falla de energía,Revisión de fuente o cargador,51.02
876,PC de escritorio,0,0,0,0,0,0,0,0,0,0,0,1,0,1,0,1,0,0,Falla de energía,Revisión de fuente o cargador,47.99
877,Laptop,0,0,0,0,0,0,0,0,0,0,0,0,0,0,0,0,0,0,Falla de energía,Revisión de fuente o cargador,46.9
878,PC de escritorio,0,0,0,0,0,0,0,0,0,0,0,1,1,0,0,0,0,0,Falla de energía,Revisión de fuente o cargador,46.16
879,Laptop,1,1,0,0,0,0,0,1,0,0,1,0,1,1,1,0,0,0,Falla de energía,Revisión de fuente o cargador,54.58
880,PC de escritorio,0,0,0,0,0,0,0,0,0,0,0,1,0,0,0,0,0,0,Falla de energía,Revisión de fuente o cargador,52.32
881,PC de escritorio,0,0,0,0,1,0,0,0,0,0,0,0,0,0,0,0,0,0,Falla de energía,Revisión de fuente o cargador,44.94
882,PC de escritorio,0,0,0,0,0,0,0,0,0,0,0,0,0,0,0,1,0,0,Falla de energía,Revisión de fuente o cargador,53.27
883,Laptop,0,0,0,0,0,0,0,0,0,0,0,0,0,0,0,0,0,0,Falla de energía,Revisión de fuente o cargador,44.67
884,Laptop,0,0,0,0,0,0,0,0,0,0,0,1,0,0,0,0,0,0,Falla de energía,Revisión de fuente o cargador,52.3
885,PC de escritorio,0,0,0,0,0,0,0,0,0,0,0,0,0,0,0,0,0,0,Falla de energía,Revisión de fuente o cargador,45.94
886,Laptop,0,0,0,0,0,0,0,0,0,0,0,0,0,0,0,1,1,0,Falla de energía,Revisión de fuente o cargador,54.68
887,PC de escritorio,0,0,0,0,0,0,0,0,0,0,0,0,0,0,0,0,0,0,Falla de energía,Revisión de fuente o cargador,54.11
888,PC de escritorio,0,0,0,0,0,0,0,0,0,0,0,1,0,0,0,1,0,0,Falla de energía,Revisión de fuente o cargador,52.51
889,PC de escritorio,0,0,0,0,0,0,0,0,0,0,0,0,0,0,0,1,0,0,Falla de energía,Revisión de fuente o cargador,43.46
890,Laptop,0,1,0,0,0,0,0,0,0,0,0,1,0,0,0,0,0,0,Falla de energía,Revisión de fuente o cargador,52.52
891,PC de escritorio,0,0,0,0,0,0,0,0,0,0,0,1,0,0,0,0,0,1,Falla de energía,Revisión de fuente o cargador,41.01
892,Laptop,0,0,0,0,0,0,0,0,0,0,0,0,0,0,0,0,0,0,Falla de energía,Revisión de fuente o cargador,50.76
893,Laptop,0,0,0,1,0,0,0,0,0,0,0,1,0,0,0,0,0,0,Falla de energía,Revisión de fuente o cargador,49.75
894,PC de escritorio,0,0,0,0,0,0,0,0,0,1,1,1,1,0,0,1,0,0,Falla de energía,Revisión de fuente o cargador,42.15
895,Laptop,0,0,0,0,0,0,0,0,0,0,1,0,0,0,0,0,0,0,Falla de energía,Revisión de fuente o cargador,49.78
896,PC de escritorio,0,0,0,0,0,0,0,0,0,0,0,0,0,0,0,0,0,0,Falla de energía,Revisión de fuente o cargador,41.79
897,PC de escritorio,0,0,0,0,0,0,0,0,0,0,0,0,0,0,0,0,0,0,Falla de energía,Revisión de fuente o cargador,52.14
898,Laptop,0,0,0,0,0,0,0,0,0,0,0,0,0,0,0,0,0,0,Falla de energía,Revisión de fuente o cargador,47.42
899,Laptop,0,0,0,0,0,0,0,0,0,0,0,0,0,0,0,0,0,0,Falla de energía,Revisión de fuente o cargador,47.22
900,Laptop,0,0,1,0,0,0,0,0,0,0,0,1,1,0,0,1,0,0,Falla de energía,Revisión de fuente o cargador,50.8
901,Laptop,0,0,0,0,0,0,0,0,0,0,0,0,0,0,0,0,0,0,Falla de energía,Revisión de fuente o cargador,53.24
902,PC de escritorio,0,0,0,0,0,0,0,0,0,0,0,1,1,0,0,1,0,1,Falla de energía,Revisión de fuente o cargador,45.83
903,PC de escritorio,0,0,0,0,0,0,0,0,0,0,0,0,1,0,1,1,0,0,Falla de energía,Revisión de fuente o cargador,53.96
904,Laptop,0,0,0,0,0,0,0,0,0,0,0,0,0,0,0,1,1,1,Falla de energía,Revisión de fuente o cargador,53.14
905,Laptop,0,0,0,0,0,0,0,0,0,0,0,0,0,0,0,0,0,0,Falla de energía,Revisión de fuente o cargador,50.55
906,Laptop,0,0,0,0,0,0,0,0,0,0,0,1,0,0,0,1,0,0,Falla de energía,Revisión de fuente o cargador,41.41
907,PC de escritorio,0,1,0,0,1,0,0,0,0,0,0,0,0,0,0,1,0,0,Falla de energía,Revisión de fuente o cargador,45.38
908,PC de escritorio,0,0,0,0,0,0,0,0,0,0,0,1,0,0,0,1,0,0,Falla de energía,Revisión de fuente o cargador,51.19
909,Laptop,0,1,1,0,0,0,1,1,0,0,0,0,0,0,0,1,0,0,Falla de energía,Revisión de fuente o cargador,47.03
910,Laptop,0,0,0,0,0,1,1,1,0,0,0,0,0,0,0,1,0,0,Falla de energía,Revisión de fuente o cargador,54.23
911,Laptop,1,0,0,0,0,0,0,0,0,0,0,0,0,0,0,0,0,0,Falla de energía,Revisión de fuente o cargador,46.25
912,PC de escritorio,0,1,0,0,0,0,0,0,0,0,0,1,0,0,0,0,0,0,Falla de energía,Revisión de fuente o cargador,48.73
913,PC de escritorio,0,0,0,0,0,0,0,0,0,0,0,0,0,0,0,1,0,0,Falla de energía,Revisión de fuente o cargador,54.58
914,Laptop,0,0,0,0,0,0,0,0,0,0,0,0,0,0,0,0,0,0,Falla de energía,Revisión de fuente o cargador,51.78
915,PC de escritorio,0,0,0,0,0,0,0,0,1,0,0,0,1,0,0,0,0,0,Falla de energía,Revisión de fuente o cargador,40.96
916,PC de escritorio,0,0,0,0,0,0,0,0,0,0,0,0,0,0,0,0,0,0,Falla de energía,Revisión de fuente o cargador,54.84
917,PC de escritorio,0,0,0,0,0,0,0,0,0,0,0,0,1,0,0,0,1,0,Falla de energía,Revisión de fuente o cargador,53.86
918,Laptop,1,0,0,0,0,0,0,0,0,0,0,0,0,0,0,0,1,0,Falla de energía,Revisión de fuente o cargador,47.68
919,PC de escritorio,0,0,0,0,0,0,0,0,0,0,0,0,0,0,0,0,0,0,Falla de energía,Revisión de fuente o cargador,52.21
920,PC de escritorio,0,0,0,0,0,0,0,0,0,0,0,0,0,0,0,1,0,0,Falla de energía,Revisión de fuente o cargador,54.91
921,PC de escritorio,0,0,0,0,0,0,0,0,0,0,0,0,1,0,0,1,0,0,Falla de energía,Revisión de fuente o cargador,50.74
922,Laptop,0,0,0,0,0,0,0,0,0,0,0,0,0,0,0,1,0,0,Falla de energía,Revisión de fuente o cargador,42.97
923,PC de escritorio,0,0,0,0,0,0,0,0,0,0,0,0,0,0,0,1,0,0,Falla de energía,Revisión de fuente o cargador,54.95
924,Laptop,0,0,0,0,0,0,0,0,1,0,0,0,0,0,0,1,0,0,Falla de energía,Revisión de fuente o cargador,42.6
925,Laptop,0,0,0,0,0,0,0,0,0,0,0,1,1,0,0,0,1,0,Falla de energía,Revisión de fuente o cargador,54.27
926,Laptop,1,0,0,0,0,0,1,0,0,0,0,1,1,0,0,0,0,0,Falla de energía,Revisión de fuente o cargador,50.05
927,Laptop,0,0,0,0,0,0,0,0,0,0,0,0,0,0,1,1,0,0,Falla de energía,Revisión de fuente o cargador,40.36
928,PC de escritorio,0,0,0,0,0,0,0,0,0,0,0,0,0,0,0,0,0,0,Falla de energía,Revisión de fuente o cargador,45.1
929,Laptop,0,0,0,0,0,0,0,0,0,0,0,0,0,0,0,1,0,0,Falla de energía,Revisión de fuente o cargador,41.22
930,Laptop,0,0,0,0,0,0,0,0,0,0,0,0,0,0,0,0,0,0,Falla de energía,Revisión de fuente o cargador,49.56
931,PC de escritorio,0,0,0,0,0,0,0,0,0,0,0,1,1,0,1,0,0,0,Falla de energía,Revisión de fuente o cargador,50.88
932,Laptop,0,0,0,0,0,0,0,0,1,0,0,0,0,0,0,0,0,0,Falla de energía,Revisión de fuente o cargador,41.03
933,PC de escritorio,0,0,0,1,0,0,0,0,0,0,0,0,0,0,0,0,0,1,Falla de energía,Revisión de fuente o cargador,48.67
934,PC de escritorio,0,0,0,0,0,0,0,0,0,0,0,0,1,0,0,0,0,0,Falla de energía,Revisión de fuente o cargador,51.76
935,PC de escritorio,0,0,0,0,0,0,0,0,0,0,0,0,0,0,0,1,0,0,Falla de energía,Revisión de fuente o cargador,45.94
936,PC de escritorio,0,0,0,0,0,0,0,0,0,0,0,1,1,0,0,0,0,0,Falla de energía,Revisión de fuente o cargador,53.55
937,PC de escritorio,0,0,0,0,0,0,0,0,0,0,0,0,0,0,0,0,0,0,Falla de energía,Revisión de fuente o cargador,49.22
938,Laptop,0,0,0,0,0,0,0,0,0,0,0,0,0,0,0,1,0,0,Falla de energía,Revisión de fuente o cargador,49.76
939,PC de escritorio,0,0,0,0,0,0,0,0,0,0,0,0,0,0,0,0,0,1,Falla de energía,Revisión de fuente o cargador,52.99
940,Laptop,0,0,0,0,0,0,0,0,0,0,0,0,0,0,0,1,0,0,Falla de energía,Revisión de fuente o cargador,40.83
941,Laptop,0,0,0,0,0,0,0,0,0,0,1,0,0,0,0,0,0,0,Falla de energía,Revisión de fuente o cargador,53.38
942,Laptop,0,0,0,0,0,0,0,0,0,0,0,0,0,0,0,0,0,0,Falla de energía,Revisión de fuente o cargador,54.34
943,PC de escritorio,0,0,0,0,0,0,1,0,0,0,0,1,0,0,0,1,0,0,Falla de energía,Revisión de fuente o cargador,48.37
944,PC de escritorio,0,0,0,0,0,0,0,0,0,0,0,0,0,0,0,1,0,0,Falla de energía,Revisión de fuente o cargador,44.93
945,PC de escritorio,0,0,0,0,0,0,0,0,0,0,0,0,1,1,0,0,0,0,Falla de energía,Revisión de fuente o cargador,42.46
946,Laptop,0,0,0,0,0,0,0,0,0,0,0,0,1,0,0,0,0,0,Falla de energía,Revisión de fuente o cargador,43.36
947,PC de escritorio,0,0,0,0,1,0,0,0,0,0,0,0,0,0,1,1,0,1,Falla de energía,Revisión de fuente o cargador,41.06
948,PC de escritorio,0,0,0,0,0,0,0,0,0,0,0,1,0,0,0,0,0,0,Falla de energía,Revisión de fuente o cargador,42.42
949,Laptop,0,0,0,0,0,0,0,0,0,0,0,0,0,0,0,0,0,0,Falla de energía,Revisión de fuente o cargador,52.36
950,PC de escritorio,0,0,0,0,0,0,0,0,0,0,0,0,0,0,0,1,0,0,Falla de energía,Revisión de fuente o cargador,51.73
951,PC de escritorio,0,0,0,1,0,0,0,1,0,0,0,0,0,0,0,1,1,0,Falla de energía,Revisión de fuente o cargador,53.31
952,PC de escritorio,0,0,0,0,0,0,0,0,0,0,0,0,1,0,0,0,0,0,Falla de energía,Revisión de fuente o cargador,46.6
953,Laptop,0,0,0,0,0,0,0,0,0,0,0,0,1,0,0,1,0,0,Falla de energía,Revisión de fuente o cargador,46.54
954,PC de escritorio,0,0,0,0,0,0,0,0,0,0,0,0,0,0,0,0,0,0,Falla de energía,Revisión de fuente o cargador,44.98
955,PC de escritorio,0,0,0,0,0,0,0,0,0,0,0,0,0,0,0,0,0,0,Falla de energía,Revisión de fuente o cargador,47.78
956,Laptop,0,0,0,0,0,0,0,0,1,0,0,0,0,0,0,1,0,0,Falla de energía,Revisión de fuente o cargador,42.1
957,Laptop,0,0,0,0,0,0,0,0,0,0,0,0,0,0,0,1,0,0,Falla de energía,Revisión de fuente o cargador,52.79
958,Laptop,0,0,0,0,0,0,0,0,0,0,0,1,0,0,0,1,0,0,Falla de energía,Revisión de fuente o cargador,40.9
959,PC de escritorio,0,0,0,0,0,0,0,0,0,0,0,1,0,0,0,1,1,1,Falla de energía,Revisión de fuente o cargador,48.51
960,Laptop,1,0,0,0,0,0,0,0,0,1,0,0,0,0,0,1,0,1,Falla de energía,Revisión de fuente o cargador,46.55
961,Laptop,0,0,0,1,0,0,1,0,0,0,0,0,0,0,0,0,0,0,Falla de energía,Revisión de fuente o cargador,48.18
962,Laptop,0,0,0,0,0,0,0,0,0,0,0,1,0,0,0,0,1,0,Falla de energía,Revisión de fuente o cargador,46.71
963,Laptop,0,0,1,0,0,0,0,0,1,0,0,1,0,0,1,0,0,0,Falla de energía,Revisión de fuente o cargador,41.15
964,PC de escritorio,0,0,0,0,0,0,0,0,0,0,0,1,1,0,0,1,0,0,Falla de energía,Revisión de fuente o cargador,53.76
965,PC de escritorio,0,0,0,0,0,0,0,0,0,0,0,0,0,0,0,1,0,0,Falla de energía,Revisión de fuente o cargador,54.98
966,Laptop,0,1,0,1,0,0,0,0,0,1,0,0,1,0,0,1,0,0,Falla de energía,Revisión de fuente o cargador,43.79
967,Laptop,1,0,0,0,0,0,0,0,1,0,0,1,1,0,0,1,0,0,Falla de energía,Revisión de fuente o cargador,47.8
968,PC de escritorio,0,0,0,0,0,0,0,0,0,0,0,0,0,0,0,1,0,0,Falla de energía,Revisión de fuente o cargador,43.28
969,Laptop,0,0,0,0,0,0,0,0,0,0,0,0,0,0,0,1,0,0,Falla de energía,Revisión de fuente o cargador,42.11
970,PC de escritorio,1,0,0,1,1,0,1,0,0,0,0,1,0,0,0,1,0,0,Falla de energía,Revisión de fuente o cargador,53.79
971,PC de escritorio,0,0,0,1,1,0,0,0,0,0,0,0,1,0,1,0,0,0,Falla de energía,Revisión de fuente o cargador,49.1
972,PC de escritorio,0,0,0,0,0,0,0,0,0,0,0,1,0,0,0,1,0,0,Falla de energía,Revisión de fuente o cargador,48.33
973,PC de escritorio,0,0,0,0,0,0,0,0,0,0,0,0,1,0,0,0,1,0,Falla de energía,Revisión de fuente o cargador,49.56
974,Laptop,0,0,0,0,0,0,0,1,0,0,0,0,0,0,0,0,0,0,Falla de energía,Revisión de fuente o cargador,54.71
975,PC de escritorio,0,0,0,0,0,0,0,0,0,0,0,0,0,0,0,1,0,0,Falla de energía,Revisión de fuente o cargador,51.35
976,PC de escritorio,0,0,0,0,0,0,0,0,0,0,0,0,0,0,0,0,0,0,Falla de energía,Revisión de fuente o cargador,43.47
977,Laptop,0,0,0,0,0,0,0,0,0,0,0,0,0,0,0,0,0,0,Falla de energía,Revisión de fuente o cargador,53.85
978,Laptop,0,0,1,0,0,0,0,0,0,0,1,1,1,0,0,1,0,1,Falla de energía,Revisión de fuente o cargador,40.98
979,PC de escritorio,0,0,0,0,0,0,0,0,0,0,0,0,0,1,0,1,0,0,Falla de energía,Revisión de fuente o cargador,49.26
980,PC de escritorio,0,0,0,0,0,0,0,0,0,0,0,1,0,0,0,0,0,0,Falla de energía,Revisión de fuente o cargador,53.37
981,PC de escritorio,0,0,0,0,0,0,0,0,0,0,0,0,1,0,0,0,1,0,Falla de energía,Revisión de fuente o cargador,54.65
982,Laptop,0,0,0,0,0,0,0,0,0,0,0,0,0,0,0,1,0,0,Falla de energía,Revisión de fuente o cargador,44.1
983,Laptop,0,0,0,0,0,0,0,0,0,0,0,0,0,0,0,0,0,0,Falla de energía,Revisión de fuente o cargador,51.84
984,PC de escritorio,0,0,0,0,0,0,0,0,0,0,0,0,0,0,0,0,0,0,Falla de energía,Revisión de fuente o cargador,51.09
985,Laptop,0,0,0,0,0,0,0,0,0,0,0,1,0,0,0,1,0,0,Falla de energía,Revisión de fuente o cargador,43.96
986,PC de escritorio,0,0,0,0,0,0,1,0,0,0,0,0,1,0,0,1,0,0,Falla de energía,Revisión de fuente o cargador,40.25
987,PC de escritorio,0,0,0,0,0,0,0,0,0,0,0,0,1,0,0,1,0,0,Falla de energía,Revisión de fuente o cargador,41.54
988,PC de escritorio,0,0,0,0,0,0,0,0,0,0,0,0,0,0,0,0,0,0,Falla de energía,Revisión de fuente o cargador,42.72
989,Laptop,0,0,0,0,0,0,0,0,0,0,0,0,0,0,0,1,0,0,Falla de energía,Revisión de fuente o cargador,52.88
990,Laptop,0,1,0,0,0,0,0,0,1,0,0,0,1,0,0,0,0,0,Falla de energía,Revisión de fuente o cargador,42.45
991,PC de escritorio,0,0,0,0,0,0,0,0,0,0,0,0,1,0,0,0,0,0,Falla de energía,Revisión de fuente o cargador,40.07
992,Laptop,0,0,0,0,0,0,0,0,0,0,0,1,0,0,0,0,0,0,Falla de energía,Revisión de fuente o cargador,41.36
993,PC de escritorio,0,0,0,0,0,0,0,0,0,0,0,0,0,0,0,1,0,0,Falla de energía,Revisión de fuente o cargador,49.42
994,Laptop,0,0,0,0,0,0,0,0,0,0,0,0,0,0,0,0,0,0,Falla de energía,Revisión de fuente o cargador,48.91
995,PC de escritorio,0,0,0,0,0,1,0,0,0,1,0,1,0,1,0,0,1,0,Falla de energía,Revisión de fuente o cargador,47.8
996,PC de escritorio,0,0,0,0,0,0,0,0,0,0,0,0,0,0,0,0,0,0,Falla de energía,Revisión de fuente o cargador,47.61
997,Laptop,0,0,0,0,0,0,0,0,0,0,0,1,0,0,0,0,0,0,Falla de energía,Revisión de fuente o cargador,42.28
998,PC de escritorio,0,0,0,0,0,0,0,0,0,0,0,0,0,0,0,1,0,0,Falla de energía,Revisión de fuente o cargador,45.25
999,Laptop,0,0,0,0,0,0,0,0,0,0,0,0,0,0,0,1,1,0,Falla de energía,Revisión de fuente o cargador,45.93
1000,Laptop,0,0,0,0,0,1,0,1,0,0,0,1,0,0,0,0,0,0,Falla de energía,Revisión de fuente o cargador,46.59
1001,PC de escritorio,0,0,0,1,0,0,0,0,1,0,0,0,0,1,0,1,0,0,Falla de energía,Revisión de fuente o cargador,40.09
1002,Laptop,0,0,0,0,0,0,0,0,0,0,0,1,0,0,0,0,0,0,Falla de energía,Revisión de fuente o cargador,42.31
1003,PC de escritorio,0,0,0,1,0,0,0,1,0,0,0,1,0,0,0,1,0,0,Falla de energía,Revisión de fuente o cargador,41.26
1004,PC de escritorio,0,0,0,1,0,0,0,0,0,0,0,1,0,0,0,0,0,0,Falla de energía,Revisión de fuente o cargador,42.31
1005,PC de escritorio,0,0,0,0,0,0,0,0,0,0,0,0,1,0,0,0,0,1,Falla de energía,Revisión de fuente o cargador,42.09
1006,PC de escritorio,0,0,0,1,0,0,0,0,0,0,0,0,0,1,0,1,0,0,Falla de energía,Revisión de fuente o cargador,50.1
1007,PC de escritorio,0,0,0,0,0,0,0,0,0,0,0,0,0,0,0,0,0,0,Falla de energía,Revisión de fuente o cargador,52.83
1008,Laptop,0,1,0,0,0,0,0,0,0,0,0,0,0,1,0,1,0,0,Falla de energía,Revisión de fuente o cargador,53.2
1009,PC de escritorio,0,0,0,0,0,0,0,0,0,0,0,0,1,0,0,1,0,0,Falla de energía,Revisión de fuente o cargador,52.47
1010,Laptop,0,0,0,0,0,0,0,0,0,0,0,0,1,0,0,1,0,0,Falla de energía,Revisión de fuente o cargador,45.57
1011,PC de escritorio,0,0,0,0,0,0,0,0,0,0,0,1,0,0,0,0,0,0,Falla de energía,Revisión de fuente o cargador,50.73
1012,PC de escritorio,0,0,0,0,0,0,0,0,0,0,0,1,0,0,1,0,1,1,Falla de energía,Revisión de fuente o cargador,51.3
1013,PC de escritorio,1,0,0,0,1,0,1,0,0,0,0,1,0,0,0,1,0,1,Falla de energía,Revisión de fuente o cargador,53.13
1014,Laptop,0,0,0,0,0,0,0,0,0,0,0,0,0,0,0,0,0,0,Falla de energía,Revisión de fuente o cargador,54.22
1015,PC de escritorio,0,0,0,0,0,0,0,0,0,0,1,0,0,0,0,0,0,0,Falla de energía,Revisión de fuente o cargador,52.11
1016,Laptop,0,0,0,0,0,0,0,0,0,0,0,0,0,0,0,0,0,0,Falla de energía,Revisión de fuente o cargador,54.71
1017,PC de escritorio,0,0,0,0,0,0,0,0,0,1,0,1,0,0,0,1,0,0,Falla de energía,Revisión de fuente o cargador,52.67
1018,PC de escritorio,0,0,0,0,0,0,0,0,0,0,0,0,0,0,0,0,0,0,Falla de energía,Revisión de fuente o cargador,54.06
1019,Laptop,0,0,0,0,0,0,0,0,0,0,0,1,0,0,0,0,0,0,Falla de energía,Revisión de fuente o cargador,53.39
1020,PC de escritorio,0,0,0,0,0,0,0,0,0,0,0,0,1,0,0,0,0,0,Falla de energía,Revisión de fuente o cargador,54.84
1021,Laptop,1,0,0,0,0,1,0,0,0,0,0,1,1,1,0,1,0,1,Falla de energía,Revisión de fuente o cargador,53.94
1022,PC de escritorio,1,0,0,0,1,0,0,0,0,0,0,0,0,0,0,0,1,0,Falla de energía,Revisión de fuente o cargador,49.84
1023,PC de escritorio,0,0,0,0,0,0,0,0,0,0,0,1,1,0,0,1,0,0,Falla de energía,Revisión de fuente o cargador,49.98
1024,PC de escritorio,0,0,0,0,0,0,0,0,0,0,0,0,0,0,0,1,0,1,Falla de energía,Revisión de fuente o cargador,51.86
1025,Laptop,1,0,0,0,0,0,0,0,0,0,1,0,0,0,0,1,0,0,Falla de energía,Revisión de fuente o cargador,52.75
1026,PC de escritorio,0,0,0,0,0,0,0,0,0,0,0,0,0,0,0,1,0,0,Falla de energía,Revisión de fuente o cargador,50.74
1027,PC de escritorio,0,0,0,0,0,0,0,0,0,0,0,0,0,0,0,1,0,0,Falla de energía,Revisión de fuente o cargador,40.21
1028,PC de escritorio,0,0,0,1,0,0,0,0,0,0,0,1,0,0,0,0,0,0,Falla de energía,Revisión de fuente o cargador,42.07
1029,PC de escritorio,0,0,0,0,0,0,1,0,0,0,0,0,1,0,0,1,0,0,Falla de energía,Revisión de fuente o cargador,54.24
1030,Laptop,0,0,0,0,0,0,0,0,0,0,1,0,0,0,0,0,1,0,Falla de energía,Revisión de fuente o cargador,52.58
1031,PC de escritorio,0,0,0,0,0,0,0,0,0,0,0,0,0,0,0,0,0,0,Falla de energía,Revisión de fuente o cargador,51.52
1032,Laptop,0,0,0,0,0,1,0,0,0,0,1,1,0,0,1,1,0,0,Falla de energía,Revisión de fuente o cargador,43.46
1033,PC de escritorio,0,0,0,0,0,0,0,0,0,0,0,0,0,0,0,0,0,0,Falla de energía,Revisión de fuente o cargador,41.44
1034,PC de escritorio,0,0,0,0,0,0,0,0,0,0,0,0,0,0,0,0,0,0,Falla de energía,Revisión de fuente o cargador,47.91
1035,PC de escritorio,0,0,0,0,0,0,0,0,0,0,0,0,0,0,0,0,0,0,Falla de energía,Revisión de fuente o cargador,45.96
1036,Laptop,0,0,0,0,0,0,0,0,0,0,0,0,0,0,0,1,0,0,Falla de energía,Revisión de fuente o cargador,46.71
1037,Laptop,0,0,0,0,0,0,0,0,0,0,0,1,0,0,0,0,0,0,Falla de energía,Revisión de fuente o cargador,47.77
1038,PC de escritorio,0,1,0,1,1,0,0,0,0,0,0,0,1,0,1,1,0,0,Falla de energía,Revisión de fuente o cargador,44.63
1039,PC de escritorio,0,0,0,0,0,0,0,0,0,0,0,0,0,0,0,0,0,0,Falla de energía,Revisión de fuente o cargador,54.94
1040,PC de escritorio,0,0,0,0,0,0,1,1,1,0,0,1,0,0,0,1,1,0,Falla de energía,Revisión de fuente o cargador,47.3
1041,PC de escritorio,0,0,1,0,0,0,0,0,0,0,0,0,0,0,0,0,0,0,Falla de hardware,Revisión y cambio de componente,495.5
1042,Laptop,0,1,0,0,0,0,0,0,0,0,0,0,0,0,1,0,0,0,Falla de hardware,Revisión y cambio de componente,836.17
1043,PC de escritorio,0,1,1,0,0,0,0,0,1,0,0,0,0,0,1,0,0,0,Falla de hardware,Revisión y cambio de componente,882.77
1044,PC de escritorio,0,0,0,0,0,0,0,0,0,0,0,0,0,0,0,0,0,0,Falla de hardware,Revisión y cambio de componente,815.32
1045,PC de escritorio,0,1,1,0,0,0,0,0,0,1,0,1,0,1,0,0,0,0,Falla de hardware,Revisión y cambio de componente,780.95
1046,PC de escritorio,1,0,1,0,0,0,1,1,0,0,1,1,0,0,0,0,0,0,Falla de hardware,Revisión y cambio de componente,233.65
1047,Laptop,0,0,1,0,0,0,0,0,0,0,0,1,0,0,1,0,1,1,Falla de hardware,Revisión y cambio de componente,317.2
1048,PC de escritorio,0,1,1,0,0,0,1,0,0,0,0,0,0,0,1,0,1,0,Falla de hardware,Revisión y cambio de componente,409.34
1049,PC de escritorio,0,1,1,0,0,0,0,0,0,0,0,1,0,0,1,0,0,0,Falla de hardware,Revisión y cambio de componente,637.3
1050,Laptop,0,1,1,0,0,0,0,0,0,0,0,0,0,0,1,0,1,0,Falla de hardware,Revisión y cambio de componente,613.27
1051,PC de escritorio,0,1,1,0,1,0,0,0,0,0,0,1,1,0,1,0,0,0,Falla de hardware,Revisión y cambio de componente,708.59
1052,PC de escritorio,0,1,0,0,0,0,0,0,0,0,0,0,0,0,1,0,1,0,Falla de hardware,Revisión y cambio de componente,654.76
1053,PC de escritorio,0,0,0,0,0,0,0,0,0,0,0,0,0,0,1,0,1,0,Falla de hardware,Revisión y cambio de componente,882.06
1054,PC de escritorio,0,1,0,0,0,0,0,0,0,0,0,0,1,0,1,0,0,0,Falla de hardware,Revisión y cambio de componente,483.43
1055,PC de escritorio,0,0,1,1,0,0,0,0,0,0,0,0,1,1,1,1,0,1,Falla de hardware,Revisión y cambio de componente,591.15
1056,PC de escritorio,0,0,0,0,0,0,0,0,0,0,0,0,0,0,1,0,0,0,Falla de hardware,Revisión y cambio de componente,876.26
1057,Laptop,0,0,1,0,0,0,0,0,0,0,0,0,0,0,0,1,0,0,Falla de hardware,Revisión y cambio de componente,210.79
1058,PC de escritorio,0,1,0,0,1,1,0,0,0,0,0,0,0,0,0,1,0,0,Falla de hardware,Revisión y cambio de componente,826.94
1059,Laptop,0,1,0,0,0,0,0,0,0,0,0,1,0,0,1,0,0,0,Falla de hardware,Revisión y cambio de componente,297.24
1060,PC de escritorio,0,1,1,0,0,0,0,0,0,0,0,0,0,0,1,0,0,0,Falla de hardware,Revisión y cambio de componente,329.68
1061,PC de escritorio,0,0,0,0,0,0,0,0,0,0,0,0,0,0,0,0,0,0,Falla de hardware,Revisión y cambio de componente,351.47
1062,PC de escritorio,0,1,1,0,0,0,0,1,0,0,0,0,0,0,1,0,0,0,Falla de hardware,Revisión y cambio de componente,525.34
1063,Laptop,0,0,1,0,0,0,0,0,0,0,0,0,0,0,1,0,1,0,Falla de hardware,Revisión y cambio de componente,762.2
1064,PC de escritorio,0,0,1,0,0,0,0,0,0,0,0,0,0,0,0,0,1,0,Falla de hardware,Revisión y cambio de componente,543.17
1065,PC de escritorio,0,1,1,0,0,0,0,0,0,0,0,0,0,0,0,0,0,0,Falla de hardware,Revisión y cambio de componente,588.78
1066,PC de escritorio,0,0,1,0,0,0,0,0,0,0,0,0,0,0,0,0,0,0,Falla de hardware,Revisión y cambio de componente,467.59
1067,PC de escritorio,0,1,1,0,0,0,0,0,0,0,0,0,0,0,1,0,0,0,Falla de hardware,Revisión y cambio de componente,842.75
1068,PC de escritorio,0,1,1,0,0,0,0,0,0,0,0,0,0,0,0,0,0,0,Falla de hardware,Revisión y cambio de componente,444.02
1069,Laptop,0,0,0,0,0,0,0,0,0,0,0,1,0,0,0,0,0,0,Falla de hardware,Revisión y cambio de componente,341.89
1070,Laptop,1,1,0,1,0,1,0,0,1,0,1,0,0,1,1,0,0,0,Falla de hardware,Revisión y cambio de componente,545.56
1071,Laptop,0,0,0,0,0,0,0,0,0,0,1,0,0,0,1,0,0,0,Falla de hardware,Revisión y cambio de componente,890.58
1072,PC de escritorio,0,0,1,0,0,0,0,0,0,0,0,0,0,0,1,0,0,0,Falla de hardware,Revisión y cambio de componente,555.17
1073,PC de escritorio,0,0,1,0,0,0,0,0,0,0,0,0,0,0,0,0,0,0,Falla de hardware,Revisión y cambio de componente,403.97
1074,PC de escritorio,0,1,0,0,0,0,0,0,0,1,0,0,0,0,1,0,1,0,Falla de hardware,Revisión y cambio de componente,363.42
1075,Laptop,1,1,0,0,0,0,0,0,1,0,1,0,0,0,1,0,0,0,Falla de hardware,Revisión y cambio de componente,627.74
1076,PC de escritorio,0,0,1,0,0,0,0,0,0,0,0,0,0,0,0,0,0,0,Falla de hardware,Revisión y cambio de componente,821.21
1077,PC de escritorio,0,1,0,1,0,0,0,0,0,0,0,0,0,0,0,0,1,0,Falla de hardware,Revisión y cambio de componente,234.77
1078,Laptop,0,1,0,0,0,0,1,0,0,0,1,0,0,0,1,0,0,0,Falla de hardware,Revisión y cambio de componente,591.21
1079,PC de escritorio,0,0,0,0,1,0,0,0,0,0,0,1,0,0,0,0,1,0,Falla de hardware,Revisión y cambio de componente,369.78
1080,Laptop,0,0,0,0,0,0,0,0,0,0,0,1,0,0,0,0,0,0,Falla de hardware,Revisión y cambio de componente,738.0
1081,PC de escritorio,0,0,1,0,0,1,0,0,0,0,1,0,0,0,1,0,1,0,Falla de hardware,Revisión y cambio de componente,767.14
1082,PC de escritorio,0,1,1,0,0,0,0,0,1,0,0,1,0,0,0,1,1,0,Falla de hardware,Revisión y cambio de componente,463.84
1083,Laptop,0,0,1,0,0,0,1,0,0,0,0,0,0,0,0,0,0,0,Falla de hardware,Revisión y cambio de componente,560.69
1084,PC de escritorio,0,1,0,0,0,0,0,0,0,0,0,0,0,0,1,0,0,0,Falla de hardware,Revisión y cambio de componente,692.34
1085,Laptop,0,1,0,0,0,0,0,0,0,0,0,0,1,0,1,0,1,0,Falla de hardware,Revisión y cambio de componente,654.92
1086,Laptop,0,0,1,0,0,0,0,0,0,0,0,0,0,0,0,0,0,0,Falla de hardware,Revisión y cambio de componente,873.3
1087,PC de escritorio,0,1,1,0,0,0,1,0,0,0,0,0,0,0,1,0,0,0,Falla de hardware,Revisión y cambio de componente,813.5
1088,Laptop,0,1,1,0,0,0,0,0,0,0,1,0,0,0,1,1,0,0,Falla de hardware,Revisión y cambio de componente,318.33
1089,Laptop,0,1,1,0,0,0,0,0,0,0,0,0,0,0,0,0,1,0,Falla de hardware,Revisión y cambio de componente,266.56
1090,Laptop,0,0,1,0,0,0,0,0,0,0,0,0,0,0,0,0,0,0,Falla de hardware,Revisión y cambio de componente,393.27
1091,PC de escritorio,0,0,1,0,0,0,0,0,0,0,0,0,0,0,0,0,0,0,Falla de hardware,Revisión y cambio de componente,771.38
1092,Laptop,0,0,1,0,0,0,0,0,0,0,0,0,0,1,1,0,0,1,Falla de hardware,Revisión y cambio de componente,549.44
1093,PC de escritorio,0,0,1,0,1,0,0,0,0,0,0,1,1,0,0,0,1,0,Falla de hardware,Revisión y cambio de componente,770.19
1094,PC de escritorio,0,0,0,0,0,0,0,0,0,0,0,0,0,0,0,0,0,0,Falla de hardware,Revisión y cambio de componente,327.58
1095,PC de escritorio,0,1,1,0,0,0,0,0,0,0,0,0,0,0,0,0,0,0,Falla de hardware,Revisión y cambio de componente,458.33
1096,PC de escritorio,0,1,1,0,0,0,0,0,0,0,0,0,0,0,0,0,0,0,Falla de hardware,Revisión y cambio de componente,628.94
1097,PC de escritorio,0,1,0,0,0,0,0,0,0,0,0,1,0,0,0,0,0,0,Falla de hardware,Revisión y cambio de componente,807.11
1098,PC de escritorio,1,0,0,0,1,0,0,0,0,0,0,0,0,0,1,1,0,0,Falla de hardware,Revisión y cambio de componente,856.36
1099,Laptop,0,1,1,0,0,0,0,0,0,0,0,0,0,0,1,0,0,0,Falla de hardware,Revisión y cambio de componente,824.76
1100,Laptop,0,1,1,0,0,0,0,0,0,0,0,0,0,0,1,0,1,0,Falla de hardware,Revisión y cambio de componente,336.88
1101,Laptop,0,1,1,0,0,0,0,0,0,0,0,0,0,0,1,0,0,0,Falla de hardware,Revisión y cambio de componente,567.41
1102,PC de escritorio,0,0,1,0,0,0,0,0,0,0,0,1,0,0,1,0,0,0,Falla de hardware,Revisión y cambio de componente,264.02
1103,Laptop,0,1,0,0,0,0,0,0,0,0,0,0,0,0,1,0,0,0,Falla de hardware,Revisión y cambio de componente,866.64
1104,PC de escritorio,0,0,0,0,0,0,0,0,0,0,0,1,0,0,0,0,1,0,Falla de hardware,Revisión y cambio de componente,552.87
1105,PC de escritorio,0,0,0,0,0,0,0,0,0,0,0,1,0,1,0,0,1,0,Falla de hardware,Revisión y cambio de componente,872.8
1106,Laptop,0,1,1,0,0,0,0,0,0,0,0,0,0,1,1,1,0,0,Falla de hardware,Revisión y cambio de componente,586.92
1107,Laptop,0,1,1,0,0,0,0,0,0,0,0,0,0,0,1,0,0,0,Falla de hardware,Revisión y cambio de componente,856.42
1108,PC de escritorio,0,1,1,0,0,0,0,0,0,0,0,1,0,0,1,0,1,0,Falla de hardware,Revisión y cambio de componente,348.06
1109,Laptop,0,1,1,0,0,0,0,0,0,0,0,0,0,0,1,0,0,0,Falla de hardware,Revisión y cambio de componente,760.83
1110,Laptop,0,1,0,0,0,0,0,0,0,0,0,0,0,0,1,0,1,0,Falla de hardware,Revisión y cambio de componente,312.19
1111,Laptop,1,0,0,0,0,0,0,0,0,0,0,1,0,0,0,0,0,0,Falla de hardware,Revisión y cambio de componente,663.91
1112,Laptop,1,1,1,0,1,0,0,1,0,0,0,1,0,1,1,0,0,0,Falla de hardware,Revisión y cambio de componente,703.56
1113,Laptop,0,1,0,0,0,0,0,0,0,0,0,0,0,0,0,0,0,0,Falla de hardware,Revisión y cambio de componente,570.6
1114,PC de escritorio,0,1,0,0,0,0,0,0,0,0,0,0,0,0,0,0,0,0,Falla de hardware,Revisión y cambio de componente,548.34
1115,Laptop,0,1,1,0,1,0,0,0,0,1,0,0,1,1,0,0,0,0,Falla de hardware,Revisión y cambio de componente,629.89
1116,Laptop,0,0,0,0,0,0,0,0,0,0,0,0,0,0,1,0,1,0,Falla de hardware,Revisión y cambio de componente,389.91
1117,Laptop,0,1,0,0,0,1,0,0,0,0,0,0,0,0,0,0,1,0,Falla de hardware,Revisión y cambio de componente,887.53
1118,PC de escritorio,1,0,0,0,0,0,0,0,0,0,0,0,0,0,0,0,0,0,Falla de hardware,Revisión y cambio de componente,457.33
1119,PC de escritorio,0,1,0,0,0,0,0,0,0,0,0,0,0,0,1,0,0,0,Falla de hardware,Revisión y cambio de componente,838.41
1120,PC de escritorio,0,1,1,1,0,0,0,0,0,0,0,0,0,0,1,0,0,0,Falla de hardware,Revisión y cambio de componente,883.28
1121,PC de escritorio,0,1,1,0,0,0,0,0,0,0,0,0,0,0,0,0,0,0,Falla de hardware,Revisión y cambio de componente,230.0
1122,PC de escritorio,0,0,0,0,0,0,0,0,0,0,0,0,0,0,0,0,0,0,Falla de hardware,Revisión y cambio de componente,460.99
1123,PC de escritorio,0,0,1,1,0,0,0,0,0,0,0,1,0,0,0,0,1,0,Falla de hardware,Revisión y cambio de componente,302.03
1124,Laptop,0,0,1,0,0,0,0,1,0,0,0,0,0,0,1,0,0,0,Falla de hardware,Revisión y cambio de componente,565.3
1125,PC de escritorio,0,1,0,0,0,0,1,0,0,0,0,0,0,0,1,0,1,0,Falla de hardware,Revisión y cambio de componente,753.24
1126,Laptop,0,0,1,0,0,0,0,0,0,1,0,0,0,0,0,0,0,0,Falla de hardware,Revisión y cambio de componente,523.52
1127,Laptop,0,1,1,0,0,0,0,0,0,0,0,0,0,0,0,0,0,0,Falla de hardware,Revisión y cambio de componente,607.95
1128,PC de escritorio,0,0,0,0,0,0,1,0,0,0,0,0,0,0,1,0,1,0,Falla de hardware,Revisión y cambio de componente,528.44
1129,PC de escritorio,0,1,1,0,0,0,0,0,1,0,0,0,0,0,0,0,1,0,Falla de hardware,Revisión y cambio de componente,494.01
1130,PC de escritorio,0,1,0,0,0,0,0,0,0,0,0,1,0,0,1,0,0,0,Falla de hardware,Revisión y cambio de componente,579.19
1131,PC de escritorio,0,0,1,0,0,1,1,0,1,0,0,1,0,0,1,0,0,1,Falla de hardware,Revisión y cambio de componente,457.01
1132,PC de escritorio,0,0,0,0,0,0,0,0,1,0,0,1,0,0,0,0,0,0,Falla de hardware,Revisión y cambio de componente,544.39
1133,Laptop,0,1,1,0,0,0,0,0,0,0,0,0,0,0,0,0,0,0,Falla de hardware,Revisión y cambio de componente,472.79
1134,PC de escritorio,0,0,0,0,0,0,0,0,0,0,0,0,0,0,0,0,1,0,Falla de hardware,Revisión y cambio de componente,768.99
1135,PC de escritorio,0,1,0,0,0,0,0,0,0,0,0,0,0,0,0,0,1,0,Falla de hardware,Revisión y cambio de componente,484.84
1136,Laptop,0,1,1,0,0,0,1,1,0,0,0,1,0,0,1,0,0,0,Falla de hardware,Revisión y cambio de componente,666.54
1137,Laptop,0,1,0,0,0,0,0,0,0,0,0,0,0,0,0,0,0,0,Falla de hardware,Revisión y cambio de componente,893.12
1138,PC de escritorio,0,0,0,1,0,0,0,0,0,1,0,0,1,1,1,0,0,0,Falla de hardware,Revisión y cambio de componente,324.01
1139,PC de escritorio,0,1,0,0,0,0,0,1,0,1,0,0,0,0,1,0,0,0,Falla de hardware,Revisión y cambio de componente,895.14
1140,Laptop,0,1,0,0,0,0,0,0,0,0,0,0,0,0,0,0,0,0,Falla de hardware,Revisión y cambio de componente,310.36
1141,PC de escritorio,0,1,1,0,1,1,0,0,0,0,0,0,0,0,0,0,0,0,Falla de hardware,Revisión y cambio de componente,619.34
1142,PC de escritorio,0,1,1,0,0,0,0,0,1,0,0,0,0,0,0,0,0,0,Falla de hardware,Revisión y cambio de componente,750.6
1143,Laptop,0,1,1,0,0,0,0,0,0,1,0,0,0,0,0,0,0,0,Falla de hardware,Revisión y cambio de componente,478.08
1144,Laptop,0,1,0,0,0,0,0,0,0,0,0,0,0,0,0,0,0,0,Falla de hardware,Revisión y cambio de componente,333.78
1145,Laptop,0,0,1,1,0,0,0,0,0,0,0,0,0,0,0,0,0,0,Falla de hardware,Revisión y cambio de componente,598.29
1146,PC de escritorio,0,1,1,0,0,0,0,0,0,1,0,1,0,0,1,0,1,0,Falla de hardware,Revisión y cambio de componente,816.42
1147,Laptop,0,1,1,0,0,0,0,0,0,0,0,0,0,0,0,0,0,0,Falla de hardware,Revisión y cambio de componente,387.17
1148,PC de escritorio,0,0,1,0,0,0,0,0,0,0,0,0,0,0,1,0,1,0,Falla de hardware,Revisión y cambio de componente,594.62
1149,PC de escritorio,0,0,0,0,0,0,0,0,0,0,0,0,1,0,1,0,0,0,Falla de hardware,Revisión y cambio de componente,371.74
1150,Laptop,0,1,0,0,0,0,0,0,0,0,0,0,0,0,1,0,0,0,Falla de hardware,Revisión y cambio de componente,207.62
1151,Laptop,0,1,0,0,0,0,0,0,0,0,0,0,0,0,0,0,0,0,Falla de hardware,Revisión y cambio de componente,536.08
1152,Laptop,0,1,1,0,0,0,0,0,0,0,0,0,0,0,1,1,1,0,Falla de hardware,Revisión y cambio de componente,226.55
1153,PC de escritorio,0,1,1,0,0,0,0,0,0,0,0,1,0,0,1,0,1,0,Falla de hardware,Revisión y cambio de componente,256.91
1154,Laptop,0,1,1,0,0,0,0,0,0,0,0,0,0,0,0,0,1,0,Falla de hardware,Revisión y cambio de componente,840.28
1155,PC de escritorio,0,0,0,0,0,0,0,0,0,0,0,0,0,0,0,0,1,0,Falla de hardware,Revisión y cambio de componente,847.0
1156,Laptop,1,1,1,1,0,0,0,0,1,0,0,0,0,0,0,0,1,1,Falla de hardware,Revisión y cambio de componente,715.93
1157,PC de escritorio,0,1,1,0,0,1,0,0,0,0,1,0,0,0,1,0,1,0,Falla de hardware,Revisión y cambio de componente,729.96
1158,PC de escritorio,0,1,1,0,0,0,0,0,0,0,0,0,0,0,1,0,0,0,Falla de hardware,Revisión y cambio de componente,708.12
1159,PC de escritorio,0,1,0,0,0,0,0,0,0,0,0,0,0,0,0,0,0,0,Falla de hardware,Revisión y cambio de componente,653.57
1160,Laptop,0,1,1,0,0,0,0,0,0,0,0,0,0,0,1,0,0,0,Falla de hardware,Revisión y cambio de componente,364.94
1161,PC de escritorio,0,0,1,0,0,0,0,0,1,0,0,0,0,0,1,0,0,0,Falla de hardware,Revisión y cambio de componente,875.55
1162,PC de escritorio,1,0,1,0,0,0,0,0,0,1,0,1,0,0,0,0,0,0,Falla de hardware,Revisión y cambio de componente,682.02
1163,PC de escritorio,1,0,1,0,1,1,1,0,0,0,0,0,0,0,1,0,0,0,Falla de hardware,Revisión y cambio de componente,809.74
1164,PC de escritorio,0,0,0,0,0,1,0,0,0,0,1,0,0,0,0,0,1,1,Falla de hardware,Revisión y cambio de componente,680.62
1165,Laptop,0,1,1,0,0,0,0,0,0,0,0,0,0,1,1,0,0,0,Falla de hardware,Revisión y cambio de componente,832.43
1166,Laptop,0,0,0,0,0,0,0,0,0,0,0,0,0,0,1,0,0,0,Falla de hardware,Revisión y cambio de componente,301.01
1167,PC de escritorio,1,1,1,0,0,0,0,0,0,0,0,0,0,1,0,0,1,0,Falla de hardware,Revisión y cambio de componente,346.98
1168,Laptop,0,1,1,0,0,0,0,0,0,0,0,0,0,0,0,0,0,0,Falla de hardware,Revisión y cambio de componente,725.18
1169,Laptop,0,1,0,0,0,0,0,0,0,0,0,1,0,0,0,0,0,0,Falla de hardware,Revisión y cambio de componente,680.82
1170,Laptop,0,1,0,1,0,0,0,0,0,0,1,0,0,0,0,1,1,0,Falla de hardware,Revisión y cambio de componente,416.55
1171,Laptop,0,1,1,0,0,0,0,1,0,1,0,1,0,0,1,1,0,0,Falla de hardware,Revisión y cambio de componente,539.54
1172,Laptop,0,1,1,0,0,0,0,1,0,0,0,0,0,0,0,0,1,0,Falla de hardware,Revisión y cambio de componente,278.03
1173,PC de escritorio,0,0,0,0,0,0,0,0,0,0,0,1,0,0,1,0,0,0,Falla de hardware,Revisión y cambio de componente,782.55
1174,Laptop,0,1,1,0,0,0,0,0,0,0,0,0,0,0,1,0,0,0,Falla de hardware,Revisión y cambio de componente,353.18
1175,PC de escritorio,0,0,0,0,0,0,0,0,0,0,0,0,0,0,1,0,0,0,Falla de hardware,Revisión y cambio de componente,574.48
1176,Laptop,0,0,1,0,1,0,0,0,1,0,0,0,0,0,1,0,0,0,Falla de hardware,Revisión y cambio de componente,364.82
1177,PC de escritorio,0,1,1,0,0,0,1,0,0,1,0,0,0,0,1,0,0,0,Falla de hardware,Revisión y cambio de componente,384.39
1178,PC de escritorio,0,1,1,0,0,0,0,0,0,0,0,0,0,0,0,0,1,0,Falla de hardware,Revisión y cambio de componente,572.5
1179,Laptop,0,1,1,0,0,0,0,0,0,0,0,0,0,0,0,0,1,0,Falla de hardware,Revisión y cambio de componente,506.1
1180,Laptop,0,0,1,0,0,0,0,0,0,1,0,0,1,0,1,0,0,1,Falla de hardware,Revisión y cambio de componente,773.42
1181,Laptop,1,0,1,0,0,0,0,0,1,1,0,1,0,0,1,0,0,0,Falla de hardware,Revisión y cambio de componente,506.33
1182,Laptop,0,1,1,0,0,0,0,0,0,0,0,0,0,0,0,0,0,0,Falla de hardware,Revisión y cambio de componente,715.53
1183,PC de escritorio,0,0,1,0,0,0,1,0,0,0,0,0,0,0,0,0,0,0,Falla de hardware,Revisión y cambio de componente,738.4
1184,PC de escritorio,0,0,0,0,0,1,0,0,0,0,0,0,0,0,1,0,0,0,Falla de hardware,Revisión y cambio de componente,640.14
1185,PC de escritorio,0,1,1,0,0,0,0,0,0,0,0,0,0,0,0,0,0,0,Falla de hardware,Revisión y cambio de componente,301.74
1186,Laptop,0,0,1,0,0,0,0,0,1,0,0,0,1,0,1,1,0,1,Falla de hardware,Revisión y cambio de componente,680.77
1187,Laptop,0,1,0,0,0,0,0,0,0,0,1,1,0,0,1,0,0,0,Falla de hardware,Revisión y cambio de componente,364.99
1188,Laptop,0,1,1,0,0,0,0,0,0,0,1,0,0,0,0,0,0,0,Falla de hardware,Revisión y cambio de componente,296.45
1189,Laptop,0,0,0,0,0,0,0,0,0,0,0,0,0,0,0,0,0,0,Falla de hardware,Revisión y cambio de componente,688.98
1190,PC de escritorio,0,1,0,0,0,0,0,0,0,0,0,1,0,0,0,0,0,0,Falla de hardware,Revisión y cambio de componente,568.37
1191,Laptop,0,1,1,0,0,0,1,0,0,0,0,0,0,1,0,1,0,0,Falla de hardware,Revisión y cambio de componente,871.92
1192,Laptop,0,0,1,0,0,0,0,0,0,0,0,0,0,0,0,0,0,0,Falla de hardware,Revisión y cambio de componente,424.88
1193,Laptop,0,1,1,0,0,0,0,0,0,0,0,0,0,0,0,0,1,0,Falla de hardware,Revisión y cambio de componente,598.28
1194,PC de escritorio,0,0,1,0,1,0,0,0,0,0,0,0,0,1,1,1,1,0,Falla de hardware,Revisión y cambio de componente,570.66
1195,Laptop,0,1,1,0,0,0,0,0,0,0,1,1,0,0,0,0,0,0,Falla de hardware,Revisión y cambio de componente,680.82
1196,PC de escritorio,0,1,1,0,0,0,0,1,1,0,1,0,0,0,1,1,1,0,Falla de hardware,Revisión y cambio de componente,897.83
1197,PC de escritorio,0,1,0,0,0,0,0,1,0,0,0,0,0,0,1,0,0,0,Falla de hardware,Revisión y cambio de componente,586.0
1198,PC de escritorio,0,1,0,0,0,0,0,0,0,0,0,0,0,0,0,0,0,0,Falla de hardware,Revisión y cambio de componente,216.07
1199,PC de escritorio,0,1,1,0,0,0,0,0,0,0,0,0,0,0,0,0,0,0,Falla de hardware,Revisión y cambio de componente,377.52
1200,Laptop,1,0,1,0,0,0,0,0,0,0,0,0,0,0,0,0,0,0,Falla de hardware,Revisión y cambio de componente,410.81
1201,PC de escritorio,0,0,1,0,0,0,0,0,0,0,0,1,0,0,0,0,0,0,Falla de hardware,Revisión y cambio de componente,471.11
1202,Laptop,1,1,0,0,0,0,0,0,0,0,0,1,0,0,1,0,1,0,Falla de hardware,Revisión y cambio de componente,467.05
1203,PC de escritorio,0,1,1,0,0,0,0,0,0,0,0,0,0,0,1,0,0,0,Falla de hardware,Revisión y cambio de componente,645.5
1204,PC de escritorio,1,1,1,0,1,0,0,1,0,0,0,0,1,0,1,0,1,0,Falla de hardware,Revisión y cambio de componente,877.49
1205,PC de escritorio,0,1,1,0,0,0,0,0,0,0,0,1,0,0,1,0,0,0,Falla de hardware,Revisión y cambio de componente,478.44
1206,PC de escritorio,0,0,1,0,0,1,0,0,1,1,0,0,0,1,0,0,0,0,Falla de hardware,Revisión y cambio de componente,577.6
1207,Laptop,1,1,1,0,0,0,1,0,0,0,0,0,1,0,1,1,0,0,Falla de hardware,Revisión y cambio de componente,657.58
1208,Laptop,1,1,1,1,0,0,0,0,0,0,0,0,0,1,1,0,1,0,Falla de hardware,Revisión y cambio de componente,397.78
1209,Laptop,0,1,0,0,0,0,1,0,0,0,0,1,0,0,1,0,0,0,Falla de hardware,Revisión y cambio de componente,679.57
1210,Laptop,0,1,0,0,0,0,0,0,0,0,0,0,0,0,0,0,1,0,Falla de hardware,Revisión y cambio de componente,873.05
1211,PC de escritorio,0,0,0,1,0,0,0,0,0,0,0,1,0,1,1,0,0,0,Falla de hardware,Revisión y cambio de componente,734.92
1212,PC de escritorio,1,1,0,0,1,0,0,0,0,0,0,0,0,1,1,1,1,0,Falla de hardware,Revisión y cambio de componente,642.61
1213,Laptop,0,0,1,0,0,0,0,0,0,0,0,0,0,0,0,1,0,0,Falla de hardware,Revisión y cambio de componente,320.29
1214,Laptop,0,1,0,0,0,0,0,0,0,0,0,0,0,0,1,0,0,0,Falla de hardware,Revisión y cambio de componente,465.33
1215,Laptop,0,1,1,0,0,0,0,0,0,1,0,1,0,0,0,0,0,0,Falla de hardware,Revisión y cambio de componente,232.65
1216,PC de escritorio,0,1,0,0,0,0,0,0,0,0,0,0,0,0,1,0,0,0,Falla de hardware,Revisión y cambio de componente,782.45
1217,Laptop,1,1,1,0,0,1,0,1,0,0,0,0,0,0,1,1,1,0,Falla de hardware,Revisión y cambio de componente,761.8
1218,PC de escritorio,0,1,1,1,0,1,0,0,1,1,1,1,0,0,1,0,0,0,Falla de hardware,Revisión y cambio de componente,384.11
1219,PC de escritorio,0,0,0,0,0,0,1,0,0,0,0,1,1,0,1,0,1,0,Falla de hardware,Revisión y cambio de componente,551.15
1220,PC de escritorio,0,1,1,0,0,0,0,0,0,0,0,0,0,0,0,0,1,0,Falla de hardware,Revisión y cambio de componente,391.39
1221,Laptop,0,1,1,0,1,0,0,0,0,0,0,0,0,0,0,0,1,0,Falla de hardware,Revisión y cambio de componente,779.77
1222,Laptop,0,1,1,0,0,0,0,0,0,0,0,1,0,0,0,0,1,0,Falla de hardware,Revisión y cambio de componente,497.46
1223,Laptop,0,1,1,0,0,0,0,0,0,0,0,0,0,0,0,0,0,0,Falla de hardware,Revisión y cambio de componente,441.9
1224,PC de escritorio,0,1,0,0,0,0,0,0,0,0,0,0,0,0,1,0,0,0,Falla de hardware,Revisión y cambio de componente,872.75
1225,Laptop,0,0,0,0,0,0,0,0,0,0,0,1,0,0,1,0,0,1,Falla de hardware,Revisión y cambio de componente,507.65
1226,Laptop,0,1,0,0,0,0,0,0,0,0,0,1,0,0,1,0,0,0,Falla de hardware,Revisión y cambio de componente,207.24
1227,PC de escritorio,1,0,0,0,0,1,0,0,0,0,0,0,0,0,0,0,1,0,Falla de hardware,Revisión y cambio de componente,634.87
1228,PC de escritorio,0,0,0,0,0,0,0,0,0,0,0,1,0,0,0,0,0,0,Falla de hardware,Revisión y cambio de componente,820.61
1229,Laptop,1,1,0,0,0,0,1,1,0,0,0,0,0,1,0,0,0,1,Falla de hardware,Revisión y cambio de componente,404.5
1230,Laptop,0,1,1,0,0,0,0,0,0,0,0,1,0,0,0,0,0,0,Falla de hardware,Revisión y cambio de componente,647.23
1231,Laptop,0,1,1,0,0,0,0,0,0,0,0,0,1,0,0,0,0,0,Falla de hardware,Revisión y cambio de componente,652.9
1232,PC de escritorio,0,1,1,0,0,0,0,0,0,0,0,0,0,0,1,0,0,0,Falla de hardware,Revisión y cambio de componente,824.21
1233,PC de escritorio,0,1,1,0,0,0,0,0,0,0,0,0,0,0,0,0,0,0,Falla de hardware,Revisión y cambio de componente,699.26
1234,Laptop,0,1,0,0,0,0,0,0,0,0,0,0,0,0,1,0,0,0,Falla de hardware,Revisión y cambio de componente,768.77
1235,PC de escritorio,0,1,0,0,1,0,0,0,0,0,0,0,0,0,0,0,0,0,Falla de hardware,Revisión y cambio de componente,455.63
1236,PC de escritorio,0,1,0,0,0,0,0,0,0,1,0,0,0,1,0,0,0,0,Falla de hardware,Revisión y cambio de componente,703.07
1237,Laptop,1,1,1,0,1,0,0,0,0,0,0,1,0,0,0,1,0,0,Falla de hardware,Revisión y cambio de componente,727.39
1238,PC de escritorio,0,1,0,0,0,0,0,0,0,0,0,0,0,0,1,0,0,0,Falla de hardware,Revisión y cambio de componente,236.23
1239,Laptop,0,1,0,0,0,0,0,1,0,0,0,1,1,0,1,0,0,1,Falla de hardware,Revisión y cambio de componente,483.42
1240,PC de escritorio,0,0,1,0,0,0,0,0,0,0,0,0,0,1,1,0,1,0,Falla de hardware,Revisión y cambio de componente,209.18
1241,PC de escritorio,0,1,1,0,0,0,0,0,0,0,0,1,0,0,0,0,1,0,Falla de hardware,Revisión y cambio de componente,658.93
1242,PC de escritorio,0,1,0,1,1,1,0,0,0,0,0,0,1,0,1,0,0,0,Falla de hardware,Revisión y cambio de componente,770.18
1243,Laptop,0,0,1,0,0,0,0,0,0,0,0,0,1,0,1,0,0,0,Falla de hardware,Revisión y cambio de componente,332.76
1244,Laptop,0,0,1,0,0,0,0,0,0,0,0,1,0,0,1,0,0,0,Falla de hardware,Revisión y cambio de componente,701.93
1245,PC de escritorio,0,0,0,0,0,0,0,0,0,0,0,0,0,1,1,0,1,0,Falla de hardware,Revisión y cambio de componente,387.0
1246,PC de escritorio,0,1,0,0,0,0,0,0,0,0,0,0,0,0,0,0,1,0,Falla de hardware,Revisión y cambio de componente,428.72
1247,Laptop,0,0,0,0,0,0,0,0,0,0,1,0,0,0,1,0,0,0,Falla de hardware,Revisión y cambio de componente,629.87
1248,Laptop,0,1,1,0,0,0,0,0,0,0,0,0,0,0,0,1,0,0,Falla de hardware,Revisión y cambio de componente,850.1
1249,PC de escritorio,1,0,0,1,0,1,0,0,0,0,1,1,0,0,1,0,0,0,Falla de hardware,Revisión y cambio de componente,369.32
1250,PC de escritorio,1,1,0,0,0,0,0,0,0,0,0,0,0,0,0,0,1,0,Falla de hardware,Revisión y cambio de componente,526.09
1251,PC de escritorio,0,1,1,0,0,0,0,0,0,0,0,1,0,0,1,0,1,0,Falla de hardware,Revisión y cambio de componente,823.69
1252,PC de escritorio,0,1,1,0,0,0,1,0,0,0,0,0,0,0,1,0,1,1,Falla de hardware,Revisión y cambio de componente,649.54
1253,PC de escritorio,0,1,0,0,0,0,0,0,0,0,0,0,0,0,0,0,0,0,Falla de hardware,Revisión y cambio de componente,873.51
1254,Laptop,0,0,0,0,0,0,0,0,0,0,1,0,0,0,1,1,0,0,Falla de hardware,Revisión y cambio de componente,612.76
1255,PC de escritorio,1,1,0,0,1,0,0,0,0,0,0,1,0,0,1,0,1,0,Falla de hardware,Revisión y cambio de componente,607.9
1256,PC de escritorio,0,1,0,0,0,0,0,0,0,0,0,0,0,0,1,0,1,0,Falla de hardware,Revisión y cambio de componente,586.38
1257,Laptop,0,1,1,0,1,0,0,1,0,0,0,0,0,1,0,0,1,0,Falla de hardware,Revisión y cambio de componente,840.5
1258,PC de escritorio,0,1,1,0,0,0,0,0,0,0,0,0,0,0,1,0,0,0,Falla de hardware,Revisión y cambio de componente,649.45
1259,PC de escritorio,1,1,1,0,0,1,0,1,0,1,1,1,0,0,1,0,1,0,Falla de hardware,Revisión y cambio de componente,580.19
1260,Laptop,0,1,0,0,0,0,0,0,0,0,0,0,0,1,0,0,0,0,Falla de hardware,Revisión y cambio de componente,252.08
1261,PC de escritorio,0,1,1,0,0,0,0,0,0,1,0,1,0,0,1,0,0,0,Falla de hardware,Revisión y cambio de componente,221.83
1262,PC de escritorio,0,0,0,0,0,1,0,0,0,0,0,0,0,0,0,0,1,0,Falla de hardware,Revisión y cambio de componente,737.36
1263,Laptop,0,0,0,0,0,0,0,0,0,1,0,0,0,0,0,0,0,0,Falla de hardware,Revisión y cambio de componente,251.55
1264,Laptop,0,0,0,0,0,0,0,0,0,0,0,0,0,0,0,0,0,0,Falla de hardware,Revisión y cambio de componente,699.16
1265,Laptop,0,1,1,0,0,0,1,0,0,0,0,1,0,0,1,0,0,0,Falla de hardware,Revisión y cambio de componente,850.73
1266,PC de escritorio,0,1,1,0,0,0,0,0,0,0,0,0,0,0,0,0,1,0,Falla de hardware,Revisión y cambio de componente,367.87
1267,Laptop,0,1,1,0,0,0,0,0,0,0,0,0,0,0,1,0,0,0,Falla de hardware,Revisión y cambio de componente,234.97
1268,Laptop,0,0,0,0,1,0,0,0,0,0,0,0,0,0,0,1,0,0,Falla de hardware,Revisión y cambio de componente,835.24
1269,Laptop,0,1,1,0,0,0,0,0,0,0,0,0,0,0,0,0,0,0,Falla de hardware,Revisión y cambio de componente,359.78
1270,Laptop,0,0,0,0,0,0,0,0,0,0,0,1,0,0,0,0,0,0,Falla de hardware,Revisión y cambio de componente,361.01
1271,Laptop,0,1,1,0,0,0,0,1,0,0,0,0,0,1,0,0,0,0,Falla de hardware,Revisión y cambio de componente,830.19
1272,PC de escritorio,0,1,0,0,0,0,1,0,0,0,0,0,0,0,1,0,0,1,Falla de hardware,Revisión y cambio de componente,567.88
1273,PC de escritorio,0,1,1,0,0,0,0,0,0,0,0,0,0,0,1,0,0,0,Falla de hardware,Revisión y cambio de componente,743.47
1274,Laptop,1,1,1,1,0,0,0,0,1,0,0,1,0,1,1,1,0,1,Falla de hardware,Revisión y cambio de componente,295.82
1275,Laptop,0,1,1,0,0,0,0,0,0,0,0,0,0,0,0,0,0,0,Falla de hardware,Revisión y cambio de componente,701.88
1276,PC de escritorio,0,1,1,1,0,0,0,0,0,0,0,0,0,0,1,0,0,0,Falla de hardware,Revisión y cambio de componente,392.81
1277,Laptop,0,0,0,0,0,0,0,0,0,0,0,0,0,0,1,0,0,0,Falla de hardware,Revisión y cambio de componente,435.5
1278,Laptop,0,1,1,0,0,0,0,1,0,0,0,0,0,0,1,0,1,1,Falla de hardware,Revisión y cambio de componente,540.78
1279,Laptop,1,0,1,0,0,0,1,0,0,0,0,1,0,0,0,0,0,0,Falla de hardware,Revisión y cambio de componente,296.17
1280,Laptop,1,0,0,0,0,0,0,0,0,0,0,0,0,0,1,0,0,0,Falla de hardware,Revisión y cambio de componente,498.22
1281,Laptop,0,0,1,0,0,0,0,0,0,0,0,1,0,0,0,0,0,0,Falla de hardware,Revisión y cambio de componente,471.1
1282,Laptop,0,1,0,0,0,0,0,1,0,1,0,0,0,0,0,0,1,0,Falla de hardware,Revisión y cambio de componente,240.0
1283,Laptop,0,1,0,0,0,0,0,0,0,0,0,0,0,0,0,1,1,0,Falla de hardware,Revisión y cambio de componente,813.99
1284,PC de escritorio,0,0,0,0,0,0,0,0,0,0,0,0,0,0,1,0,1,0,Falla de hardware,Revisión y cambio de componente,343.94
1285,PC de escritorio,1,1,1,0,0,1,0,0,0,0,1,0,0,0,1,0,0,0,Falla de hardware,Revisión y cambio de componente,569.05
1286,PC de escritorio,0,0,0,0,0,0,0,0,0,0,0,0,0,0,0,0,0,0,Falla de hardware,Revisión y cambio de componente,321.49
1287,PC de escritorio,0,1,1,0,0,0,0,0,0,0,0,0,0,0,0,0,0,0,Falla de hardware,Revisión y cambio de componente,605.81
1288,Laptop,1,1,0,0,0,0,0,0,1,0,0,1,0,0,0,0,1,0,Falla de hardware,Revisión y cambio de componente,674.54
1289,Laptop,0,1,0,0,0,0,0,0,0,0,0,0,0,0,0,0,0,0,Falla de hardware,Revisión y cambio de componente,658.1
1290,PC de escritorio,0,1,0,0,0,0,0,0,0,0,0,1,0,0,0,0,1,0,Falla de hardware,Revisión y cambio de componente,261.03
1291,PC de escritorio,0,1,0,0,0,0,0,0,0,0,0,0,0,0,1,0,0,0,Falla de hardware,Revisión y cambio de componente,380.04
1292,PC de escritorio,0,0,0,0,0,0,0,0,0,0,0,0,0,0,1,0,0,0,Falla de hardware,Revisión y cambio de componente,475.46
1293,Laptop,0,0,0,0,0,0,0,0,0,0,0,0,1,0,1,0,0,0,Falla de hardware,Revisión y cambio de componente,818.07
1294,Laptop,0,1,0,0,0,1,0,0,1,1,0,0,0,0,1,0,0,0,Falla de hardware,Revisión y cambio de componente,283.48
1295,PC de escritorio,0,0,0,0,0,0,0,1,1,0,0,0,0,0,0,0,1,0,Falla de hardware,Revisión y cambio de componente,467.91
1296,PC de escritorio,0,1,0,1,0,0,0,0,0,0,1,0,0,0,1,0,0,0,Falla de hardware,Revisión y cambio de componente,593.73
1297,PC de escritorio,1,0,1,0,0,0,0,0,0,0,0,0,0,0,1,0,1,0,Falla de hardware,Revisión y cambio de componente,267.9
1298,PC de escritorio,0,1,1,0,0,0,1,0,1,0,0,0,0,0,1,0,0,0,Falla de hardware,Revisión y cambio de componente,385.79
1299,Laptop,0,0,1,0,0,0,1,0,0,0,0,0,0,0,1,0,0,0,Falla de hardware,Revisión y cambio de componente,608.32
1300,PC de escritorio,0,1,1,1,0,1,0,0,0,0,0,0,0,0,0,0,0,0,Falla de hardware,Revisión y cambio de componente,503.03
1301,Laptop,0,0,0,0,0,0,0,0,0,0,0,0,0,0,0,0,1,0,Falla de hardware,Revisión y cambio de componente,467.34
1302,Laptop,0,1,0,0,1,0,0,0,0,0,0,0,0,0,0,0,0,0,Falla de hardware,Revisión y cambio de componente,328.61
1303,PC de escritorio,0,0,1,0,0,0,0,0,0,0,0,1,1,0,1,0,0,0,Falla de hardware,Revisión y cambio de componente,631.11
1304,PC de escritorio,0,1,0,0,0,0,0,0,0,0,0,1,0,0,1,0,0,0,Falla de hardware,Revisión y cambio de componente,879.27
1305,Laptop,0,1,1,1,0,0,0,1,0,0,0,1,1,0,1,0,1,0,Falla de hardware,Revisión y cambio de componente,299.1
1306,Laptop,0,0,0,0,0,0,0,0,0,0,0,0,0,0,0,0,1,0,Falla de hardware,Revisión y cambio de componente,261.73
1307,Laptop,0,1,0,0,0,0,0,1,0,0,0,1,0,0,0,0,0,1,Falla de hardware,Revisión y cambio de componente,383.06
1308,PC de escritorio,1,0,0,0,0,0,0,0,0,0,0,0,0,0,0,0,1,0,Falla de hardware,Revisión y cambio de componente,669.79
1309,PC de escritorio,0,1,0,0,0,0,0,0,0,0,0,0,0,0,0,0,0,0,Falla de hardware,Revisión y cambio de componente,593.84
1310,PC de escritorio,0,0,1,0,0,0,0,0,0,0,0,0,0,0,0,0,0,0,Falla de hardware,Revisión y cambio de componente,823.38
1311,PC de escritorio,0,0,1,0,0,0,0,0,0,0,1,0,0,1,1,0,0,0,Falla de hardware,Revisión y cambio de componente,569.87
1312,PC de escritorio,0,0,1,0,0,0,0,0,0,0,0,1,0,0,1,0,0,0,Falla de hardware,Revisión y cambio de componente,749.57
1313,Laptop,0,1,0,0,0,0,0,0,0,0,0,0,0,0,1,0,1,0,Falla de hardware,Revisión y cambio de componente,218.7
1314,PC de escritorio,0,1,1,0,0,0,0,0,0,0,0,1,0,0,0,0,0,0,Falla de hardware,Revisión y cambio de componente,386.56
1315,PC de escritorio,0,1,1,0,0,0,0,1,1,0,1,1,0,0,1,1,1,0,Falla de hardware,Revisión y cambio de componente,260.29
1316,PC de escritorio,0,1,1,0,0,0,0,0,0,0,1,1,0,0,1,0,0,0,Falla de hardware,Revisión y cambio de componente,306.39
1317,Laptop,0,0,0,0,1,0,1,0,1,0,1,0,0,0,1,0,0,0,Falla de hardware,Revisión y cambio de componente,472.83
1318,Laptop,0,1,0,0,0,0,0,0,0,0,0,0,0,0,0,0,0,0,Falla de hardware,Revisión y cambio de componente,616.36
1319,PC de escritorio,0,1,1,0,0,0,0,0,0,0,0,0,0,0,0,1,0,0,Falla de hardware,Revisión y cambio de componente,851.5
1320,PC de escritorio,0,1,0,0,0,0,0,0,0,0,0,1,0,0,1,0,0,0,Falla de hardware,Revisión y cambio de componente,892.4
1321,PC de escritorio,1,0,1,0,0,1,1,0,0,0,0,1,0,0,1,0,0,0,Falla de hardware,Revisión y cambio de componente,435.36
1322,PC de escritorio,0,0,1,0,0,0,0,0,0,0,0,0,0,0,0,0,0,0,Falla de hardware,Revisión y cambio de componente,848.34
1323,Laptop,0,1,1,0,0,0,0,0,0,1,0,1,1,0,1,0,1,0,Falla de hardware,Revisión y cambio de componente,385.43
1324,PC de escritorio,0,1,1,0,0,0,0,0,0,0,0,0,0,0,0,0,0,0,Falla de hardware,Revisión y cambio de componente,414.23
1325,Laptop,0,0,0,1,0,0,0,0,0,0,0,0,1,0,1,0,0,0,Falla de hardware,Revisión y cambio de componente,389.43
1326,Laptop,0,1,1,0,0,0,0,0,0,0,0,0,0,0,1,0,0,0,Falla de hardware,Revisión y cambio de componente,779.75
1327,Laptop,0,1,0,0,0,0,0,0,0,0,0,0,0,0,0,0,0,0,Falla de hardware,Revisión y cambio de componente,678.97
1328,PC de escritorio,0,0,0,0,0,0,0,0,0,0,0,0,0,0,0,0,0,0,Falla de hardware,Revisión y cambio de componente,498.29
1329,Laptop,0,1,1,0,0,0,0,0,0,0,0,0,0,0,1,0,1,0,Falla de hardware,Revisión y cambio de componente,305.22
1330,Laptop,0,0,0,0,0,0,0,0,0,0,0,0,0,0,1,0,1,0,Falla de hardware,Revisión y cambio de componente,569.75
1331,PC de escritorio,1,1,1,0,0,1,0,0,0,0,0,1,1,0,1,1,1,0,Falla de hardware,Revisión y cambio de componente,634.52
1332,Laptop,0,1,1,0,0,0,0,0,0,0,0,0,0,0,0,0,0,0,Falla de hardware,Revisión y cambio de componente,499.02
1333,Laptop,1,0,1,0,0,0,0,0,0,0,0,1,0,1,1,0,1,0,Falla de hardware,Revisión y cambio de componente,208.2
1334,Laptop,0,0,1,0,0,0,0,0,0,0,0,0,0,0,0,0,1,0,Falla de hardware,Revisión y cambio de componente,816.48
1335,Laptop,0,0,1,0,0,0,0,0,0,0,0,0,0,0,1,0,0,0,Falla de hardware,Revisión y cambio de componente,447.84
1336,PC de escritorio,0,0,0,0,0,0,0,0,0,0,0,0,0,0,0,0,0,0,Falla de hardware,Revisión y cambio de componente,745.7
1337,Laptop,1,0,0,0,0,0,0,0,1,0,0,0,0,0,0,0,0,0,Falla de hardware,Revisión y cambio de componente,816.04
1338,Laptop,0,0,0,0,0,1,0,0,0,0,0,0,0,0,0,0,0,0,Falla de hardware,Revisión y cambio de componente,896.89
1339,PC de escritorio,0,0,1,0,1,0,0,0,0,1,0,0,0,0,1,0,1,0,Falla de hardware,Revisión y cambio de componente,824.21
1340,Laptop,0,0,0,0,0,0,0,0,0,0,0,0,0,0,0,0,0,0,Falla de hardware,Revisión y cambio de componente,497.96
1341,PC de escritorio,0,1,0,0,0,0,0,0,0,0,0,0,0,0,1,0,0,0,Falla de hardware,Revisión y cambio de componente,586.33
1342,Laptop,0,1,1,1,0,1,0,0,1,0,0,0,0,0,1,0,1,0,Falla de hardware,Revisión y cambio de componente,673.81
1343,Laptop,0,1,1,0,1,1,0,0,0,0,0,1,0,0,0,0,0,0,Falla de hardware,Revisión y cambio de componente,329.8
1344,Laptop,0,1,0,0,0,0,0,0,0,0,0,1,0,0,0,0,0,0,Falla de hardware,Revisión y cambio de componente,872.55
1345,PC de escritorio,0,1,1,0,0,0,0,0,0,0,0,0,0,0,0,0,1,0,Falla de hardware,Revisión y cambio de componente,223.57
1346,Laptop,0,1,1,0,0,0,1,0,0,0,0,0,1,1,1,0,1,0,Falla de hardware,Revisión y cambio de componente,211.08
1347,PC de escritorio,0,1,0,0,0,0,0,0,0,0,0,0,0,0,0,0,0,0,Falla de hardware,Revisión y cambio de componente,687.01
1348,PC de escritorio,0,0,1,0,0,0,0,0,0,0,0,0,0,1,1,0,0,0,Falla de hardware,Revisión y cambio de componente,680.74
1349,Laptop,1,0,1,0,0,1,0,1,0,0,0,0,0,0,1,0,0,0,Falla de hardware,Revisión y cambio de componente,569.15
1350,PC de escritorio,0,0,1,0,0,0,0,0,0,0,0,0,0,0,1,0,0,0,Falla de hardware,Revisión y cambio de componente,456.82
1351,PC de escritorio,0,0,0,0,0,1,0,0,0,0,0,0,0,0,0,0,0,0,Falla de hardware,Revisión y cambio de componente,547.02
1352,Laptop,0,1,1,0,0,0,0,0,0,0,0,1,0,0,0,0,0,0,Falla de hardware,Revisión y cambio de componente,880.63
1353,Laptop,0,0,1,0,0,0,0,0,0,0,0,0,0,0,0,0,0,0,Falla de hardware,Revisión y cambio de componente,268.19
1354,PC de escritorio,0,0,1,0,0,0,0,0,1,0,0,0,0,0,0,1,1,1,Falla de hardware,Revisión y cambio de componente,274.36
1355,Laptop,0,1,1,0,0,0,0,0,0,0,0,0,0,0,1,0,0,0,Falla de hardware,Revisión y cambio de componente,273.58
1356,PC de escritorio,0,0,1,1,1,0,0,0,0,0,0,1,0,1,0,0,0,0,Falla de hardware,Revisión y cambio de componente,802.73
1357,Laptop,0,1,0,0,0,0,0,0,0,0,0,0,0,0,1,0,1,0,Falla de hardware,Revisión y cambio de componente,343.33
1358,Laptop,0,0,0,0,0,0,1,0,0,0,0,0,0,0,0,0,1,0,Falla de hardware,Revisión y cambio de componente,513.21
1359,PC de escritorio,0,1,1,0,0,0,0,0,0,0,0,1,0,0,1,0,0,0,Falla de hardware,Revisión y cambio de componente,271.33
1360,PC de escritorio,0,0,0,0,0,0,0,0,0,0,0,1,0,0,0,0,1,0,Falla de hardware,Revisión y cambio de componente,859.03
1361,PC de escritorio,0,0,0,0,0,0,0,0,0,0,0,0,0,0,1,0,0,0,Falla de hardware,Revisión y cambio de componente,555.44
1362,Laptop,1,1,1,1,0,0,0,0,0,0,0,0,0,0,0,0,0,0,Falla de hardware,Revisión y cambio de componente,333.24
1363,PC de escritorio,0,1,1,0,1,0,0,0,1,0,0,1,0,0,1,0,0,0,Falla de hardware,Revisión y cambio de componente,754.07
1364,PC de escritorio,0,0,0,0,0,0,0,0,0,0,0,0,0,0,0,0,1,0,Falla de hardware,Revisión y cambio de componente,383.53
1365,Laptop,0,1,0,0,0,0,0,0,0,0,0,1,0,0,0,0,0,0,Falla de hardware,Revisión y cambio de componente,255.09
1366,Laptop,0,0,1,0,1,0,0,0,0,0,0,1,1,0,1,0,0,1,Falla de hardware,Revisión y cambio de componente,228.46
1367,PC de escritorio,0,1,1,0,0,1,0,1,0,0,0,0,0,0,0,0,0,0,Falla de hardware,Revisión y cambio de componente,893.55
1368,Laptop,0,0,0,0,0,0,0,0,0,0,0,0,0,0,0,0,0,0,Falla de hardware,Revisión y cambio de componente,677.39
1369,Laptop,0,1,1,0,0,0,0,0,0,0,0,0,0,0,1,0,0,0,Falla de hardware,Revisión y cambio de componente,501.99
1370,Laptop,0,1,0,0,0,0,0,0,0,0,0,0,0,0,0,0,0,0,Falla de hardware,Revisión y cambio de componente,749.06
1371,PC de escritorio,0,0,1,0,0,1,0,0,1,1,0,1,0,0,1,0,1,0,Falla de hardware,Revisión y cambio de componente,580.29
1372,PC de escritorio,0,1,0,0,0,0,1,0,0,0,0,0,0,0,0,0,0,0,Falla de hardware,Revisión y cambio de componente,724.81
1373,Laptop,0,1,1,0,0,0,0,1,0,0,0,0,1,0,0,0,1,0,Falla de hardware,Revisión y cambio de componente,304.03
1374,PC de escritorio,0,1,1,0,0,0,0,0,0,0,0,0,0,0,1,0,1,0,Falla de hardware,Revisión y cambio de componente,251.53
1375,PC de escritorio,0,0,0,0,0,0,0,0,0,0,0,0,0,0,1,0,0,0,Falla de hardware,Revisión y cambio de componente,754.21
1376,PC de escritorio,1,0,1,0,0,1,0,0,0,0,1,0,0,0,0,0,0,1,Falla de hardware,Revisión y cambio de componente,205.98
1377,PC de escritorio,0,0,1,0,0,0,0,0,0,0,0,0,1,0,0,0,1,0,Falla de hardware,Revisión y cambio de componente,772.51
1378,Laptop,0,1,1,0,0,0,0,0,0,0,0,0,0,0,1,0,0,0,Falla de hardware,Revisión y cambio de componente,600.89
1379,Laptop,0,1,1,0,0,0,0,0,0,0,0,0,0,0,0,1,0,0,Falla de hardware,Revisión y cambio de componente,282.56
1380,PC de escritorio,0,0,0,0,1,1,0,0,0,0,0,1,1,0,1,0,0,0,Falla de hardware,Revisión y cambio de componente,628.81
1381,Laptop,0,1,0,0,0,0,0,0,0,0,0,1,0,0,1,0,0,0,Falla de hardware,Revisión y cambio de componente,537.29
1382,Laptop,1,1,1,0,0,0,0,0,0,0,0,1,0,0,0,0,0,0,Falla de hardware,Revisión y cambio de componente,246.92
1383,Laptop,0,0,0,0,0,0,0,0,0,0,0,1,0,0,1,0,0,0,Falla de hardware,Revisión y cambio de componente,246.72
1384,Laptop,1,0,1,0,0,0,1,0,0,0,0,0,0,0,0,0,0,0,Falla de hardware,Revisión y cambio de componente,478.21
1385,PC de escritorio,0,1,1,0,0,0,0,0,0,1,0,0,0,0,0,0,0,0,Falla de hardware,Revisión y cambio de componente,709.13
1386,PC de escritorio,0,0,0,0,0,0,0,0,0,0,0,0,0,0,1,0,0,0,Falla de hardware,Revisión y cambio de componente,453.86
1387,Laptop,0,1,1,0,0,0,0,0,0,0,0,0,0,0,0,0,0,0,Falla de hardware,Revisión y cambio de componente,784.4
1388,Laptop,0,0,1,0,0,0,0,0,0,0,0,0,0,0,1,0,0,0,Falla de hardware,Revisión y cambio de componente,451.05
1389,PC de escritorio,0,0,1,0,0,0,0,0,0,0,0,1,0,0,0,0,0,0,Falla de hardware,Revisión y cambio de componente,378.39
1390,Laptop,0,1,1,0,0,0,0,0,0,0,0,0,0,1,0,0,0,0,Falla de hardware,Revisión y cambio de componente,736.55
1391,PC de escritorio,0,1,0,0,0,0,0,0,0,0,0,1,0,0,0,0,0,0,Falla de hardware,Revisión y cambio de componente,784.79
1392,Laptop,0,0,1,0,0,0,0,0,0,0,0,0,0,0,0,0,0,0,Falla de hardware,Revisión y cambio de componente,225.58
1393,Laptop,0,1,0,0,0,0,0,0,0,0,0,0,0,0,0,0,0,0,Falla de hardware,Revisión y cambio de componente,359.06
1394,Laptop,0,1,1,0,0,0,0,0,0,0,0,0,0,0,1,0,0,0,Falla de hardware,Revisión y cambio de componente,578.89
1395,Laptop,0,0,0,0,0,0,0,0,0,0,0,0,0,0,0,0,1,0,Falla de hardware,Revisión y cambio de componente,526.42
1396,PC de escritorio,1,1,0,0,0,0,0,0,0,0,0,0,0,0,1,0,1,0,Falla de hardware,Revisión y cambio de componente,387.28
1397,PC de escritorio,0,0,1,0,0,0,0,0,0,0,0,0,0,0,0,0,0,0,Falla de hardware,Revisión y cambio de componente,849.08
1398,PC de escritorio,0,1,0,0,0,0,0,0,0,0,0,0,0,0,0,0,0,0,Falla de hardware,Revisión y cambio de componente,361.38
1399,PC de escritorio,0,0,1,0,0,1,0,0,0,0,0,0,0,0,1,0,0,0,Falla de hardware,Revisión y cambio de componente,446.93
1400,PC de escritorio,0,0,1,0,0,0,0,0,0,0,0,0,0,0,0,0,0,0,Falla de hardware,Revisión y cambio de componente,838.11
1401,PC de escritorio,0,1,0,0,0,0,0,0,0,0,0,0,0,0,1,0,0,0,Falla de hardware,Revisión y cambio de componente,530.69
1402,Laptop,0,0,0,0,0,0,0,0,0,0,0,0,0,0,1,0,0,0,Falla de hardware,Revisión y cambio de componente,208.76
1403,PC de escritorio,0,0,1,0,0,0,0,0,0,0,0,0,0,0,1,0,0,0,Falla de hardware,Revisión y cambio de componente,684.87
1404,Laptop,0,1,0,0,0,0,0,0,0,0,0,1,0,0,0,0,1,0,Falla de hardware,Revisión y cambio de componente,401.31
1405,Laptop,0,0,1,0,0,0,0,0,0,0,0,0,0,0,1,0,1,0,Falla de hardware,Revisión y cambio de componente,236.46
1406,Laptop,0,0,1,0,0,0,0,0,0,1,0,0,0,0,1,0,0,0,Falla de hardware,Revisión y cambio de componente,581.39
1407,Laptop,1,0,1,0,0,0,0,1,0,0,0,1,0,0,1,1,0,0,Falla de hardware,Revisión y cambio de componente,893.83
1408,PC de escritorio,0,1,1,0,0,0,0,0,0,1,0,1,0,0,1,0,1,0,Falla de hardware,Revisión y cambio de componente,530.89
1409,Laptop,0,1,0,0,1,0,0,0,0,0,0,0,0,0,0,0,0,0,Falla de hardware,Revisión y cambio de componente,617.16
1410,Laptop,1,1,1,0,1,0,0,0,0,0,0,1,0,0,1,0,0,0,Falla de hardware,Revisión y cambio de componente,834.56
1411,Laptop,0,1,1,0,0,0,0,0,0,0,0,1,0,1,0,0,1,0,Falla de hardware,Revisión y cambio de componente,439.27
1412,PC de escritorio,0,0,0,0,0,0,0,0,0,0,0,0,0,0,0,0,0,0,Falla de hardware,Revisión y cambio de componente,438.62
1413,PC de escritorio,0,1,1,0,0,0,0,0,0,0,0,0,0,0,0,0,0,0,Falla de hardware,Revisión y cambio de componente,247.81
1414,PC de escritorio,0,0,0,0,0,0,0,0,0,1,0,0,0,0,0,0,0,0,Falla de hardware,Revisión y cambio de componente,334.75
1415,Laptop,0,0,0,0,0,0,0,0,0,0,0,0,0,0,0,0,0,0,Falla de hardware,Revisión y cambio de componente,856.36
1416,Laptop,0,1,0,0,0,1,0,1,0,0,0,0,0,0,1,0,1,1,Falla de hardware,Revisión y cambio de componente,669.66
1417,Laptop,0,1,0,0,0,0,0,0,0,0,0,0,0,0,0,0,0,0,Falla de hardware,Revisión y cambio de componente,424.73
1418,Laptop,0,0,0,0,0,0,0,0,0,0,0,0,0,0,0,0,0,0,Falla de hardware,Revisión y cambio de componente,861.49
1419,Laptop,0,1,0,1,0,0,0,0,0,0,0,1,0,0,1,1,0,0,Falla de hardware,Revisión y cambio de componente,421.32
1420,PC de escritorio,0,1,1,0,0,0,0,0,0,0,0,1,0,0,0,0,0,0,Falla de hardware,Revisión y cambio de componente,773.8
1421,Laptop,0,0,1,0,0,0,0,0,0,0,0,0,0,0,1,0,1,0,Falla de hardware,Revisión y cambio de componente,603.0
1422,PC de escritorio,0,1,1,0,1,1,0,0,0,0,0,1,1,0,0,0,1,0,Falla de hardware,Revisión y cambio de componente,878.91
1423,Laptop,0,0,1,0,0,0,0,0,0,0,0,0,0,0,0,0,0,0,Falla de hardware,Revisión y cambio de componente,216.32
1424,Laptop,0,1,0,0,0,0,0,0,0,0,0,0,0,0,1,0,1,0,Falla de hardware,Revisión y cambio de componente,535.07
1425,PC de escritorio,0,1,0,0,0,0,0,0,0,0,1,0,0,0,0,0,1,0,Falla de hardware,Revisión y cambio de componente,401.58
1426,Laptop,0,1,1,0,0,0,0,0,0,0,0,0,0,0,0,0,0,0,Falla de hardware,Revisión y cambio de componente,833.84
1427,Laptop,0,0,1,0,0,1,0,0,0,0,0,0,0,0,1,0,0,0,Falla de hardware,Revisión y cambio de componente,685.58
1428,PC de escritorio,1,0,1,0,0,0,0,0,0,0,0,0,1,0,0,0,0,0,Falla de hardware,Revisión y cambio de componente,536.24
1429,Laptop,0,1,1,0,0,0,0,0,0,0,0,0,0,0,0,0,0,0,Falla de hardware,Revisión y cambio de componente,660.48
1430,PC de escritorio,0,0,1,0,0,0,0,0,0,0,0,1,0,0,0,0,1,0,Falla de hardware,Revisión y cambio de componente,254.42
1431,PC de escritorio,0,0,0,0,0,0,0,0,0,0,0,0,0,0,1,0,1,0,Falla de hardware,Revisión y cambio de componente,459.45
1432,Laptop,0,0,0,0,0,0,0,0,0,0,0,1,0,0,1,0,0,0,Falla de hardware,Revisión y cambio de componente,825.78
1433,PC de escritorio,0,1,1,0,0,1,0,0,0,0,1,0,0,0,1,0,1,0,Falla de hardware,Revisión y cambio de componente,697.32
1434,PC de escritorio,0,0,0,0,0,0,0,0,0,1,0,1,0,0,1,0,1,0,Falla de hardware,Revisión y cambio de componente,668.72
1435,PC de escritorio,0,0,0,0,0,0,0,0,0,0,0,0,0,0,0,0,0,0,Falla de hardware,Revisión y cambio de componente,594.05
1436,Laptop,0,0,0,0,0,0,0,0,0,0,0,1,0,0,0,0,1,0,Falla de hardware,Revisión y cambio de componente,820.05
1437,Laptop,0,1,1,0,0,0,0,0,0,0,0,0,0,0,1,0,1,0,Falla de hardware,Revisión y cambio de componente,277.01
1438,Laptop,0,0,1,0,0,0,0,0,0,0,1,0,0,0,0,0,0,0,Falla de hardware,Revisión y cambio de componente,715.22
1439,PC de escritorio,0,1,1,0,0,0,0,0,0,0,0,0,0,0,1,0,0,0,Falla de hardware,Revisión y cambio de componente,744.5
1440,PC de escritorio,1,1,1,0,1,1,0,0,0,1,0,0,0,0,1,0,1,0,Falla de hardware,Revisión y cambio de componente,373.75
1441,Laptop,0,1,1,1,0,0,0,0,0,1,0,0,0,0,1,0,1,0,Falla de hardware,Revisión y cambio de componente,529.7
1442,PC de escritorio,0,1,0,0,0,0,0,0,0,0,0,0,0,0,0,0,0,0,Falla de hardware,Revisión y cambio de componente,447.85
1443,PC de escritorio,0,1,1,0,0,0,0,0,0,0,0,0,1,0,0,0,1,0,Falla de hardware,Revisión y cambio de componente,414.52
1444,PC de escritorio,0,1,0,0,0,0,0,0,0,0,0,0,0,0,0,0,0,0,Falla de hardware,Revisión y cambio de componente,658.81
1445,Laptop,0,1,0,0,0,0,0,0,0,0,0,1,0,1,1,0,0,0,Falla de hardware,Revisión y cambio de componente,602.94
1446,Laptop,0,0,1,0,0,0,0,0,0,0,0,0,0,0,0,0,0,0,Falla de hardware,Revisión y cambio de componente,571.99
1447,PC de escritorio,0,0,0,0,0,0,0,0,0,0,0,0,0,0,1,0,0,0,Falla de hardware,Revisión y cambio de componente,778.89
1448,Laptop,0,1,0,0,0,0,0,0,0,0,0,0,0,0,0,0,0,0,Falla de hardware,Revisión y cambio de componente,837.98
1449,PC de escritorio,0,0,1,0,0,0,0,0,1,0,1,1,0,0,1,0,1,0,Falla de hardware,Revisión y cambio de componente,783.6
1450,Laptop,0,0,0,0,0,0,0,0,0,0,0,0,0,0,1,0,0,0,Falla de hardware,Revisión y cambio de componente,893.57
1451,Impresora Epson,1,0,1,0,0,0,0,1,0,0,0,0,1,0,0,1,0,0,Falla de impresión,Limpieza de cabezales o rodillos,51.04
1452,Impresora Epson,1,0,0,0,0,0,0,1,0,1,0,0,0,0,0,0,0,0,Falla de impresión,Limpieza de cabezales o rodillos,46.76
1453,Impresora Epson,1,0,1,0,0,0,0,0,0,0,1,0,0,1,0,0,0,0,Falla de impresión,Limpieza de cabezales o rodillos,47.88
1454,Impresora Epson,1,0,0,0,0,0,0,1,0,1,1,0,0,0,0,0,0,0,Falla de impresión,Limpieza de cabezales o rodillos,40.3
1455,Impresora Epson,1,0,0,0,0,0,0,1,0,1,1,0,0,0,0,0,0,0,Falla de impresión,Limpieza de cabezales o rodillos,36.33
1456,Impresora Epson,1,0,1,0,0,0,0,1,1,1,1,0,0,0,0,0,0,0,Falla de impresión,Limpieza de cabezales o rodillos,49.93
1457,Impresora Epson,1,0,0,0,0,0,0,1,0,0,0,1,0,0,1,0,0,0,Falla de impresión,Limpieza de cabezales o rodillos,57.52
1458,Impresora Epson,1,0,1,0,0,0,0,1,0,1,0,0,1,1,0,0,0,0,Falla de impresión,Limpieza de cabezales o rodillos,51.92
1459,Impresora Epson,1,0,0,0,0,0,0,1,0,0,0,0,0,0,0,0,0,0,Falla de impresión,Limpieza de cabezales o rodillos,46.13
1460,Impresora Epson,1,0,1,0,0,0,0,0,0,1,1,0,0,1,1,0,0,1,Falla de impresión,Limpieza de cabezales o rodillos,57.25
1461,Impresora Epson,1,0,0,0,0,0,0,0,0,1,1,0,0,0,0,0,0,0,Falla de impresión,Limpieza de cabezales o rodillos,54.94
1462,Impresora Epson,0,0,1,0,0,0,0,1,0,0,0,0,0,0,0,0,0,0,Falla de impresión,Limpieza de cabezales o rodillos,54.35
1463,Impresora Epson,1,0,0,0,0,0,0,1,0,0,0,0,0,0,0,0,0,0,Falla de impresión,Limpieza de cabezales o rodillos,39.53
1464,Impresora Epson,1,0,1,0,0,0,0,1,1,1,0,0,0,0,1,0,0,0,Falla de impresión,Limpieza de cabezales o rodillos,42.46
1465,Impresora Epson,1,0,1,0,0,0,0,1,0,0,0,0,0,0,0,0,0,0,Falla de impresión,Limpieza de cabezales o rodillos,48.3
1466,Impresora Epson,1,0,1,0,0,0,1,0,1,0,0,1,0,0,1,1,0,0,Falla de impresión,Limpieza de cabezales o rodillos,37.62
1467,Impresora Epson,1,0,0,0,0,0,0,1,1,1,0,0,0,0,0,0,0,0,Falla de impresión,Limpieza de cabezales o rodillos,50.35
1468,Impresora Epson,1,0,1,0,1,0,0,1,0,1,0,0,0,0,0,1,0,0,Falla de impresión,Limpieza de cabezales o rodillos,42.69
1469,Impresora Epson,1,0,1,0,0,0,0,1,0,1,0,0,1,0,0,0,0,0,Falla de impresión,Limpieza de cabezales o rodillos,43.78
1470,Impresora Epson,0,0,1,0,0,0,0,1,0,1,0,0,0,0,0,0,0,0,Falla de impresión,Limpieza de cabezales o rodillos,45.96
1471,Impresora Epson,1,0,1,0,0,0,0,0,0,0,1,0,0,0,1,0,0,0,Falla de impresión,Limpieza de cabezales o rodillos,46.96
1472,Impresora Epson,0,0,1,0,0,0,0,1,1,0,0,0,0,0,1,0,0,0,Falla de impresión,Limpieza de cabezales o rodillos,55.08
1473,Impresora Epson,1,0,1,0,0,0,0,1,1,0,1,1,0,0,0,0,0,0,Falla de impresión,Limpieza de cabezales o rodillos,39.41
1474,Impresora Epson,1,0,1,0,0,0,0,1,1,1,1,0,0,0,1,0,0,0,Falla de impresión,Limpieza de cabezales o rodillos,44.96
1475,Impresora Epson,0,0,0,0,0,0,0,1,0,1,0,0,0,0,0,0,0,0,Falla de impresión,Limpieza de cabezales o rodillos,48.92
1476,Impresora Epson,0,0,0,0,0,0,0,0,1,1,0,0,0,0,0,0,0,0,Falla de impresión,Limpieza de cabezales o rodillos,49.98
1477,Impresora Epson,1,1,1,0,0,0,0,0,1,1,1,0,0,0,0,0,0,0,Falla de impresión,Limpieza de cabezales o rodillos,59.97
1478,Impresora Epson,1,0,0,0,0,0,0,0,1,1,0,0,0,1,0,0,1,0,Falla de impresión,Limpieza de cabezales o rodillos,52.14
1479,Impresora Epson,1,0,1,0,0,0,0,0,1,0,0,0,0,0,0,0,0,0,Falla de impresión,Limpieza de cabezales o rodillos,55.35
1480,Impresora Epson,1,0,0,0,0,0,0,0,0,0,1,0,0,0,0,0,0,0,Falla de impresión,Limpieza de cabezales o rodillos,38.14
1481,Impresora Epson,1,0,0,0,0,1,0,0,1,0,1,0,1,0,0,0,0,0,Falla de impresión,Limpieza de cabezales o rodillos,45.38
1482,Impresora Epson,1,0,1,0,0,0,0,1,1,0,0,0,0,0,0,0,0,0,Falla de impresión,Limpieza de cabezales o rodillos,52.52
1483,Impresora Epson,1,0,1,0,0,0,0,1,1,0,0,0,0,0,0,0,0,0,Falla de impresión,Limpieza de cabezales o rodillos,45.73
1484,Impresora Epson,1,0,0,0,0,0,0,1,1,0,1,0,0,0,0,0,0,1,Falla de impresión,Limpieza de cabezales o rodillos,52.11
1485,Impresora Epson,0,0,0,0,0,0,1,1,0,0,1,1,0,0,0,0,1,0,Falla de impresión,Limpieza de cabezales o rodillos,52.24
1486,Impresora Epson,1,0,0,0,0,0,0,1,1,1,1,0,0,0,0,0,0,0,Falla de impresión,Limpieza de cabezales o rodillos,48.42
1487,Impresora Epson,1,0,0,0,0,0,0,1,1,0,1,0,1,0,0,0,0,0,Falla de impresión,Limpieza de cabezales o rodillos,58.73
1488,Impresora Epson,1,0,1,0,0,0,0,1,1,0,0,0,0,0,0,0,0,0,Falla de impresión,Limpieza de cabezales o rodillos,40.41
1489,Impresora Epson,1,1,1,1,1,0,0,1,1,1,1,0,0,1,0,0,0,0,Falla de impresión,Limpieza de cabezales o rodillos,49.28
1490,Impresora Epson,1,0,1,0,0,0,0,1,0,0,0,0,0,1,0,0,0,1,Falla de impresión,Limpieza de cabezales o rodillos,56.55
1491,Impresora Epson,0,0,0,0,0,0,0,1,1,0,0,0,0,0,0,0,0,0,Falla de impresión,Limpieza de cabezales o rodillos,41.8
1492,Impresora Epson,1,0,0,0,0,0,0,0,1,1,1,0,0,0,0,0,0,1,Falla de impresión,Limpieza de cabezales o rodillos,57.74
1493,Impresora Epson,1,0,0,0,0,0,0,1,0,0,1,0,0,0,0,0,0,0,Falla de impresión,Limpieza de cabezales o rodillos,37.93
1494,Impresora Epson,0,0,0,0,0,0,0,1,0,1,0,0,0,0,0,0,0,0,Falla de impresión,Limpieza de cabezales o rodillos,46.06
1495,Impresora Epson,1,0,0,0,0,0,1,0,0,1,0,1,0,0,0,0,0,0,Falla de impresión,Limpieza de cabezales o rodillos,55.5
1496,Impresora Epson,1,0,0,0,0,0,0,0,0,1,0,0,0,0,0,0,0,0,Falla de impresión,Limpieza de cabezales o rodillos,56.66
1497,Impresora Epson,1,1,1,0,0,0,0,1,0,0,1,0,0,0,0,0,0,0,Falla de impresión,Limpieza de cabezales o rodillos,53.97
1498,Impresora Epson,1,0,0,0,0,0,0,1,1,0,0,0,0,0,0,1,0,0,Falla de impresión,Limpieza de cabezales o rodillos,54.23
1499,Impresora Epson,1,0,0,0,0,0,0,1,0,0,0,0,0,0,0,0,0,0,Falla de impresión,Limpieza de cabezales o rodillos,52.62
1500,Impresora Epson,1,0,1,0,0,0,0,1,1,1,0,0,0,0,0,0,0,0,Falla de impresión,Limpieza de cabezales o rodillos,42.05
1501,Impresora Epson,1,0,0,0,0,0,0,1,0,0,0,0,0,0,0,0,0,0,Falla de impresión,Limpieza de cabezales o rodillos,37.34
1502,Impresora Epson,1,0,0,0,0,0,0,1,0,0,0,0,0,0,0,0,0,0,Falla de impresión,Limpieza de cabezales o rodillos,58.09
1503,Impresora Epson,1,0,1,0,0,0,0,1,0,1,1,0,0,0,1,0,0,0,Falla de impresión,Limpieza de cabezales o rodillos,39.44
1504,Impresora Epson,1,0,1,0,0,0,0,1,0,0,1,0,0,0,0,0,0,0,Falla de impresión,Limpieza de cabezales o rodillos,58.16
1505,Impresora Epson,1,0,1,0,0,0,0,0,1,0,1,0,0,1,0,0,0,0,Falla de impresión,Limpieza de cabezales o rodillos,41.45
1506,Impresora Epson,1,0,0,0,0,0,0,1,1,0,0,0,0,0,0,0,0,0,Falla de impresión,Limpieza de cabezales o rodillos,42.87
1507,Impresora Epson,1,0,1,0,0,0,0,0,1,1,1,0,0,0,0,0,0,0,Falla de impresión,Limpieza de cabezales o rodillos,52.57
1508,Impresora Epson,0,0,1,0,0,0,0,0,1,0,0,0,0,0,0,0,0,0,Falla de impresión,Limpieza de cabezales o rodillos,42.08
1509,Impresora Epson,1,0,1,0,0,0,0,1,1,1,0,0,0,0,0,0,0,0,Falla de impresión,Limpieza de cabezales o rodillos,36.53
1510,Impresora Epson,1,0,1,0,0,0,0,1,1,0,1,0,0,0,0,0,0,0,Falla de impresión,Limpieza de cabezales o rodillos,45.69
1511,Impresora Epson,1,0,1,0,0,0,0,1,1,1,0,0,0,0,0,0,0,0,Falla de impresión,Limpieza de cabezales o rodillos,36.5
1512,Impresora Epson,1,0,1,0,0,0,0,1,1,1,0,0,0,0,1,0,0,0,Falla de impresión,Limpieza de cabezales o rodillos,37.27
1513,Impresora Epson,1,0,0,0,0,0,0,1,0,1,0,0,0,0,0,0,0,0,Falla de impresión,Limpieza de cabezales o rodillos,57.56
1514,Impresora Epson,1,0,0,0,0,0,0,1,0,1,0,0,0,0,0,0,0,0,Falla de impresión,Limpieza de cabezales o rodillos,44.25
1515,Impresora Epson,1,0,1,0,0,0,0,1,0,0,0,0,0,0,1,0,0,0,Falla de impresión,Limpieza de cabezales o rodillos,51.26
1516,Impresora Epson,0,0,1,0,0,0,0,1,0,1,0,0,0,0,0,0,0,0,Falla de impresión,Limpieza de cabezales o rodillos,42.28
1517,Impresora Epson,1,0,1,0,0,0,0,1,1,0,1,0,0,0,0,0,0,0,Falla de impresión,Limpieza de cabezales o rodillos,36.65
1518,Impresora Epson,1,0,0,0,0,0,0,1,1,0,1,0,0,0,0,0,0,0,Falla de impresión,Limpieza de cabezales o rodillos,37.23
1519,Impresora Epson,0,0,0,0,0,0,0,1,1,1,0,0,0,0,0,0,0,0,Falla de impresión,Limpieza de cabezales o rodillos,43.88
1520,Impresora Epson,1,0,1,1,0,0,0,1,1,0,1,0,0,0,0,0,0,0,Falla de impresión,Limpieza de cabezales o rodillos,53.88
1521,Impresora Epson,1,0,0,0,0,0,0,0,0,0,0,0,0,0,0,0,0,0,Falla de impresión,Limpieza de cabezales o rodillos,57.84
1522,Impresora Epson,1,0,0,0,0,0,0,1,0,1,0,0,0,0,0,0,0,0,Falla de impresión,Limpieza de cabezales o rodillos,58.56
1523,Impresora Epson,1,0,1,0,0,0,0,0,0,1,0,0,0,0,0,0,0,0,Falla de impresión,Limpieza de cabezales o rodillos,35.44
1524,Impresora Epson,0,0,0,0,0,0,0,0,0,1,1,0,0,0,0,0,0,0,Falla de impresión,Limpieza de cabezales o rodillos,57.95
1525,Impresora Epson,1,0,1,0,0,0,0,1,1,1,1,0,0,0,0,0,0,0,Falla de impresión,Limpieza de cabezales o rodillos,50.4
1526,Impresora Epson,1,0,1,0,0,0,0,1,0,0,0,0,0,0,0,0,0,0,Falla de impresión,Limpieza de cabezales o rodillos,48.77
1527,Impresora Epson,1,0,1,0,0,0,0,1,1,1,0,0,0,0,1,0,0,0,Falla de impresión,Limpieza de cabezales o rodillos,42.03
1528,Impresora Epson,1,0,1,0,0,0,0,1,0,0,0,0,0,0,0,0,0,0,Falla de impresión,Limpieza de cabezales o rodillos,54.16
1529,Impresora Epson,1,0,0,0,0,0,0,1,0,0,0,0,0,0,0,0,0,0,Falla de impresión,Limpieza de cabezales o rodillos,47.8
1530,Impresora Epson,1,0,0,0,0,0,0,1,1,0,0,0,0,0,0,0,0,0,Falla de impresión,Limpieza de cabezales o rodillos,58.91
1531,Impresora Epson,1,0,0,0,0,0,0,1,1,1,1,0,1,0,1,0,0,0,Falla de impresión,Limpieza de cabezales o rodillos,42.56
1532,Impresora Epson,0,0,0,0,0,0,0,1,1,0,1,0,0,0,0,0,0,0,Falla de impresión,Limpieza de cabezales o rodillos,36.81
1533,Impresora Epson,1,0,0,0,0,0,0,0,0,0,0,0,0,0,0,0,0,0,Falla de impresión,Limpieza de cabezales o rodillos,52.3
1534,Impresora Epson,1,0,1,0,0,0,0,1,1,1,0,0,0,0,0,0,0,0,Falla de impresión,Limpieza de cabezales o rodillos,35.4
1535,Impresora Epson,1,0,1,0,0,0,0,0,0,0,0,0,0,0,0,0,0,0,Falla de impresión,Limpieza de cabezales o rodillos,37.92
1536,Impresora Epson,1,0,1,0,0,0,0,1,1,0,0,0,0,0,1,0,0,0,Falla de impresión,Limpieza de cabezales o rodillos,35.52
1537,Impresora Epson,1,0,0,0,0,1,0,1,1,0,0,0,0,0,0,0,0,0,Falla de impresión,Limpieza de cabezales o rodillos,45.57
1538,Impresora Epson,1,0,1,0,0,0,0,1,1,0,0,0,0,1,0,0,0,0,Falla de impresión,Limpieza de cabezales o rodillos,37.86
1539,Impresora Epson,1,0,0,1,0,0,0,1,1,1,1,0,0,0,0,0,0,0,Falla de impresión,Limpieza de cabezales o rodillos,56.85
1540,Impresora Epson,1,0,0,0,0,0,0,1,1,1,1,0,0,0,0,0,0,0,Falla de impresión,Limpieza de cabezales o rodillos,46.14
1541,Impresora Epson,1,0,0,0,0,0,0,1,1,0,0,0,0,0,0,0,0,0,Falla de impresión,Limpieza de cabezales o rodillos,56.96
1542,Impresora Epson,1,0,0,0,0,0,0,1,0,1,0,0,0,0,0,0,0,0,Falla de impresión,Limpieza de cabezales o rodillos,46.73
1543,Impresora Epson,1,0,0,0,0,0,0,0,1,0,0,0,0,0,0,0,0,0,Falla de impresión,Limpieza de cabezales o rodillos,54.6
1544,Impresora Epson,1,0,0,0,0,0,0,1,0,0,1,0,0,0,0,0,0,0,Falla de impresión,Limpieza de cabezales o rodillos,38.09
1545,Impresora Epson,1,0,1,0,0,1,0,1,0,1,0,0,0,0,0,0,0,0,Falla de impresión,Limpieza de cabezales o rodillos,57.53
1546,Impresora Epson,0,0,0,0,0,0,0,0,1,0,0,0,0,0,0,0,0,0,Falla de impresión,Limpieza de cabezales o rodillos,49.48
1547,Impresora Epson,1,0,1,0,0,1,0,1,1,0,0,0,1,0,0,0,0,0,Falla de impresión,Limpieza de cabezales o rodillos,39.0
1548,Impresora Epson,1,0,1,0,0,0,0,1,1,0,0,0,0,0,0,1,1,0,Falla de impresión,Limpieza de cabezales o rodillos,45.38
1549,Impresora Epson,1,0,1,0,0,0,0,1,0,1,1,0,0,0,0,0,0,0,Falla de impresión,Limpieza de cabezales o rodillos,53.36
1550,Impresora Epson,1,1,1,1,0,0,1,1,1,1,0,0,0,1,0,0,0,0,Falla de impresión,Limpieza de cabezales o rodillos,41.03
1551,Impresora Epson,1,0,0,0,0,0,0,1,1,0,0,0,0,0,0,1,0,0,Falla de impresión,Limpieza de cabezales o rodillos,57.28
1552,Impresora Epson,1,0,1,0,0,0,0,1,0,1,0,0,0,0,0,0,0,0,Falla de impresión,Limpieza de cabezales o rodillos,45.52
1553,Impresora Epson,1,0,0,0,0,0,0,0,0,0,1,0,0,0,0,0,0,0,Falla de impresión,Limpieza de cabezales o rodillos,51.25
1554,Impresora Epson,1,0,0,0,0,0,0,1,1,1,0,0,0,0,0,0,0,0,Falla de impresión,Limpieza de cabezales o rodillos,37.78
1555,Impresora Epson,1,0,0,0,0,0,0,1,1,0,1,0,0,0,0,0,0,0,Falla de impresión,Limpieza de cabezales o rodillos,59.09
1556,Impresora Epson,1,0,1,0,0,1,0,1,1,0,0,0,0,0,0,0,0,0,Falla de impresión,Limpieza de cabezales o rodillos,48.06
1557,Impresora Epson,1,1,0,0,0,0,1,1,1,0,0,0,0,0,0,0,0,0,Falla de impresión,Limpieza de cabezales o rodillos,36.44
1558,Impresora Epson,1,0,1,0,0,0,0,0,0,0,0,0,0,0,0,0,0,0,Falla de impresión,Limpieza de cabezales o rodillos,48.53
1559,Impresora Epson,1,0,1,0,0,0,0,1,0,0,0,0,0,0,0,0,0,0,Falla de impresión,Limpieza de cabezales o rodillos,58.89
1560,Impresora Epson,0,0,0,0,0,0,0,1,0,1,0,0,0,0,0,0,0,0,Falla de impresión,Limpieza de cabezales o rodillos,52.43
1561,Impresora Epson,1,0,1,0,1,0,0,1,1,0,0,0,0,0,0,0,0,0,Falla de impresión,Limpieza de cabezales o rodillos,55.61
1562,Impresora Epson,1,0,1,0,0,0,0,1,1,1,0,0,0,0,0,0,0,0,Falla de impresión,Limpieza de cabezales o rodillos,48.22
1563,Impresora Epson,1,0,0,0,0,0,0,1,1,1,0,0,0,0,0,0,0,0,Falla de impresión,Limpieza de cabezales o rodillos,40.05
1564,Impresora Epson,1,0,1,0,0,0,0,1,0,1,0,0,0,0,0,0,0,0,Falla de impresión,Limpieza de cabezales o rodillos,54.62
1565,Impresora Epson,1,0,1,1,0,0,1,1,1,1,0,0,1,1,1,0,0,0,Falla de impresión,Limpieza de cabezales o rodillos,49.2
1566,Impresora Epson,1,0,1,0,0,0,0,1,0,1,0,0,0,0,0,0,0,0,Falla de impresión,Limpieza de cabezales o rodillos,48.34
1567,Impresora Epson,0,0,1,0,0,0,1,1,0,0,0,0,0,0,0,0,0,0,Falla de impresión,Limpieza de cabezales o rodillos,38.68
1568,Impresora Epson,1,0,1,0,0,0,1,1,1,0,0,0,0,1,0,0,0,1,Falla de impresión,Limpieza de cabezales o rodillos,45.8
1569,Impresora Epson,0,0,0,0,0,0,0,1,1,1,0,0,0,0,0,0,0,0,Falla de impresión,Limpieza de cabezales o rodillos,36.38
1570,Impresora Epson,1,0,1,0,0,0,0,1,0,1,0,0,0,0,0,0,0,0,Falla de impresión,Limpieza de cabezales o rodillos,57.58
1571,Impresora Epson,1,0,0,0,0,1,0,1,1,1,1,0,0,0,0,1,1,1,Falla de impresión,Limpieza de cabezales o rodillos,38.33
1572,Impresora Epson,1,0,1,0,0,0,0,1,0,0,1,0,0,0,0,0,0,0,Falla de impresión,Limpieza de cabezales o rodillos,52.34
1573,Impresora Epson,1,0,0,0,0,0,0,1,0,0,0,0,0,0,0,0,0,0,Falla de impresión,Limpieza de cabezales o rodillos,42.17
1574,Impresora Epson,1,0,0,0,0,0,0,1,0,1,1,0,0,0,0,0,0,0,Falla de impresión,Limpieza de cabezales o rodillos,58.42
1575,Impresora Epson,1,0,1,0,0,0,0,1,0,1,1,0,0,0,0,1,0,0,Falla de impresión,Limpieza de cabezales o rodillos,45.47
1576,Impresora Epson,1,0,0,0,0,0,0,1,0,0,0,0,0,0,0,0,0,0,Falla de impresión,Limpieza de cabezales o rodillos,57.41
1577,Impresora Epson,1,0,0,0,0,0,0,1,0,1,1,0,0,0,0,0,0,0,Falla de impresión,Limpieza de cabezales o rodillos,40.56
1578,Impresora Epson,1,0,1,0,0,0,0,1,1,0,1,0,0,0,0,0,0,0,Falla de impresión,Limpieza de cabezales o rodillos,53.66
1579,Impresora Epson,1,0,0,0,0,0,0,1,1,0,0,0,0,0,0,0,0,0,Falla de impresión,Limpieza de cabezales o rodillos,58.85
1580,Impresora Epson,1,0,1,0,1,0,0,0,1,0,0,0,0,0,0,0,0,0,Falla de impresión,Limpieza de cabezales o rodillos,49.7
1581,Impresora Epson,1,0,0,0,0,0,0,1,1,1,0,0,0,0,0,0,0,0,Falla de impresión,Limpieza de cabezales o rodillos,37.83
1582,Impresora Epson,1,0,0,0,0,0,0,1,0,1,0,0,0,0,0,0,0,0,Falla de impresión,Limpieza de cabezales o rodillos,48.09
1583,Impresora Epson,1,0,0,0,0,0,0,1,0,0,0,0,0,0,0,0,0,0,Falla de impresión,Limpieza de cabezales o rodillos,57.72
1584,Impresora Epson,1,0,1,0,0,0,0,1,1,1,0,0,0,0,0,0,0,0,Falla de impresión,Limpieza de cabezales o rodillos,35.11
1585,Impresora Epson,1,0,0,0,0,0,0,0,1,1,0,0,0,0,0,0,0,0,Falla de impresión,Limpieza de cabezales o rodillos,40.28
1586,Impresora Epson,0,0,0,0,0,0,0,1,0,1,0,0,0,0,0,0,0,0,Falla de impresión,Limpieza de cabezales o rodillos,50.67
1587,Impresora Epson,1,0,1,0,0,0,0,0,0,0,0,0,0,0,0,0,0,0,Falla de impresión,Limpieza de cabezales o rodillos,49.33
1588,Impresora Epson,1,1,1,1,0,0,0,1,1,1,0,0,0,0,0,0,0,0,Falla de impresión,Limpieza de cabezales o rodillos,55.7
1589,Impresora Epson,0,0,0,0,0,0,0,0,0,0,0,0,0,0,0,0,0,0,Falla de impresión,Limpieza de cabezales o rodillos,41.09
1590,Impresora Epson,1,0,1,0,0,0,0,1,1,0,0,0,1,0,0,0,0,1,Falla de impresión,Limpieza de cabezales o rodillos,59.52
1591,Impresora Epson,1,0,0,1,0,0,0,1,0,1,1,0,0,0,0,0,0,0,Falla de impresión,Limpieza de cabezales o rodillos,54.68
1592,Impresora Epson,1,0,0,0,0,0,0,1,0,0,1,0,1,0,0,0,0,0,Falla de impresión,Limpieza de cabezales o rodillos,40.59
1593,Impresora Epson,1,0,1,0,0,0,0,1,0,1,0,0,0,0,0,0,0,0,Falla de impresión,Limpieza de cabezales o rodillos,55.09
1594,Impresora Epson,1,0,1,0,0,0,1,0,1,0,1,0,0,0,0,0,0,0,Falla de impresión,Limpieza de cabezales o rodillos,59.98
1595,Impresora Epson,1,0,1,0,0,0,0,1,1,1,1,0,0,0,0,0,0,0,Falla de impresión,Limpieza de cabezales o rodillos,57.16
1596,Impresora Epson,1,0,0,0,0,0,0,1,0,0,1,0,0,0,0,0,0,0,Falla de impresión,Limpieza de cabezales o rodillos,57.79
1597,Impresora Epson,1,0,0,0,0,0,0,1,0,0,0,0,0,0,0,0,0,0,Falla de impresión,Limpieza de cabezales o rodillos,52.54
1598,Impresora Epson,1,0,1,0,0,0,0,1,0,1,0,0,0,0,0,1,0,0,Falla de impresión,Limpieza de cabezales o rodillos,59.45
1599,Impresora Epson,0,0,1,0,0,0,0,0,1,0,0,0,0,0,0,0,0,0,Falla de impresión,Limpieza de cabezales o rodillos,37.37
1600,Impresora Epson,1,0,0,0,0,0,0,1,1,0,0,0,0,0,0,0,0,0,Falla de impresión,Limpieza de cabezales o rodillos,41.62
1601,Impresora Epson,1,0,1,0,0,0,0,0,1,1,1,0,0,0,0,0,0,0,Falla de impresión,Limpieza de cabezales o rodillos,57.35
1602,Impresora Epson,1,0,1,0,0,0,0,1,0,1,1,1,0,0,0,0,0,0,Falla de impresión,Limpieza de cabezales o rodillos,38.69
1603,Impresora Epson,1,0,1,0,0,0,0,0,0,1,1,0,0,0,0,0,0,0,Falla de impresión,Limpieza de cabezales o rodillos,46.95
1604,Impresora Epson,1,0,0,0,0,0,0,1,1,1,0,0,0,0,0,0,0,0,Falla de impresión,Limpieza de cabezales o rodillos,36.31
1605,Impresora Epson,1,0,1,0,0,0,0,1,0,1,1,0,0,0,0,0,0,0,Falla de impresión,Limpieza de cabezales o rodillos,46.28
1606,Impresora Epson,1,0,0,0,0,1,0,0,0,1,0,1,0,0,0,0,0,0,Falla de impresión,Limpieza de cabezales o rodillos,41.87
1607,Impresora Epson,0,0,1,0,0,0,0,1,1,0,1,0,0,0,0,0,0,0,Falla de impresión,Limpieza de cabezales o rodillos,44.52
1608,Impresora Epson,1,0,0,0,0,0,0,1,1,0,0,0,0,0,0,0,0,0,Falla de impresión,Limpieza de cabezales o rodillos,46.27
1609,Impresora Epson,1,1,0,0,0,0,0,1,0,0,1,0,0,0,0,0,0,0,Falla de impresión,Limpieza de cabezales o rodillos,41.24
1610,Impresora Epson,1,0,0,0,0,0,0,1,1,1,0,0,0,0,0,1,0,0,Falla de impresión,Limpieza de cabezales o rodillos,42.27
1611,Impresora Epson,1,0,0,0,0,0,0,1,1,0,0,0,0,0,0,0,0,0,Falla de impresión,Limpieza de cabezales o rodillos,42.68
1612,Impresora Epson,1,0,0,1,0,0,1,0,0,1,1,0,0,0,0,0,0,1,Falla de impresión,Limpieza de cabezales o rodillos,56.22
1613,Impresora Epson,1,0,1,0,0,0,0,1,0,0,1,0,0,0,0,1,0,0,Falla de impresión,Limpieza de cabezales o rodillos,53.99
1614,Impresora Epson,1,0,0,0,0,0,0,0,0,0,1,0,0,0,0,0,0,0,Falla de impresión,Limpieza de cabezales o rodillos,38.22
1615,Impresora Epson,1,0,0,0,0,0,0,1,0,1,1,0,0,0,0,0,0,0,Falla de impresión,Limpieza de cabezales o rodillos,36.94
1616,Impresora Epson,1,0,0,0,0,0,0,1,0,1,0,1,0,0,0,0,0,0,Falla de impresión,Limpieza de cabezales o rodillos,43.84
1617,Impresora Epson,1,0,1,0,0,1,0,1,1,0,0,0,0,0,0,1,0,0,Falla de impresión,Limpieza de cabezales o rodillos,57.91
1618,Impresora Epson,1,0,0,0,0,1,0,0,1,1,0,0,0,0,0,0,0,0,Falla de impresión,Limpieza de cabezales o rodillos,45.48
1619,Impresora Epson,1,0,0,0,0,0,0,1,1,1,1,0,0,0,0,0,0,0,Falla de impresión,Limpieza de cabezales o rodillos,55.27
1620,Impresora Epson,1,0,1,0,0,0,0,1,1,0,1,1,0,0,0,0,0,0,Falla de impresión,Limpieza de cabezales o rodillos,37.82
1621,Impresora Epson,1,0,1,0,0,0,1,1,0,1,1,0,0,0,0,0,0,0,Falla de impresión,Limpieza de cabezales o rodillos,53.89
1622,Impresora Epson,1,0,1,0,0,0,0,1,1,0,1,0,0,0,0,0,1,1,Falla de impresión,Limpieza de cabezales o rodillos,58.78
1623,Impresora Epson,1,0,1,0,0,0,0,1,1,1,1,0,0,0,0,0,0,0,Falla de impresión,Limpieza de cabezales o rodillos,57.59
1624,Impresora Epson,1,0,0,0,1,0,0,1,0,1,1,0,0,0,0,1,0,0,Falla de impresión,Limpieza de cabezales o rodillos,54.04
1625,Impresora Epson,1,0,0,0,0,0,0,1,1,0,0,0,0,0,0,0,0,0,Falla de impresión,Limpieza de cabezales o rodillos,42.86
1626,Impresora Epson,1,0,1,0,0,0,0,0,0,0,0,0,0,0,0,0,0,0,Falla de impresión,Limpieza de cabezales o rodillos,56.48
1627,Impresora Epson,1,1,0,0,0,0,0,1,1,0,1,0,0,0,0,0,0,0,Falla de impresión,Limpieza de cabezales o rodillos,49.88
1628,Impresora Epson,1,0,0,0,0,0,0,1,1,0,0,0,0,0,0,0,0,0,Falla de impresión,Limpieza de cabezales o rodillos,58.72
1629,Impresora Epson,1,0,0,0,0,0,0,1,0,0,0,0,0,0,0,0,0,0,Falla de impresión,Limpieza de cabezales o rodillos,45.1
1630,Impresora Epson,1,0,0,0,0,0,0,0,0,0,0,0,0,0,0,0,0,0,Falla de impresión,Limpieza de cabezales o rodillos,45.31
1631,Impresora Epson,1,0,0,0,1,0,0,1,1,0,0,1,1,0,0,0,0,0,Falla de impresión,Limpieza de cabezales o rodillos,47.19
1632,Impresora Epson,1,0,0,0,0,0,0,1,0,0,1,0,0,0,0,0,0,0,Falla de impresión,Limpieza de cabezales o rodillos,50.64
1633,Impresora Epson,1,0,1,0,0,0,0,1,0,1,0,0,0,0,0,0,0,0,Falla de impresión,Limpieza de cabezales o rodillos,46.61
1634,Impresora Epson,1,0,0,0,0,0,0,1,0,0,1,0,0,0,0,0,0,0,Falla de impresión,Limpieza de cabezales o rodillos,44.71
1635,Impresora Epson,1,0,1,0,0,0,0,1,0,1,1,0,0,0,0,0,0,0,Falla de impresión,Limpieza de cabezales o rodillos,39.74
1636,Impresora Epson,1,1,1,0,1,0,1,1,1,0,1,0,0,0,0,0,0,0,Falla de impresión,Limpieza de cabezales o rodillos,44.14
1637,Impresora Epson,1,0,1,1,0,0,0,1,0,0,0,0,0,0,0,0,0,0,Falla de impresión,Limpieza de cabezales o rodillos,39.16
1638,Impresora Epson,1,0,0,0,0,0,1,1,1,0,0,0,0,0,0,0,0,0,Falla de impresión,Limpieza de cabezales o rodillos,46.13
1639,Impresora Epson,1,0,1,0,0,0,0,1,0,1,0,0,0,1,0,1,0,0,Falla de impresión,Limpieza de cabezales o rodillos,47.61
1640,Impresora Epson,1,0,0,0,0,0,0,0,0,1,0,0,0,0,0,0,0,0,Falla de impresión,Limpieza de cabezales o rodillos,59.69
1641,Impresora Epson,1,0,1,0,0,0,0,1,1,1,1,0,0,0,0,0,1,1,Falla de impresión,Limpieza de cabezales o rodillos,48.27
1642,Impresora Epson,0,0,0,0,0,0,0,1,0,1,1,0,0,0,0,0,0,0,Falla de impresión,Limpieza de cabezales o rodillos,44.08
1643,Impresora Epson,1,0,0,0,0,1,0,0,1,1,1,1,0,0,0,0,0,0,Falla de impresión,Limpieza de cabezales o rodillos,52.18
1644,Impresora Epson,1,1,0,0,0,0,0,1,0,1,1,1,0,0,0,1,0,0,Falla de impresión,Limpieza de cabezales o rodillos,44.42
1645,Impresora Epson,1,0,0,1,0,0,0,1,1,0,1,0,0,0,0,0,0,0,Falla de impresión,Limpieza de cabezales o rodillos,57.49
1646,Impresora Epson,1,0,0,1,1,0,1,1,0,1,0,0,0,0,0,0,0,0,Falla de impresión,Limpieza de cabezales o rodillos,48.51
1647,Impresora Epson,1,0,0,0,0,0,0,0,1,0,1,0,0,0,0,0,0,0,Falla de impresión,Limpieza de cabezales o rodillos,37.63
1648,Impresora Epson,1,0,1,0,0,0,0,0,1,1,0,0,0,0,0,0,0,0,Falla de impresión,Limpieza de cabezales o rodillos,52.71
1649,Impresora Epson,1,0,1,0,0,0,0,1,1,1,1,0,0,0,0,0,0,0,Falla de impresión,Limpieza de cabezales o rodillos,42.81
1650,Impresora Epson,0,0,1,1,0,0,0,1,0,0,1,0,0,0,0,0,0,0,Falla de impresión,Limpieza de cabezales o rodillos,37.8
1651,Impresora Epson,1,0,1,0,0,0,0,1,0,0,0,1,0,0,0,0,0,0,Falla de impresión,Limpieza de cabezales o rodillos,52.07
1652,Impresora Epson,1,0,0,0,0,0,0,1,1,1,1,0,0,0,0,0,1,0,Falla de impresión,Limpieza de cabezales o rodillos,35.22
1653,Impresora Epson,1,0,1,0,1,0,0,1,0,0,0,0,0,0,0,1,0,0,Falla de impresión,Limpieza de cabezales o rodillos,50.59
1654,Impresora Epson,1,0,0,1,0,0,0,1,0,0,0,1,0,1,0,0,0,0,Falla de impresión,Limpieza de cabezales o rodillos,48.52
1655,Impresora Epson,1,1,1,0,0,0,0,1,1,0,0,0,0,0,0,0,0,0,Falla de impresión,Limpieza de cabezales o rodillos,48.48
1656,Impresora Epson,1,0,1,0,0,0,0,0,0,1,0,1,0,0,0,0,0,0,Falla de impresión,Limpieza de cabezales o rodillos,44.75
1657,Impresora Epson,1,0,1,0,0,0,0,1,0,1,0,0,0,0,0,0,0,0,Falla de impresión,Limpieza de cabezales o rodillos,54.15
1658,Impresora Epson,1,0,1,0,0,0,0,1,0,0,1,0,0,0,0,0,0,0,Falla de impresión,Limpieza de cabezales o rodillos,40.96
1659,Impresora Epson,1,1,1,0,0,0,0,1,1,0,0,0,0,0,0,0,0,0,Falla de impresión,Limpieza de cabezales o rodillos,57.83
1660,Impresora Epson,0,0,0,0,0,0,0,0,0,0,1,0,0,0,0,0,1,0,Falla de impresión,Limpieza de cabezales o rodillos,48.35
1661,Impresora Epson,1,0,1,1,1,0,0,0,0,1,0,1,0,1,0,0,0,0,Falla de impresión,Limpieza de cabezales o rodillos,54.11
1662,Impresora Epson,1,0,1,0,0,0,0,1,0,0,1,0,0,0,0,0,0,0,Falla de impresión,Limpieza de cabezales o rodillos,54.13
1663,Impresora Epson,1,1,0,0,0,0,0,1,1,1,1,1,0,0,0,0,0,0,Falla de impresión,Limpieza de cabezales o rodillos,59.48
1664,Impresora Epson,1,0,0,0,1,0,0,1,1,1,0,0,0,0,0,0,0,0,Falla de impresión,Limpieza de cabezales o rodillos,54.75
1665,Impresora Epson,1,0,0,0,0,0,0,1,1,1,1,0,0,1,0,0,0,0,Falla de impresión,Limpieza de cabezales o rodillos,39.91
1666,Impresora Epson,0,0,0,0,0,0,0,1,1,0,0,0,0,0,0,0,0,0,Falla de impresión,Limpieza de cabezales o rodillos,40.82
1667,Impresora Epson,1,0,0,0,0,0,0,1,0,0,1,0,0,0,0,0,0,0,Falla de impresión,Limpieza de cabezales o rodillos,48.31
1668,Impresora Epson,1,0,1,0,0,0,0,1,1,1,1,0,0,0,1,0,0,0,Falla de impresión,Limpieza de cabezales o rodillos,40.82
1669,Impresora Epson,1,0,1,1,0,0,1,1,1,0,1,1,0,0,0,0,0,0,Falla de impresión,Limpieza de cabezales o rodillos,45.71
1670,Impresora Epson,1,0,1,0,1,0,0,1,0,0,1,0,0,0,0,0,0,0,Falla de impresión,Limpieza de cabezales o rodillos,42.36
1671,Impresora Epson,1,0,0,0,1,0,0,1,1,1,0,0,0,0,0,1,0,0,Falla de impresión,Limpieza de cabezales o rodillos,45.59
1672,Impresora Epson,0,0,0,0,0,0,0,1,0,0,0,0,0,0,0,0,0,0,Falla de impresión,Limpieza de cabezales o rodillos,40.68
1673,Impresora Epson,0,0,1,0,0,0,0,0,1,0,0,0,0,0,0,0,0,0,Falla de impresión,Limpieza de cabezales o rodillos,53.94
1674,Impresora Epson,1,0,1,0,0,0,0,1,1,0,1,0,0,0,0,0,0,0,Falla de impresión,Limpieza de cabezales o rodillos,49.62
1675,Impresora Epson,1,0,1,0,0,0,0,0,1,0,0,0,0,0,0,0,0,0,Falla de impresión,Limpieza de cabezales o rodillos,55.0
1676,Impresora Epson,0,0,1,0,0,0,1,1,1,1,0,0,1,0,0,0,0,0,Falla de impresión,Limpieza de cabezales o rodillos,51.17
1677,Impresora Epson,1,0,1,0,1,0,0,1,1,1,1,0,0,0,0,0,0,0,Falla de impresión,Limpieza de cabezales o rodillos,47.68
1678,Impresora Epson,0,0,1,0,0,0,0,0,1,0,0,0,0,0,0,0,0,0,Falla de impresión,Limpieza de cabezales o rodillos,40.92
1679,Impresora Epson,1,0,1,0,0,0,1,1,1,1,1,1,0,0,0,0,0,0,Falla de impresión,Limpieza de cabezales o rodillos,59.92
1680,Impresora Epson,1,0,0,0,0,0,0,1,1,1,1,0,0,0,0,0,0,0,Falla de impresión,Limpieza de cabezales o rodillos,46.99
1681,Impresora Epson,1,0,0,0,0,0,0,1,1,1,1,0,0,0,1,0,0,0,Falla de impresión,Limpieza de cabezales o rodillos,40.57
1682,Impresora Epson,1,0,1,0,0,0,0,1,0,0,0,1,0,0,0,0,0,0,Falla de impresión,Limpieza de cabezales o rodillos,46.31
1683,Impresora Epson,1,0,1,0,0,0,0,1,0,0,0,0,0,0,0,0,0,0,Falla de impresión,Limpieza de cabezales o rodillos,37.64
1684,Impresora Epson,1,0,0,0,0,1,0,1,1,0,1,0,1,0,0,0,0,0,Falla de impresión,Limpieza de cabezales o rodillos,54.41
1685,Impresora Epson,1,0,0,0,0,0,0,1,0,0,0,0,0,0,0,0,0,0,Falla de impresión,Limpieza de cabezales o rodillos,58.25
1686,Impresora Epson,1,0,0,0,0,0,0,1,1,0,0,0,0,0,0,0,0,0,Falla de impresión,Limpieza de cabezales o rodillos,35.02
1687,Impresora Epson,1,0,1,0,0,0,0,1,1,1,0,0,0,1,0,0,0,1,Falla de impresión,Limpieza de cabezales o rodillos,56.27
1688,Impresora Epson,1,0,1,0,1,0,0,1,1,0,1,0,0,0,0,0,0,0,Falla de impresión,Limpieza de cabezales o rodillos,48.81
1689,Impresora Epson,1,0,1,0,0,0,0,1,1,0,0,0,0,0,0,0,0,0,Falla de impresión,Limpieza de cabezales o rodillos,40.6
1690,Impresora Epson,1,0,0,0,0,0,0,1,1,0,0,0,0,0,0,0,0,0,Falla de impresión,Limpieza de cabezales o rodillos,48.86
1691,Impresora Epson,1,0,1,1,0,0,0,1,1,0,0,0,1,0,0,0,0,1,Falla de impresión,Limpieza de cabezales o rodillos,38.69
1692,Impresora Epson,1,0,0,0,0,0,0,1,0,0,0,0,0,0,0,0,0,0,Falla de impresión,Limpieza de cabezales o rodillos,44.81
1693,Impresora Epson,1,0,0,0,0,1,0,1,1,1,1,0,0,1,0,0,0,0,Falla de impresión,Limpieza de cabezales o rodillos,37.58
1694,Impresora Epson,1,0,1,0,0,0,0,1,0,0,1,0,0,0,0,0,0,0,Falla de impresión,Limpieza de cabezales o rodillos,45.77
1695,Impresora Epson,1,0,0,0,0,0,0,1,1,0,1,0,0,0,0,0,0,0,Falla de impresión,Limpieza de cabezales o rodillos,37.36
1696,Impresora Epson,1,0,0,0,0,0,0,1,0,1,0,0,0,0,0,0,0,0,Falla de impresión,Limpieza de cabezales o rodillos,53.78
1697,Impresora Epson,0,0,0,0,0,0,0,1,0,0,1,0,0,0,0,0,0,0,Falla de impresión,Limpieza de cabezales o rodillos,47.68
1698,Impresora Epson,1,0,0,0,0,0,0,1,1,1,0,0,0,0,0,0,1,0,Falla de impresión,Limpieza de cabezales o rodillos,55.77
1699,Impresora Epson,1,0,1,0,0,0,0,1,0,0,0,0,0,0,0,0,0,0,Falla de impresión,Limpieza de cabezales o rodillos,36.4
1700,Impresora Epson,1,0,1,0,0,0,0,1,0,0,0,0,0,0,0,0,0,0,Falla de impresión,Limpieza de cabezales o rodillos,55.85
1701,Impresora Epson,1,0,0,0,0,0,0,1,1,1,0,0,0,0,0,0,0,1,Falla de impresión,Limpieza de cabezales o rodillos,41.51
1702,Impresora Epson,1,0,1,0,0,1,0,1,1,0,0,0,0,0,0,0,0,0,Falla de impresión,Limpieza de cabezales o rodillos,53.56
1703,Impresora Epson,1,0,1,1,0,0,0,1,0,0,1,0,0,0,0,0,0,1,Falla de impresión,Limpieza de cabezales o rodillos,43.32
1704,Impresora Epson,1,0,0,0,0,1,1,1,1,1,0,0,1,0,0,0,0,0,Falla de impresión,Limpieza de cabezales o rodillos,37.69
1705,Impresora Epson,0,0,0,0,0,0,0,1,0,0,1,0,0,0,0,0,0,0,Falla de impresión,Limpieza de cabezales o rodillos,52.92
1706,Impresora Epson,1,0,1,0,0,1,0,0,0,0,0,0,0,0,0,0,0,0,Falla de impresión,Limpieza de cabezales o rodillos,54.4
1707,Impresora Epson,0,0,0,0,0,0,0,1,1,1,1,0,0,0,0,0,0,0,Falla de impresión,Limpieza de cabezales o rodillos,44.7
1708,Impresora Epson,1,0,1,0,0,0,0,1,1,1,1,0,0,0,0,0,0,1,Falla de impresión,Limpieza de cabezales o rodillos,59.35
1709,Impresora Epson,1,1,0,0,0,1,0,1,0,1,1,1,0,0,0,0,1,0,Falla de impresión,Limpieza de cabezales o rodillos,53.86
1710,Impresora Epson,1,0,0,0,0,0,0,1,1,1,0,0,0,0,0,0,0,0,Falla de impresión,Limpieza de cabezales o rodillos,52.22
1711,Impresora Epson,1,0,1,0,0,0,0,1,0,0,0,0,0,0,0,0,0,0,Falla de impresión,Limpieza de cabezales o rodillos,50.41
1712,Impresora Epson,1,0,1,0,0,0,0,1,1,1,0,0,0,0,0,0,0,0,Falla de impresión,Limpieza de cabezales o rodillos,36.9
1713,Impresora Epson,1,0,0,0,0,0,0,1,0,0,1,0,0,0,0,0,0,0,Falla de impresión,Limpieza de cabezales o rodillos,41.51
1714,Impresora Epson,1,0,1,0,0,0,0,1,1,1,0,0,0,1,0,0,0,0,Falla de impresión,Limpieza de cabezales o rodillos,59.56
1715,Impresora Epson,1,0,1,0,0,0,1,1,0,0,1,0,0,0,0,0,0,0,Falla de impresión,Limpieza de cabezales o rodillos,40.47
1716,Impresora Epson,1,0,1,0,1,0,1,1,1,0,0,0,1,1,1,1,0,0,Falla de impresión,Limpieza de cabezales o rodillos,49.15
1717,Impresora Epson,1,0,1,0,0,0,0,1,0,1,0,0,0,0,1,0,0,0,Falla de impresión,Limpieza de cabezales o rodillos,52.83
1718,Impresora Epson,0,0,1,0,0,0,0,1,0,1,1,0,0,0,0,0,0,0,Falla de impresión,Limpieza de cabezales o rodillos,47.35
1719,Impresora Epson,1,0,0,0,0,0,0,1,1,0,0,0,0,0,0,0,0,0,Falla de impresión,Limpieza de cabezales o rodillos,49.81
1720,Impresora Epson,1,0,1,0,0,0,0,1,1,1,1,0,0,0,0,0,0,0,Falla de impresión,Limpieza de cabezales o rodillos,38.22
1721,Impresora Epson,1,0,0,0,0,0,0,1,1,1,0,0,0,0,0,0,0,0,Falla de impresión,Limpieza de cabezales o rodillos,45.92
1722,Impresora Epson,0,0,1,0,0,0,0,1,1,1,1,0,0,0,0,0,0,0,Falla de impresión,Limpieza de cabezales o rodillos,50.18
1723,Impresora Epson,1,0,0,0,0,0,0,1,1,1,0,0,0,0,0,0,0,0,Falla de impresión,Limpieza de cabezales o rodillos,53.74
1724,Impresora Epson,0,0,1,0,0,0,0,0,0,0,0,0,0,0,0,0,0,0,Falla de impresión,Limpieza de cabezales o rodillos,39.62
1725,Impresora Epson,1,0,1,0,0,0,0,1,0,0,1,0,1,0,0,0,1,0,Falla de impresión,Limpieza de cabezales o rodillos,51.52
1726,Impresora Epson,1,0,0,0,0,0,0,1,0,1,1,0,0,0,0,0,0,0,Falla de impresión,Limpieza de cabezales o rodillos,41.43
1727,Impresora Epson,1,0,0,0,0,0,0,1,1,1,0,0,0,0,0,0,0,0,Falla de impresión,Limpieza de cabezales o rodillos,59.39
1728,Impresora Epson,0,0,1,0,0,0,0,1,0,1,0,0,0,0,0,0,0,0,Falla de impresión,Limpieza de cabezales o rodillos,57.07
1729,Impresora Epson,0,0,1,0,0,0,0,1,0,0,0,0,0,0,0,0,0,0,Falla de impresión,Limpieza de cabezales o rodillos,51.88
1730,Impresora Epson,1,0,0,0,0,0,0,0,1,0,0,0,0,0,0,0,0,0,Falla de impresión,Limpieza de cabezales o rodillos,55.92
1731,Impresora Epson,1,0,1,0,0,0,0,1,0,1,1,0,0,0,0,0,0,0,Falla de impresión,Limpieza de cabezales o rodillos,35.77
1732,Impresora Epson,1,0,0,0,0,0,0,1,0,1,0,0,0,0,0,0,0,0,Falla de impresión,Limpieza de cabezales o rodillos,52.0
1733,Impresora Epson,1,0,1,0,0,0,0,1,1,1,0,0,0,1,0,1,0,0,Falla de impresión,Limpieza de cabezales o rodillos,56.21
1734,Impresora Epson,1,1,0,0,0,0,0,0,0,1,1,0,0,0,0,0,0,0,Falla de impresión,Limpieza de cabezales o rodillos,43.49
1735,Impresora Epson,1,0,0,0,0,0,0,1,1,0,0,0,0,0,1,0,0,0,Falla de impresión,Limpieza de cabezales o rodillos,46.36
1736,Impresora Epson,1,0,1,0,0,0,0,1,0,1,1,0,0,0,1,0,0,0,Falla de impresión,Limpieza de cabezales o rodillos,36.31
1737,Impresora Epson,1,0,0,0,0,0,0,1,1,0,1,0,0,0,0,0,0,0,Falla de impresión,Limpieza de cabezales o rodillos,45.4
1738,Impresora Epson,0,0,1,0,0,0,0,0,0,0,1,0,0,0,0,0,0,0,Falla de impresión,Limpieza de cabezales o rodillos,38.62
1739,Impresora Epson,1,0,0,0,0,0,0,1,0,0,0,0,0,0,0,0,0,0,Falla de impresión,Limpieza de cabezales o rodillos,36.76
1740,Impresora Epson,1,0,0,0,0,0,0,1,1,0,1,0,0,0,0,0,0,0,Falla de impresión,Limpieza de cabezales o rodillos,50.51
1741,Impresora Epson,1,0,0,0,0,0,0,1,0,1,0,0,0,0,0,0,0,0,Falla de impresión,Limpieza de cabezales o rodillos,50.59
1742,Impresora Epson,1,0,0,0,0,0,0,1,1,1,1,1,0,0,0,0,0,0,Falla de impresión,Limpieza de cabezales o rodillos,46.64
1743,Impresora Epson,1,0,1,0,0,0,0,1,1,0,1,1,1,0,0,1,0,0,Falla de impresión,Limpieza de cabezales o rodillos,37.36
1744,Impresora Epson,1,0,0,0,0,0,0,1,1,0,0,0,0,0,1,0,0,0,Falla de impresión,Limpieza de cabezales o rodillos,43.95
1745,Impresora Epson,0,0,1,0,0,0,0,1,1,1,0,0,0,0,0,0,0,0,Falla de impresión,Limpieza de cabezales o rodillos,35.18
1746,Impresora Epson,1,0,1,0,0,0,0,1,1,0,0,0,0,0,0,0,0,0,Falla de impresión,Limpieza de cabezales o rodillos,44.84
1747,Impresora Epson,0,1,0,0,0,0,0,1,1,0,0,0,0,0,0,0,0,0,Falla de impresión,Limpieza de cabezales o rodillos,44.04
1748,Impresora Epson,0,0,0,0,0,0,0,1,0,0,0,0,0,0,0,0,0,0,Falla de impresión,Limpieza de cabezales o rodillos,45.9
1749,Impresora Epson,1,0,0,1,0,0,0,1,0,0,0,0,0,0,0,0,0,1,Falla de impresión,Limpieza de cabezales o rodillos,52.77
1750,Impresora Epson,1,1,1,1,0,0,0,1,0,1,1,0,0,0,1,1,0,0,Falla de impresión,Limpieza de cabezales o rodillos,38.21
1751,Impresora Epson,1,0,0,0,0,0,0,1,0,0,0,0,0,0,0,0,0,0,Falla de impresión,Limpieza de cabezales o rodillos,38.67
1752,Impresora Epson,1,0,0,0,0,0,0,1,1,1,1,0,0,0,0,0,0,0,Falla de impresión,Limpieza de cabezales o rodillos,48.07
1753,Impresora Epson,0,0,1,0,0,0,0,1,0,1,1,0,0,0,0,0,0,0,Falla de impresión,Limpieza de cabezales o rodillos,36.06
1754,Impresora Epson,1,0,0,0,0,0,0,1,0,1,1,0,0,0,0,0,0,0,Falla de impresión,Limpieza de cabezales o rodillos,37.5
1755,Impresora Epson,1,0,0,0,0,0,0,1,1,0,1,0,0,0,0,0,0,1,Falla de impresión,Limpieza de cabezales o rodillos,59.84
1756,Impresora Epson,1,0,0,0,0,1,0,0,0,0,0,0,0,0,0,1,0,0,Falla de impresión,Limpieza de cabezales o rodillos,48.57
1757,Impresora Epson,1,0,0,0,0,0,0,1,1,1,1,0,0,0,0,0,0,0,Falla de impresión,Limpieza de cabezales o rodillos,50.28
1758,Impresora Epson,1,0,1,0,0,0,0,1,1,0,0,0,0,0,0,0,0,0,Falla de impresión,Limpieza de cabezales o rodillos,59.27
1759,Impresora Epson,1,0,1,0,0,0,0,0,1,1,0,1,0,0,0,0,0,0,Falla de impresión,Limpieza de cabezales o rodillos,39.48
1760,Impresora Epson,1,0,0,0,0,0,0,1,1,0,1,0,0,0,0,0,0,0,Falla de impresión,Limpieza de cabezales o rodillos,38.38
1761,Impresora Epson,1,0,0,0,0,0,1,1,0,1,0,0,0,0,0,0,0,0,Falla de impresión,Limpieza de cabezales o rodillos,43.99
1762,Impresora Epson,0,0,0,0,0,0,0,1,0,0,1,0,0,0,0,0,0,0,Falla de impresión,Limpieza de cabezales o rodillos,45.58
1763,Impresora Epson,1,0,0,0,0,0,0,1,1,0,0,0,0,0,0,0,0,0,Falla de impresión,Limpieza de cabezales o rodillos,59.91
1764,Impresora Epson,1,0,0,0,0,0,0,1,0,1,1,0,0,0,0,0,0,0,Falla de impresión,Limpieza de cabezales o rodillos,56.01
1765,Impresora Epson,1,0,0,0,0,0,0,1,0,1,0,0,0,0,0,0,0,0,Falla de impresión,Limpieza de cabezales o rodillos,44.03
1766,Impresora Epson,1,0,0,0,0,0,0,1,0,0,1,0,0,0,0,0,0,0,Falla de impresión,Limpieza de cabezales o rodillos,37.38
1767,Impresora Epson,1,0,1,0,0,0,0,1,0,1,1,0,0,0,0,0,0,0,Falla de impresión,Limpieza de cabezales o rodillos,37.54
1768,Impresora Epson,1,0,1,0,0,0,0,1,0,1,0,0,0,0,0,0,0,0,Falla de impresión,Limpieza de cabezales o rodillos,42.39
1769,Impresora Epson,1,0,1,0,0,0,0,1,1,0,1,0,0,0,0,0,0,0,Falla de impresión,Limpieza de cabezales o rodillos,55.56
1770,Impresora Epson,1,0,1,0,0,0,0,1,0,0,1,0,0,0,0,0,0,0,Falla de impresión,Limpieza de cabezales o rodillos,55.9
1771,Impresora Epson,0,0,0,0,1,0,0,1,0,1,1,0,0,0,0,0,0,0,Falla de impresión,Limpieza de cabezales o rodillos,42.39
1772,Impresora Epson,1,0,1,0,0,0,0,1,1,1,0,0,0,1,1,0,0,0,Falla de impresión,Limpieza de cabezales o rodillos,52.57
1773,Impresora Epson,1,0,0,0,0,0,0,1,0,1,1,0,0,0,0,0,0,0,Falla de impresión,Limpieza de cabezales o rodillos,55.04
1774,Impresora Epson,1,0,1,0,0,0,1,0,0,0,1,0,0,0,1,0,0,0,Falla de impresión,Limpieza de cabezales o rodillos,49.69
1775,Impresora Epson,0,0,1,0,0,0,0,1,1,1,0,0,1,0,0,1,0,0,Falla de impresión,Limpieza de cabezales o rodillos,38.18
1776,Impresora Epson,1,1,1,0,0,0,0,1,0,0,1,0,0,0,0,1,0,0,Falla de impresión,Limpieza de cabezales o rodillos,40.15
1777,Impresora Epson,1,0,0,0,0,0,0,0,1,1,1,0,0,0,1,0,0,1,Falla de impresión,Limpieza de cabezales o rodillos,41.44
1778,Impresora Epson,1,1,0,0,1,0,0,1,0,1,1,0,0,0,0,0,0,0,Falla de impresión,Limpieza de cabezales o rodillos,48.37
1779,Impresora Epson,1,0,0,0,0,0,0,0,1,0,0,0,0,0,0,0,0,0,Falla de impresión,Limpieza de cabezales o rodillos,38.6
1780,Impresora Epson,1,0,1,0,1,0,0,1,1,0,0,0,0,1,0,0,0,0,Falla de impresión,Limpieza de cabezales o rodillos,37.59
1781,Impresora Epson,1,0,0,0,0,1,0,1,1,1,0,0,0,0,0,0,0,0,Falla de impresión,Limpieza de cabezales o rodillos,56.77
1782,Impresora Epson,0,0,1,0,0,0,0,1,1,1,0,0,0,0,0,0,0,0,Falla de impresión,Limpieza de cabezales o rodillos,35.73
1783,Impresora Epson,0,0,1,0,0,0,0,1,0,1,0,0,0,0,0,0,0,0,Falla de impresión,Limpieza de cabezales o rodillos,50.02
1784,Impresora Epson,1,0,0,0,0,0,0,1,1,1,0,0,0,0,0,1,0,0,Falla de impresión,Limpieza de cabezales o rodillos,41.76
1785,Impresora Epson,1,0,0,1,0,0,0,1,0,1,1,0,0,0,1,0,0,0,Falla de impresión,Limpieza de cabezales o rodillos,47.6
1786,Impresora Epson,0,0,1,0,0,0,0,1,0,1,0,0,0,0,0,0,0,0,Falla de impresión,Limpieza de cabezales o rodillos,55.97
1787,Impresora Epson,0,0,1,0,0,0,0,0,1,1,0,0,0,0,0,0,0,0,Falla de impresión,Limpieza de cabezales o rodillos,52.07
1788,Impresora Epson,1,0,0,0,0,0,0,0,0,1,0,0,0,0,0,0,0,0,Falla de impresión,Limpieza de cabezales o rodillos,50.21
1789,Impresora Epson,1,1,1,0,0,0,0,0,0,0,1,0,0,0,0,0,0,0,Falla de impresión,Limpieza de cabezales o rodillos,48.53
1790,Impresora Epson,1,0,0,0,0,0,0,1,0,1,0,0,0,0,0,0,0,0,Falla de impresión,Limpieza de cabezales o rodillos,41.44
1791,Impresora Epson,1,0,1,0,0,0,0,1,0,0,0,0,0,0,0,0,0,0,Falla de impresión,Limpieza de cabezales o rodillos,45.6
1792,Impresora Epson,0,0,1,0,0,0,0,1,1,1,1,0,0,0,0,0,0,0,Falla de impresión,Limpieza de cabezales o rodillos,48.62
1793,Impresora Epson,1,0,0,0,0,0,0,1,0,1,0,0,0,0,0,0,0,0,Falla de impresión,Limpieza de cabezales o rodillos,35.91
1794,Impresora Epson,1,0,1,0,0,0,0,1,0,1,0,0,0,0,0,0,0,0,Falla de impresión,Limpieza de cabezales o rodillos,51.88
1795,Impresora Epson,0,0,1,0,1,0,0,1,1,0,1,0,0,0,0,0,0,0,Falla de impresión,Limpieza de cabezales o rodillos,41.78
1796,Impresora Epson,0,0,0,0,0,0,0,1,0,1,0,0,0,0,0,0,0,0,Falla de impresión,Limpieza de cabezales o rodillos,52.52
1797,Impresora Epson,1,0,0,0,0,1,0,1,0,1,0,0,0,1,0,0,0,0,Falla de impresión,Limpieza de cabezales o rodillos,35.46
1798,Impresora Epson,1,0,0,0,0,1,1,1,0,1,0,0,0,0,0,0,0,0,Falla de impresión,Limpieza de cabezales o rodillos,44.54
1799,Impresora Epson,1,0,1,0,0,0,0,1,0,1,1,0,0,1,0,0,1,0,Falla de impresión,Limpieza de cabezales o rodillos,56.44
1800,Impresora Epson,1,0,0,0,0,0,0,1,0,1,1,0,0,0,0,0,0,0,Falla de impresión,Limpieza de cabezales o rodillos,41.61
1801,Impresora Epson,1,0,0,0,0,0,0,1,0,0,0,0,0,0,1,0,0,0,Falla de impresión,Limpieza de cabezales o rodillos,59.11
1802,Impresora Epson,1,0,0,0,0,0,0,1,0,1,1,0,0,0,0,0,0,0,Falla de impresión,Limpieza de cabezales o rodillos,39.71
1803,Impresora Epson,1,0,1,0,0,0,0,0,0,1,1,0,0,0,0,0,0,0,Falla de impresión,Limpieza de cabezales o rodillos,43.06
1804,Impresora Epson,1,0,0,0,0,0,0,1,0,0,0,0,0,0,0,0,0,0,Falla de impresión,Limpieza de cabezales o rodillos,36.33
1805,Impresora Epson,1,0,0,0,0,0,0,1,1,1,0,0,0,0,0,0,0,1,Falla de impresión,Limpieza de cabezales o rodillos,36.88
1806,Impresora Epson,1,0,1,0,1,0,0,1,0,0,0,0,0,0,1,1,0,0,Falla de impresión,Limpieza de cabezales o rodillos,48.97
1807,Impresora Epson,1,1,1,0,0,0,0,1,0,1,1,0,0,0,0,1,0,0,Falla de impresión,Limpieza de cabezales o rodillos,50.67
1808,Impresora Epson,1,0,0,0,0,0,0,1,0,0,0,0,0,0,0,0,0,0,Falla de impresión,Limpieza de cabezales o rodillos,38.03
1809,Impresora Epson,0,0,1,0,0,0,1,1,0,0,1,0,1,0,0,1,1,0,Falla de impresión,Limpieza de cabezales o rodillos,44.3
1810,Impresora Epson,1,0,1,0,0,0,0,1,0,1,1,1,0,0,0,0,0,0,Falla de impresión,Limpieza de cabezales o rodillos,56.99
1811,Impresora Epson,1,0,1,0,0,0,0,1,1,1,0,0,0,0,0,0,0,0,Falla de impresión,Limpieza de cabezales o rodillos,54.27
1812,Impresora Epson,1,0,1,0,0,0,0,1,1,0,1,1,0,0,0,0,0,0,Falla de impresión,Limpieza de cabezales o rodillos,42.41
1813,Impresora Epson,1,0,1,0,0,0,0,1,0,1,0,0,0,0,0,0,0,0,Falla de impresión,Limpieza de cabezales o rodillos,51.77
1814,Impresora Epson,0,0,0,0,0,0,0,1,1,0,0,0,0,0,0,0,0,0,Falla de impresión,Limpieza de cabezales o rodillos,41.35
1815,Impresora Epson,1,0,0,0,0,0,0,1,1,0,0,0,0,0,0,0,0,0,Falla de impresión,Limpieza de cabezales o rodillos,49.83
1816,Impresora Epson,1,0,1,0,0,0,0,1,1,0,0,0,0,0,0,0,0,0,Falla de impresión,Limpieza de cabezales o rodillos,48.88
1817,Impresora Epson,1,0,0,0,1,0,1,1,1,1,1,1,0,0,1,0,0,0,Falla de impresión,Limpieza de cabezales o rodillos,40.42
1818,Impresora Epson,1,0,1,0,0,0,0,1,0,1,1,0,0,0,0,0,0,0,Falla de impresión,Limpieza de cabezales o rodillos,57.23
1819,Impresora Epson,1,0,0,0,0,0,0,0,0,0,0,0,0,0,0,0,0,0,Falla de impresión,Limpieza de cabezales o rodillos,53.98
1820,Impresora Epson,1,0,1,0,0,0,0,1,0,1,0,0,0,0,0,0,0,0,Falla de impresión,Limpieza de cabezales o rodillos,38.06
1821,Impresora Epson,1,0,1,0,0,0,0,1,1,0,1,0,0,0,0,0,0,0,Falla de impresión,Limpieza de cabezales o rodillos,36.3
1822,Impresora Epson,1,0,1,0,0,0,0,0,0,1,0,0,0,0,0,0,0,0,Falla de impresión,Limpieza de cabezales o rodillos,36.16
1823,Impresora Epson,1,0,1,0,0,0,0,1,0,1,0,0,0,0,0,1,0,0,Falla de impresión,Limpieza de cabezales o rodillos,47.6
1824,Impresora Epson,1,0,1,0,0,0,0,1,1,1,0,0,0,0,0,0,0,0,Falla de impresión,Limpieza de cabezales o rodillos,45.45
1825,Impresora Epson,1,0,1,0,1,0,0,1,0,0,0,0,0,0,0,0,0,0,Falla de impresión,Limpieza de cabezales o rodillos,57.07
1826,Impresora Epson,0,0,0,0,0,0,0,1,1,0,0,0,0,0,0,0,0,0,Falla de impresión,Limpieza de cabezales o rodillos,53.59
1827,Impresora Epson,1,0,1,0,0,0,0,1,1,1,0,0,0,1,0,0,0,0,Falla de impresión,Limpieza de cabezales o rodillos,46.6
1828,Impresora Epson,1,0,1,0,0,0,0,0,1,1,1,0,0,0,0,0,0,0,Falla de impresión,Limpieza de cabezales o rodillos,56.61
1829,Impresora Epson,1,0,1,0,0,0,0,0,1,0,0,0,0,0,0,0,0,0,Falla de impresión,Limpieza de cabezales o rodillos,52.96
1830,Impresora Epson,1,0,1,0,0,0,0,0,1,0,0,0,0,0,0,0,0,0,Falla de impresión,Limpieza de cabezales o rodillos,49.5
1831,Impresora Epson,1,0,1,0,0,0,0,0,0,0,1,0,0,0,0,0,0,0,Falla de impresión,Limpieza de cabezales o rodillos,57.94
1832,Impresora Epson,1,0,1,0,1,0,0,1,1,0,1,0,0,0,0,0,0,0,Falla de impresión,Limpieza de cabezales o rodillos,58.66
1833,Impresora Epson,1,0,0,0,0,0,0,1,0,0,0,0,0,0,0,0,0,0,Falla de impresión,Limpieza de cabezales o rodillos,58.72
1834,Impresora Epson,1,0,1,0,0,0,0,0,0,0,1,1,0,0,0,0,1,0,Falla de impresión,Limpieza de cabezales o rodillos,52.85
1835,Impresora Epson,1,0,0,0,0,0,0,1,0,1,0,0,0,0,0,0,0,0,Falla de impresión,Limpieza de cabezales o rodillos,50.7
1836,Impresora Epson,1,0,1,0,0,0,0,1,1,1,1,0,0,1,0,0,0,0,Falla de impresión,Limpieza de cabezales o rodillos,53.08
1837,Impresora Epson,1,0,1,0,0,0,0,1,0,0,0,0,0,0,0,0,0,0,Falla de impresión,Limpieza de cabezales o rodillos,44.34
1838,Impresora Epson,1,0,1,0,0,0,0,1,1,1,0,0,0,0,0,0,0,0,Falla de impresión,Limpieza de cabezales o rodillos,51.73
1839,Impresora Epson,1,0,1,0,0,0,0,1,0,0,1,0,0,0,0,0,0,0,Falla de impresión,Limpieza de cabezales o rodillos,55.69
1840,Impresora Epson,1,0,1,0,0,0,0,1,1,0,0,0,0,0,0,0,0,0,Falla de impresión,Limpieza de cabezales o rodillos,48.36
1841,Impresora Epson,0,0,1,1,0,0,0,0,0,1,0,1,0,0,0,0,0,0,Falla de impresión,Limpieza de cabezales o rodillos,59.19
1842,Impresora Epson,0,0,1,0,0,0,0,1,1,1,0,0,0,0,0,0,0,0,Falla de impresión,Limpieza de cabezales o rodillos,39.08
1843,Impresora Epson,0,0,0,1,0,1,0,1,1,1,0,0,0,0,0,0,0,0,Falla de impresión,Limpieza de cabezales o rodillos,42.34
1844,Impresora Epson,1,0,1,0,0,0,0,1,1,0,0,0,0,0,0,0,0,0,Falla de impresión,Limpieza de cabezales o rodillos,56.63
1845,Impresora Epson,1,0,0,0,0,0,0,1,0,1,0,0,0,0,0,0,0,0,Falla de impresión,Limpieza de cabezales o rodillos,53.03
1846,Impresora Epson,0,0,0,0,1,0,0,1,1,0,1,0,0,0,0,0,0,0,Falla de impresión,Limpieza de cabezales o rodillos,42.66
1847,Impresora Epson,0,0,1,0,0,0,0,1,0,1,1,0,0,0,0,1,0,1,Falla de impresión,Limpieza de cabezales o rodillos,39.68
1848,Impresora Epson,1,0,1,0,0,0,1,1,1,1,1,0,0,1,0,0,0,0,Falla de impresión,Limpieza de cabezales o rodillos,58.16
1849,Impresora Epson,0,0,1,0,0,0,0,1,0,0,0,0,0,0,0,0,0,0,Falla de impresión,Limpieza de cabezales o rodillos,40.02
1850,Impresora Epson,0,0,1,0,0,0,0,1,0,1,0,0,0,0,0,0,0,0,Falla de impresión,Limpieza de cabezales o rodillos,50.97
1851,Impresora Epson,1,0,0,0,0,0,0,1,1,1,1,0,0,0,0,0,0,0,Falla de impresión,Limpieza de cabezales o rodillos,49.49
1852,Impresora Epson,1,0,0,0,0,0,0,1,1,1,0,0,0,0,0,0,0,0,Falla de impresión,Limpieza de cabezales o rodillos,42.42
1853,Impresora Epson,1,0,0,0,0,0,0,1,1,1,0,0,0,1,0,0,0,0,Falla de impresión,Limpieza de cabezales o rodillos,52.11
1854,Impresora Epson,1,0,1,0,0,0,0,0,1,0,0,0,0,0,0,0,0,0,Falla de impresión,Limpieza de cabezales o rodillos,41.86
1855,Impresora Epson,1,0,1,0,0,0,0,1,1,0,1,0,0,0,0,0,0,0,Falla de impresión,Limpieza de cabezales o rodillos,44.03
1856,Impresora Epson,1,1,0,1,0,0,0,1,0,0,1,1,1,0,0,0,0,0,Falla de impresión,Limpieza de cabezales o rodillos,56.75
1857,Impresora Epson,1,0,1,0,0,0,0,1,1,1,1,0,0,0,0,0,1,0,Falla de impresión,Limpieza de cabezales o rodillos,38.32
1858,Impresora Epson,1,0,0,0,0,0,0,1,1,1,0,0,0,1,0,0,0,0,Falla de impresión,Limpieza de cabezales o rodillos,37.92
1859,Impresora Epson,1,0,1,0,0,0,0,1,0,1,0,0,0,0,0,0,0,0,Falla de impresión,Limpieza de cabezales o rodillos,36.76
1860,Impresora Epson,0,0,0,0,0,0,0,1,0,0,0,0,0,0,0,0,0,0,Falla de impresión,Limpieza de cabezales o rodillos,36.69
1861,PC de escritorio,0,0,0,0,0,1,0,0,0,0,0,0,0,0,0,0,0,0,Falla de pantalla,Cambio de pantalla,181.2
1862,PC de escritorio,1,0,0,0,0,1,0,0,0,0,0,0,0,0,0,0,0,0,Falla de pantalla,Cambio de pantalla,197.99
1863,Laptop,0,0,0,0,0,1,0,1,0,0,0,1,0,0,0,0,0,0,Falla de pantalla,Cambio de pantalla,182.34
1864,PC de escritorio,1,0,0,0,0,1,0,0,0,0,0,0,0,0,0,0,0,0,Falla de pantalla,Cambio de pantalla,186.65
1865,Laptop,0,0,0,0,0,1,0,0,0,0,0,0,0,0,0,0,0,0,Falla de pantalla,Cambio de pantalla,194.61
1866,Laptop,1,0,0,0,0,0,0,0,0,0,0,0,0,0,0,0,0,0,Falla de pantalla,Cambio de pantalla,197.4
1867,PC de escritorio,1,1,0,0,0,1,0,0,0,0,0,1,0,0,0,0,0,0,Falla de pantalla,Cambio de pantalla,191.28
1868,Laptop,0,0,0,0,0,1,0,0,0,0,0,0,0,0,0,0,0,0,Falla de pantalla,Cambio de pantalla,197.36
1869,PC de escritorio,1,0,0,1,0,1,0,0,0,0,0,0,1,0,1,0,1,0,Falla de pantalla,Cambio de pantalla,185.1
1870,PC de escritorio,1,0,0,0,0,1,0,0,0,0,0,0,0,0,0,1,1,0,Falla de pantalla,Cambio de pantalla,186.84
1871,PC de escritorio,1,0,0,0,0,1,0,0,0,0,0,0,0,0,0,0,0,0,Falla de pantalla,Cambio de pantalla,185.53
1872,PC de escritorio,0,1,0,0,0,1,0,0,0,0,0,0,0,0,0,0,1,0,Falla de pantalla,Cambio de pantalla,190.51
1873,PC de escritorio,1,1,0,0,0,1,0,0,0,0,0,0,0,0,0,0,1,0,Falla de pantalla,Cambio de pantalla,198.88
1874,PC de escritorio,1,1,0,0,1,1,0,0,0,0,1,0,0,0,0,0,0,0,Falla de pantalla,Cambio de pantalla,188.85
1875,Laptop,1,0,0,0,0,1,0,0,0,0,0,0,0,0,0,0,0,0,Falla de pantalla,Cambio de pantalla,197.44
1876,PC de escritorio,1,0,0,0,0,1,0,0,0,0,0,0,0,0,1,0,0,0,Falla de pantalla,Cambio de pantalla,196.94
1877,PC de escritorio,1,0,1,0,0,1,0,0,0,0,0,0,0,0,0,0,0,0,Falla de pantalla,Cambio de pantalla,189.47
1878,PC de escritorio,0,1,0,0,0,1,0,0,0,0,0,0,0,0,0,0,0,0,Falla de pantalla,Cambio de pantalla,185.32
1879,Laptop,0,0,0,0,0,1,0,0,0,0,0,0,0,0,0,0,0,0,Falla de pantalla,Cambio de pantalla,182.19
1880,PC de escritorio,0,1,0,0,0,1,0,0,0,0,0,0,0,0,0,0,0,0,Falla de pantalla,Cambio de pantalla,189.76
1881,Laptop,1,0,1,0,0,1,1,0,0,0,0,0,0,0,0,0,0,0,Falla de pantalla,Cambio de pantalla,190.01
1882,PC de escritorio,1,1,0,0,0,1,0,1,0,1,1,1,0,0,0,0,0,0,Falla de pantalla,Cambio de pantalla,194.74
1883,PC de escritorio,0,1,0,0,0,1,0,1,0,0,0,0,0,0,0,0,1,0,Falla de pantalla,Cambio de pantalla,193.0
1884,PC de escritorio,1,1,0,1,0,1,0,0,0,1,0,0,0,0,0,0,0,0,Falla de pantalla,Cambio de pantalla,182.72
1885,PC de escritorio,1,0,0,0,0,1,0,0,0,0,0,0,0,0,0,0,0,0,Falla de pantalla,Cambio de pantalla,185.57
1886,Laptop,1,0,0,0,0,1,0,0,0,0,0,0,0,0,0,0,0,0,Falla de pantalla,Cambio de pantalla,185.42
1887,Laptop,0,0,0,0,0,1,0,0,0,0,0,0,0,0,0,0,0,0,Falla de pantalla,Cambio de pantalla,195.49
1888,PC de escritorio,1,1,0,0,0,0,0,0,0,0,0,0,0,0,0,0,0,0,Falla de pantalla,Cambio de pantalla,190.73
1889,Laptop,1,0,0,0,0,1,0,0,0,0,0,0,0,0,0,0,0,0,Falla de pantalla,Cambio de pantalla,196.58
1890,Laptop,0,0,0,0,0,0,0,0,0,0,0,0,0,0,0,0,0,0,Falla de pantalla,Cambio de pantalla,196.31
1891,PC de escritorio,0,0,0,0,0,0,0,0,0,0,0,0,0,0,0,0,0,0,Falla de pantalla,Cambio de pantalla,184.16
1892,Laptop,1,1,0,0,0,1,0,0,0,0,0,0,0,0,0,0,1,0,Falla de pantalla,Cambio de pantalla,192.61
1893,PC de escritorio,0,0,0,1,0,1,0,0,0,0,0,0,0,0,0,0,0,0,Falla de pantalla,Cambio de pantalla,190.11
1894,PC de escritorio,0,0,0,0,0,1,0,0,0,0,0,0,0,0,0,0,0,0,Falla de pantalla,Cambio de pantalla,187.77
1895,Laptop,1,1,0,0,0,1,0,0,0,0,0,0,0,0,0,0,0,0,Falla de pantalla,Cambio de pantalla,194.7
1896,PC de escritorio,1,1,1,0,0,1,0,0,0,0,0,0,0,0,1,0,0,0,Falla de pantalla,Cambio de pantalla,183.57
1897,PC de escritorio,1,0,0,0,0,0,0,0,0,0,0,0,0,0,0,0,0,0,Falla de pantalla,Cambio de pantalla,198.25
1898,PC de escritorio,1,0,0,0,0,0,0,0,0,0,0,0,0,0,0,0,0,0,Falla de pantalla,Cambio de pantalla,183.91
1899,PC de escritorio,1,1,0,0,1,1,1,0,0,0,0,1,0,0,0,0,1,0,Falla de pantalla,Cambio de pantalla,189.99
1900,PC de escritorio,1,0,0,0,0,1,0,0,0,0,0,0,0,0,0,0,1,0,Falla de pantalla,Cambio de pantalla,199.23
1901,PC de escritorio,0,0,0,0,1,0,0,0,0,0,0,0,0,0,0,0,0,0,Falla de pantalla,Cambio de pantalla,197.33
1902,Laptop,0,1,0,0,0,1,1,0,0,0,0,0,0,0,0,0,0,1,Falla de pantalla,Cambio de pantalla,193.98
1903,PC de escritorio,1,0,0,0,0,0,0,0,0,0,0,0,0,0,0,0,0,0,Falla de pantalla,Cambio de pantalla,196.86
1904,PC de escritorio,1,1,0,0,0,1,0,0,0,0,0,0,0,0,0,0,0,0,Falla de pantalla,Cambio de pantalla,186.72
1905,PC de escritorio,0,0,0,0,0,1,1,0,0,0,0,0,0,0,0,0,0,0,Falla de pantalla,Cambio de pantalla,195.52
1906,PC de escritorio,1,0,0,0,0,1,0,0,0,0,0,0,0,0,0,0,0,0,Falla de pantalla,Cambio de pantalla,185.39
1907,Laptop,1,0,0,0,0,0,0,0,0,0,0,0,0,0,0,0,0,0,Falla de pantalla,Cambio de pantalla,198.29
1908,Laptop,1,0,0,0,0,1,0,0,0,0,0,0,0,0,0,0,0,0,Falla de pantalla,Cambio de pantalla,181.77
1909,Laptop,1,0,1,0,0,1,0,0,1,0,0,1,0,1,0,0,0,0,Falla de pantalla,Cambio de pantalla,196.01
1910,Laptop,1,0,0,0,0,0,0,0,0,0,0,0,0,0,0,0,0,0,Falla de pantalla,Cambio de pantalla,183.41
1911,Laptop,1,1,0,0,0,1,0,0,1,0,0,0,0,0,0,0,1,0,Falla de pantalla,Cambio de pantalla,198.54
1912,Laptop,0,1,0,0,0,1,0,0,0,0,0,0,0,0,0,0,1,0,Falla de pantalla,Cambio de pantalla,180.63
1913,PC de escritorio,1,0,1,0,0,1,0,0,0,0,0,0,0,1,0,0,0,0,Falla de pantalla,Cambio de pantalla,197.26
1914,PC de escritorio,1,0,0,1,0,1,0,0,0,0,0,0,0,0,0,0,0,0,Falla de pantalla,Cambio de pantalla,192.88
1915,Laptop,1,0,0,0,0,1,0,1,0,0,0,0,0,0,0,0,0,0,Falla de pantalla,Cambio de pantalla,192.73
1916,PC de escritorio,1,0,0,0,0,0,1,0,0,0,0,0,0,0,0,0,1,0,Falla de pantalla,Cambio de pantalla,194.36
1917,PC de escritorio,1,1,0,0,0,1,0,0,0,0,0,0,0,0,0,1,0,1,Falla de pantalla,Cambio de pantalla,192.44
1918,PC de escritorio,1,1,1,0,0,1,0,1,0,0,0,0,0,0,0,0,0,0,Falla de pantalla,Cambio de pantalla,185.25
1919,PC de escritorio,0,0,0,0,0,1,0,0,0,0,0,0,0,0,0,0,1,0,Falla de pantalla,Cambio de pantalla,190.17
1920,Laptop,1,0,0,0,0,1,0,0,0,0,0,0,0,0,0,0,0,0,Falla de pantalla,Cambio de pantalla,190.2
1921,Laptop,1,0,0,0,0,1,0,1,1,1,0,0,0,0,0,0,0,0,Falla de pantalla,Cambio de pantalla,189.75
1922,Laptop,1,1,0,0,0,1,0,0,0,0,0,0,0,0,0,0,1,0,Falla de pantalla,Cambio de pantalla,190.56
1923,Laptop,1,1,0,0,0,1,0,0,0,0,1,0,0,0,0,0,1,0,Falla de pantalla,Cambio de pantalla,184.68
1924,Laptop,0,1,0,0,0,1,0,0,0,0,0,0,0,0,0,0,0,0,Falla de pantalla,Cambio de pantalla,181.48
1925,PC de escritorio,1,0,0,1,0,1,0,0,0,0,0,0,0,0,0,1,0,0,Falla de pantalla,Cambio de pantalla,184.83
1926,Laptop,1,1,0,0,0,1,0,0,0,0,0,0,0,0,0,0,0,0,Falla de pantalla,Cambio de pantalla,184.39
1927,PC de escritorio,1,0,0,0,0,0,0,0,0,0,0,0,0,0,0,0,0,0,Falla de pantalla,Cambio de pantalla,190.65
1928,PC de escritorio,0,1,0,1,0,1,1,0,0,0,0,1,0,1,0,0,1,1,Falla de pantalla,Cambio de pantalla,184.88
1929,PC de escritorio,1,0,0,0,0,1,0,0,0,0,0,0,0,0,0,0,0,0,Falla de pantalla,Cambio de pantalla,184.29
1930,PC de escritorio,1,1,0,0,0,1,0,0,0,0,0,0,0,0,0,0,1,0,Falla de pantalla,Cambio de pantalla,189.01
1931,PC de escritorio,0,0,0,0,0,1,0,0,0,0,0,0,0,0,0,0,0,0,Falla de pantalla,Cambio de pantalla,182.29
1932,Laptop,0,0,0,0,0,1,0,0,0,0,0,0,0,0,0,0,0,0,Falla de pantalla,Cambio de pantalla,188.02
1933,PC de escritorio,1,0,0,0,0,1,0,0,0,0,1,0,0,0,0,0,1,0,Falla de pantalla,Cambio de pantalla,191.25
1934,Laptop,0,1,0,1,0,1,0,0,0,0,0,0,1,0,0,0,0,0,Falla de pantalla,Cambio de pantalla,197.15
1935,PC de escritorio,1,0,0,0,0,1,0,0,0,0,0,0,0,0,0,0,0,0,Falla de pantalla,Cambio de pantalla,182.78
1936,PC de escritorio,1,0,0,0,0,1,0,0,0,0,0,0,0,0,0,0,0,0,Falla de pantalla,Cambio de pantalla,191.61
1937,Laptop,1,0,0,0,0,1,0,0,0,0,0,0,0,0,0,0,0,0,Falla de pantalla,Cambio de pantalla,185.71
1938,Laptop,1,0,0,0,0,0,0,0,0,0,0,0,0,0,0,0,0,0,Falla de pantalla,Cambio de pantalla,199.79
1939,PC de escritorio,1,1,0,0,0,1,0,0,0,0,0,0,0,0,0,0,0,0,Falla de pantalla,Cambio de pantalla,188.51
1940,PC de escritorio,0,1,0,0,0,1,0,1,0,0,0,0,0,1,0,0,1,0,Falla de pantalla,Cambio de pantalla,193.26
1941,Laptop,0,0,0,0,0,1,0,0,0,1,0,0,0,0,0,0,0,0,Falla de pantalla,Cambio de pantalla,182.27
1942,PC de escritorio,1,0,1,1,0,1,0,0,0,0,0,0,0,0,1,0,0,0,Falla de pantalla,Cambio de pantalla,199.43
1943,PC de escritorio,0,0,0,0,0,1,1,0,0,0,0,0,1,0,0,0,0,0,Falla de pantalla,Cambio de pantalla,185.44
1944,Laptop,1,1,1,0,0,1,0,0,0,0,0,0,0,1,1,1,0,0,Falla de pantalla,Cambio de pantalla,181.45
1945,PC de escritorio,0,0,0,0,0,0,0,0,0,0,0,0,0,0,0,0,0,0,Falla de pantalla,Cambio de pantalla,195.67
1946,Laptop,1,0,0,0,0,1,1,0,0,0,0,0,0,0,0,0,0,0,Falla de pantalla,Cambio de pantalla,198.71
1947,Laptop,1,0,0,0,0,1,0,0,0,0,0,0,0,0,0,0,0,0,Falla de pantalla,Cambio de pantalla,195.17
1948,PC de escritorio,1,0,0,0,0,1,0,0,0,0,0,0,0,0,0,0,0,0,Falla de pantalla,Cambio de pantalla,194.34
1949,Laptop,1,1,1,0,0,1,0,0,0,0,0,0,0,0,0,0,0,1,Falla de pantalla,Cambio de pantalla,183.02
1950,Laptop,1,0,0,0,0,1,0,0,0,0,0,0,0,0,0,0,0,0,Falla de pantalla,Cambio de pantalla,198.99
1951,Laptop,0,0,0,1,0,0,0,0,0,0,0,0,0,0,0,0,0,0,Falla de pantalla,Cambio de pantalla,187.33
1952,PC de escritorio,1,0,0,0,0,1,0,0,0,0,0,0,0,0,0,1,0,0,Falla de pantalla,Cambio de pantalla,182.01
1953,PC de escritorio,1,0,0,0,0,1,0,0,0,0,0,0,0,0,0,0,0,0,Falla de pantalla,Cambio de pantalla,189.2
1954,Laptop,1,0,0,1,0,1,0,0,0,0,0,0,0,0,0,0,1,1,Falla de pantalla,Cambio de pantalla,192.5
1955,Laptop,1,0,0,0,0,1,0,0,0,0,0,1,0,1,0,0,0,0,Falla de pantalla,Cambio de pantalla,183.81
1956,PC de escritorio,1,1,0,1,0,1,0,0,0,0,1,0,0,0,0,0,1,1,Falla de pantalla,Cambio de pantalla,184.08
1957,PC de escritorio,1,0,1,1,0,1,0,0,0,1,0,0,0,0,0,1,0,0,Falla de pantalla,Cambio de pantalla,191.43
1958,PC de escritorio,1,0,0,0,0,1,1,0,0,0,0,0,0,0,0,0,1,0,Falla de pantalla,Cambio de pantalla,192.29
1959,Laptop,0,1,0,0,0,1,0,0,0,0,0,0,0,0,0,0,0,0,Falla de pantalla,Cambio de pantalla,182.48
1960,PC de escritorio,1,0,0,0,1,1,0,0,0,0,0,0,1,0,0,0,0,0,Falla de pantalla,Cambio de pantalla,188.47
1961,PC de escritorio,0,1,0,0,0,1,0,0,0,0,0,0,0,1,0,0,0,0,Falla de pantalla,Cambio de pantalla,184.58
1962,PC de escritorio,1,0,0,0,0,1,0,0,0,0,0,0,0,0,0,0,1,0,Falla de pantalla,Cambio de pantalla,197.72
1963,PC de escritorio,1,0,0,0,0,1,0,0,0,0,0,0,0,0,0,0,0,0,Falla de pantalla,Cambio de pantalla,197.4
1964,Laptop,0,1,0,0,0,0,0,0,0,0,0,0,0,0,0,0,0,0,Falla de pantalla,Cambio de pantalla,182.63
1965,PC de escritorio,0,0,0,0,0,0,0,0,0,0,0,0,0,0,0,0,0,0,Falla de pantalla,Cambio de pantalla,196.31
1966,Laptop,1,1,0,0,0,0,0,0,0,0,0,0,0,0,0,0,0,0,Falla de pantalla,Cambio de pantalla,184.71
1967,PC de escritorio,1,1,0,0,0,1,0,0,0,0,0,0,0,0,0,1,0,0,Falla de pantalla,Cambio de pantalla,189.02
1968,PC de escritorio,0,0,0,0,0,1,0,0,0,0,0,0,0,0,0,0,0,0,Falla de pantalla,Cambio de pantalla,193.58
1969,Laptop,1,0,0,0,0,1,0,0,0,0,0,0,0,0,0,0,0,0,Falla de pantalla,Cambio de pantalla,192.14
1970,PC de escritorio,0,0,0,0,0,1,0,0,0,0,0,0,0,0,0,0,0,0,Falla de pantalla,Cambio de pantalla,192.77
1971,PC de escritorio,1,0,0,0,0,1,0,0,0,1,0,0,0,0,1,0,0,0,Falla de pantalla,Cambio de pantalla,188.52
1972,Laptop,0,1,0,0,0,0,0,0,0,0,0,0,0,0,0,0,0,0,Falla de pantalla,Cambio de pantalla,196.45
1973,PC de escritorio,0,0,0,0,0,1,0,0,0,0,0,0,0,0,0,0,0,0,Falla de pantalla,Cambio de pantalla,197.87
1974,Laptop,1,1,0,0,0,0,0,0,0,0,0,0,0,0,0,0,0,0,Falla de pantalla,Cambio de pantalla,183.9
1975,PC de escritorio,1,0,0,0,0,1,0,1,0,0,0,0,0,0,0,0,0,0,Falla de pantalla,Cambio de pantalla,192.44
1976,PC de escritorio,1,0,0,0,0,1,0,0,0,0,0,0,0,0,0,0,0,0,Falla de pantalla,Cambio de pantalla,183.11
1977,PC de escritorio,0,0,0,0,0,1,0,0,0,0,0,0,0,0,0,0,0,0,Falla de pantalla,Cambio de pantalla,196.85
1978,PC de escritorio,1,0,0,0,0,1,1,0,0,0,0,1,0,0,0,0,0,1,Falla de pantalla,Cambio de pantalla,186.22
1979,Laptop,1,0,0,0,0,0,0,0,0,0,0,0,0,0,0,0,1,0,Falla de pantalla,Cambio de pantalla,194.99
1980,Laptop,1,1,1,0,0,1,0,0,0,0,0,0,0,0,0,0,0,0,Falla de pantalla,Cambio de pantalla,187.85
1981,Laptop,0,1,0,1,0,1,0,0,0,0,0,0,0,0,0,0,1,0,Falla de pantalla,Cambio de pantalla,181.07
1982,PC de escritorio,1,0,0,0,0,1,0,0,0,0,0,0,0,0,0,0,1,1,Falla de pantalla,Cambio de pantalla,181.25
1983,PC de escritorio,1,1,0,0,0,1,0,0,0,0,1,0,0,0,0,0,0,0,Falla de pantalla,Cambio de pantalla,183.1
1984,Laptop,1,0,0,0,0,1,0,0,0,0,0,0,0,0,0,0,0,0,Falla de pantalla,Cambio de pantalla,192.88
1985,Laptop,1,1,0,0,0,1,0,0,0,1,1,0,0,0,1,0,1,1,Falla de pantalla,Cambio de pantalla,197.26
1986,Laptop,1,0,0,0,0,0,0,0,0,0,0,0,0,0,0,0,0,0,Falla de pantalla,Cambio de pantalla,189.0
1987,Laptop,1,1,0,0,0,1,0,0,0,0,0,0,0,0,0,0,0,0,Falla de pantalla,Cambio de pantalla,193.33
1988,Laptop,1,0,0,0,0,1,0,0,0,0,0,0,0,0,0,0,0,0,Falla de pantalla,Cambio de pantalla,192.55
1989,Laptop,1,0,0,0,0,1,0,0,0,0,0,0,0,0,0,0,0,0,Falla de pantalla,Cambio de pantalla,183.12
1990,PC de escritorio,1,1,0,0,0,1,0,0,1,0,0,0,1,0,1,0,1,0,Falla de pantalla,Cambio de pantalla,188.87
1991,Laptop,1,0,0,0,0,1,0,0,0,0,0,0,0,0,0,0,0,0,Falla de pantalla,Cambio de pantalla,190.38
1992,PC de escritorio,0,0,0,1,0,1,0,0,0,0,0,1,0,0,0,0,0,0,Falla de pantalla,Cambio de pantalla,197.99
1993,Laptop,1,0,0,0,0,1,0,0,0,0,0,0,0,0,0,0,0,0,Falla de pantalla,Cambio de pantalla,187.97
1994,PC de escritorio,0,0,0,0,0,1,0,0,0,0,0,0,0,0,0,0,0,0,Falla de pantalla,Cambio de pantalla,186.95
1995,PC de escritorio,1,0,0,0,0,1,0,0,0,0,0,0,0,0,0,0,1,0,Falla de pantalla,Cambio de pantalla,184.59
1996,PC de escritorio,1,1,0,0,0,1,0,0,0,0,0,0,0,0,0,0,0,0,Falla de pantalla,Cambio de pantalla,194.42
1997,PC de escritorio,0,0,0,0,0,1,0,0,0,0,0,0,0,0,0,0,0,0,Falla de pantalla,Cambio de pantalla,194.72
1998,Laptop,1,0,0,0,1,1,0,1,0,0,0,0,0,0,0,0,1,0,Falla de pantalla,Cambio de pantalla,192.49
1999,Laptop,1,1,0,1,0,0,0,0,0,0,0,0,0,0,0,0,0,0,Falla de pantalla,Cambio de pantalla,186.54
2000,PC de escritorio,1,0,0,0,0,1,0,0,0,0,0,0,0,0,0,0,0,0,Falla de pantalla,Cambio de pantalla,195.97
2001,Laptop,1,1,0,0,0,1,1,0,0,0,0,0,1,0,0,0,0,1,Falla de pantalla,Cambio de pantalla,192.41
2002,Laptop,0,1,0,0,1,0,1,0,0,0,0,0,0,0,0,0,0,0,Falla de pantalla,Cambio de pantalla,197.79
2003,Laptop,1,0,0,0,0,1,0,0,0,0,0,0,0,0,0,0,0,0,Falla de pantalla,Cambio de pantalla,195.58
2004,PC de escritorio,1,0,0,0,0,1,0,0,0,0,0,0,0,0,0,0,1,0,Falla de pantalla,Cambio de pantalla,198.66
2005,Laptop,1,1,0,0,0,0,0,0,0,0,0,0,0,0,0,0,0,0,Falla de pantalla,Cambio de pantalla,184.72
2006,PC de escritorio,1,1,0,0,0,1,0,0,0,0,1,0,0,0,0,1,1,0,Falla de pantalla,Cambio de pantalla,186.12
2007,PC de escritorio,1,0,0,0,0,1,0,1,0,0,0,0,0,1,0,1,0,0,Falla de pantalla,Cambio de pantalla,192.91
2008,Laptop,1,0,0,0,0,1,0,0,0,0,0,0,0,0,0,0,1,0,Falla de pantalla,Cambio de pantalla,185.27
2009,Laptop,1,0,0,0,0,1,0,0,0,0,0,0,0,0,0,0,0,0,Falla de pantalla,Cambio de pantalla,186.33
2010,PC de escritorio,0,0,0,0,0,0,0,0,0,0,0,0,0,0,0,0,0,0,Falla de pantalla,Cambio de pantalla,196.72
2011,PC de escritorio,1,0,0,0,0,1,0,0,0,0,0,0,0,0,0,0,1,0,Falla de pantalla,Cambio de pantalla,199.85
2012,Laptop,1,1,1,0,0,1,0,1,1,0,0,0,0,0,1,0,0,0,Falla de pantalla,Cambio de pantalla,192.94
2013,Laptop,1,1,0,0,0,1,0,0,0,0,0,0,0,0,0,0,0,0,Falla de pantalla,Cambio de pantalla,195.04
2014,PC de escritorio,1,1,0,0,0,1,0,0,0,0,0,0,0,0,0,1,0,0,Falla de pantalla,Cambio de pantalla,193.16
2015,Laptop,0,0,1,0,0,1,1,0,0,0,0,1,0,0,1,0,0,0,Falla de pantalla,Cambio de pantalla,197.28
2016,PC de escritorio,1,0,0,0,1,1,0,0,0,0,0,0,0,0,0,0,0,0,Falla de pantalla,Cambio de pantalla,193.16
2017,Laptop,1,1,0,0,0,1,0,0,0,0,0,0,0,0,0,0,0,0,Falla de pantalla,Cambio de pantalla,191.45
2018,PC de escritorio,1,0,0,0,0,0,0,0,0,0,0,0,0,0,0,0,0,0,Falla de pantalla,Cambio de pantalla,180.55
2019,Laptop,1,0,0,0,0,0,0,0,1,1,1,0,0,1,0,0,0,0,Falla de pantalla,Cambio de pantalla,182.9
2020,Laptop,1,0,0,0,0,1,0,0,0,0,0,0,0,0,0,0,0,0,Falla de pantalla,Cambio de pantalla,190.88
2021,Laptop,0,0,0,0,0,0,0,0,0,0,0,0,0,0,0,0,0,0,Falla de pantalla,Cambio de pantalla,198.04
2022,Laptop,0,0,0,0,0,1,0,0,0,0,0,0,0,0,0,0,0,0,Falla de pantalla,Cambio de pantalla,181.79
2023,PC de escritorio,1,0,0,0,0,0,0,0,0,0,0,0,0,0,0,0,0,0,Falla de pantalla,Cambio de pantalla,197.76
2024,Laptop,1,0,0,0,0,1,0,0,0,0,0,0,0,0,0,0,0,0,Falla de pantalla,Cambio de pantalla,182.06
2025,PC de escritorio,0,0,0,0,0,1,0,0,0,0,0,0,0,0,0,0,0,0,Falla de pantalla,Cambio de pantalla,183.82
2026,PC de escritorio,1,1,0,0,0,1,0,1,0,0,0,0,1,0,0,0,1,1,Falla de pantalla,Cambio de pantalla,198.6
2027,Laptop,1,0,0,0,0,1,1,0,0,0,0,0,0,0,0,0,0,0,Falla de pantalla,Cambio de pantalla,180.46
2028,Laptop,0,1,0,0,0,1,0,0,1,0,0,0,1,0,0,0,0,1,Falla de pantalla,Cambio de pantalla,196.43
2029,Laptop,1,0,0,0,0,0,0,0,0,0,0,0,0,0,0,0,0,0,Falla de pantalla,Cambio de pantalla,186.94
2030,Laptop,1,0,0,0,0,1,0,0,0,0,0,0,0,0,0,0,0,0,Falla de pantalla,Cambio de pantalla,181.42
2031,PC de escritorio,1,0,0,0,0,1,0,0,0,0,0,0,0,0,0,0,0,0,Falla de pantalla,Cambio de pantalla,192.8
2032,Laptop,1,0,0,0,0,1,0,0,1,0,0,1,0,0,0,1,1,0,Falla de pantalla,Cambio de pantalla,199.75
2033,PC de escritorio,0,0,0,0,0,0,0,0,0,0,0,0,0,0,0,0,0,0,Falla de pantalla,Cambio de pantalla,189.25
2034,PC de escritorio,1,0,0,0,0,1,0,0,0,0,0,0,0,0,0,0,0,0,Falla de pantalla,Cambio de pantalla,183.86
2035,PC de escritorio,0,0,0,0,0,1,0,0,0,0,0,0,0,0,0,0,1,0,Falla de pantalla,Cambio de pantalla,188.19
2036,PC de escritorio,1,1,0,0,0,1,0,0,0,1,0,0,0,0,0,0,0,0,Falla de pantalla,Cambio de pantalla,184.99
2037,Laptop,1,0,0,0,0,1,1,0,0,0,0,1,0,1,0,0,0,0,Falla de pantalla,Cambio de pantalla,192.8
2038,PC de escritorio,0,0,0,0,0,1,0,0,0,0,0,0,0,0,0,0,0,0,Falla de pantalla,Cambio de pantalla,194.96
2039,Laptop,0,1,0,0,0,1,1,0,0,0,1,0,0,0,1,0,0,1,Falla de pantalla,Cambio de pantalla,184.04
2040,PC de escritorio,1,0,0,0,0,0,0,0,0,0,0,0,0,0,0,0,1,0,Falla de pantalla,Cambio de pantalla,195.91
2041,PC de escritorio,0,0,0,0,0,1,0,0,0,0,0,0,0,0,0,0,0,0,Falla de pantalla,Cambio de pantalla,193.65
2042,Laptop,1,0,0,1,1,0,0,0,0,0,0,0,0,0,0,0,0,0,Falla de pantalla,Cambio de pantalla,193.36
2043,Laptop,1,0,0,0,0,1,0,0,0,0,0,0,0,0,0,0,1,0,Falla de pantalla,Cambio de pantalla,199.95
2044,PC de escritorio,1,0,0,0,0,1,0,0,0,0,0,1,0,0,0,0,0,0,Falla de pantalla,Cambio de pantalla,198.03
2045,Laptop,1,0,0,0,0,1,0,0,0,0,1,0,0,0,0,0,0,0,Falla de pantalla,Cambio de pantalla,194.64
2046,PC de escritorio,1,0,0,0,0,1,0,0,0,0,0,0,0,0,0,0,0,0,Falla de pantalla,Cambio de pantalla,186.61
2047,Laptop,1,1,0,0,1,1,0,0,0,0,0,1,0,0,0,1,1,0,Falla de pantalla,Cambio de pantalla,189.54
2048,PC de escritorio,0,0,0,0,0,1,0,0,0,0,0,0,0,0,1,0,0,0,Falla de pantalla,Cambio de pantalla,188.51
2049,Laptop,1,1,0,0,0,1,0,0,0,0,0,0,0,0,0,0,0,0,Falla de pantalla,Cambio de pantalla,193.16
2050,Laptop,1,0,0,0,0,1,0,0,0,0,0,0,0,0,0,0,0,0,Falla de pantalla,Cambio de pantalla,188.6
2051,PC de escritorio,1,0,0,0,0,1,0,0,0,0,0,0,0,0,0,0,0,0,Falla de pantalla,Cambio de pantalla,196.02
2052,Laptop,1,1,0,1,0,0,0,0,0,0,0,0,0,0,0,0,0,0,Falla de pantalla,Cambio de pantalla,188.9
2053,PC de escritorio,1,0,0,0,0,1,0,0,0,0,0,0,0,0,0,0,0,0,Falla de pantalla,Cambio de pantalla,191.22
2054,Laptop,1,1,0,1,1,1,0,0,0,0,0,1,0,0,0,0,0,0,Falla de pantalla,Cambio de pantalla,193.4
2055,PC de escritorio,1,0,0,0,0,0,1,0,1,0,0,0,0,0,0,0,0,0,Falla de pantalla,Cambio de pantalla,193.28
2056,PC de escritorio,1,0,0,0,0,1,0,0,0,0,0,0,0,0,0,0,1,0,Falla de pantalla,Cambio de pantalla,185.93
2057,PC de escritorio,0,0,0,0,0,1,0,0,0,0,0,0,0,0,0,0,1,0,Falla de pantalla,Cambio de pantalla,198.76
2058,Laptop,1,0,0,0,0,0,0,0,0,0,0,0,0,0,0,0,0,0,Falla de pantalla,Cambio de pantalla,183.6
2059,PC de escritorio,0,1,0,0,0,1,0,0,0,0,0,0,1,0,0,0,1,0,Falla de pantalla,Cambio de pantalla,184.54
2060,Laptop,1,1,0,0,0,1,0,0,0,0,0,0,0,1,0,0,0,0,Falla de pantalla,Cambio de pantalla,191.43
2061,Laptop,1,1,0,1,0,1,0,0,1,0,0,1,0,0,0,1,1,1,Falla de pantalla,Cambio de pantalla,187.48
2062,PC de escritorio,1,1,0,0,0,1,0,0,0,0,0,0,0,0,0,0,0,0,Falla de pantalla,Cambio de pantalla,189.28
2063,PC de escritorio,1,0,0,0,0,1,0,0,0,0,0,0,0,0,0,0,0,0,Falla de pantalla,Cambio de pantalla,194.93
2064,PC de escritorio,0,0,0,0,0,0,0,0,0,0,0,0,0,0,0,0,0,0,Falla de pantalla,Cambio de pantalla,197.97
2065,Laptop,0,0,0,1,0,1,0,0,0,0,0,0,0,1,0,0,0,1,Falla de pantalla,Cambio de pantalla,186.25
2066,Laptop,0,0,0,0,0,1,0,0,0,0,0,0,0,0,0,1,0,0,Falla de pantalla,Cambio de pantalla,189.7
2067,Laptop,1,0,0,0,0,1,0,0,0,0,0,0,0,0,0,0,0,0,Falla de pantalla,Cambio de pantalla,187.69
2068,Laptop,1,1,0,0,0,1,0,0,0,0,0,0,0,0,0,0,1,0,Falla de pantalla,Cambio de pantalla,188.39
2069,PC de escritorio,0,0,0,0,0,1,0,0,0,0,0,1,0,0,0,0,0,0,Falla de pantalla,Cambio de pantalla,183.99
2070,PC de escritorio,1,0,0,0,0,0,0,0,0,0,0,1,0,0,0,0,1,0,Falla de pantalla,Cambio de pantalla,192.84
2071,Laptop,0,0,0,0,0,1,1,1,0,0,0,0,0,0,1,1,0,0,Falla de pantalla,Cambio de pantalla,197.79
2072,PC de escritorio,1,1,0,0,0,1,0,0,0,0,0,0,0,0,0,0,0,0,Falla de pantalla,Cambio de pantalla,199.45
2073,Laptop,1,1,0,0,0,1,0,0,0,0,0,0,1,0,0,0,0,0,Falla de pantalla,Cambio de pantalla,191.35
2074,PC de escritorio,1,1,0,0,0,1,0,0,0,0,0,0,0,0,0,0,0,0,Falla de pantalla,Cambio de pantalla,186.41
2075,PC de escritorio,0,0,0,0,0,0,0,0,0,0,0,0,0,0,0,0,0,0,Falla de pantalla,Cambio de pantalla,182.23
2076,Laptop,1,0,0,0,0,1,0,0,0,0,1,0,0,0,0,0,0,0,Falla de pantalla,Cambio de pantalla,191.61
2077,PC de escritorio,1,0,0,1,0,1,0,0,0,0,0,0,0,0,0,0,0,0,Falla de pantalla,Cambio de pantalla,188.92
2078,PC de escritorio,1,0,0,0,0,0,0,0,0,0,0,0,0,0,0,0,0,0,Falla de pantalla,Cambio de pantalla,180.23
2079,Laptop,1,0,0,0,0,1,0,0,0,0,0,0,0,0,0,0,0,0,Falla de pantalla,Cambio de pantalla,184.36
2080,Laptop,1,1,0,0,0,1,0,0,0,0,0,0,0,0,1,0,1,0,Falla de pantalla,Cambio de pantalla,196.39
2081,PC de escritorio,1,0,0,0,0,1,0,0,1,0,0,1,0,0,0,0,0,0,Falla de pantalla,Cambio de pantalla,192.51
2082,PC de escritorio,1,1,0,0,0,0,0,0,0,0,0,0,1,0,0,0,0,0,Falla de pantalla,Cambio de pantalla,193.42
2083,PC de escritorio,1,0,0,0,0,1,0,0,1,0,0,0,0,0,0,0,0,0,Falla de pantalla,Cambio de pantalla,192.31
2084,Laptop,1,1,1,0,0,1,0,0,0,0,0,0,0,0,0,0,0,0,Falla de pantalla,Cambio de pantalla,196.89
2085,Laptop,0,0,0,0,0,1,0,0,0,0,0,0,0,0,1,0,1,0,Falla de pantalla,Cambio de pantalla,183.46
2086,PC de escritorio,0,0,0,0,0,1,0,0,0,0,0,0,0,0,0,0,0,0,Falla de pantalla,Cambio de pantalla,181.96
2087,Laptop,1,0,0,0,0,0,0,0,0,0,0,0,0,0,0,0,0,0,Falla de pantalla,Cambio de pantalla,195.57
2088,Laptop,1,1,1,0,0,0,0,0,0,0,0,0,0,0,0,0,0,0,Falla de pantalla,Cambio de pantalla,180.18
2089,Laptop,0,1,0,0,0,1,0,0,1,0,0,0,0,0,0,0,1,1,Falla de pantalla,Cambio de pantalla,199.5
2090,Laptop,0,0,0,0,0,0,0,0,0,0,0,0,0,0,0,0,0,0,Falla de pantalla,Cambio de pantalla,194.17
2091,PC de escritorio,0,1,0,0,0,1,0,0,0,0,0,0,0,0,0,0,0,0,Falla de pantalla,Cambio de pantalla,188.95
2092,Laptop,1,0,0,0,0,1,0,0,0,0,0,0,0,0,0,1,0,0,Falla de pantalla,Cambio de pantalla,192.81
2093,Laptop,1,0,0,0,0,1,0,0,0,0,0,0,0,0,0,0,0,0,Falla de pantalla,Cambio de pantalla,181.41
2094,Laptop,1,0,0,0,0,1,0,1,0,0,0,0,0,0,1,0,0,1,Falla de pantalla,Cambio de pantalla,191.91
2095,PC de escritorio,0,0,0,0,0,1,0,0,0,0,0,0,0,0,0,0,0,0,Falla de pantalla,Cambio de pantalla,190.76
2096,Laptop,0,0,0,0,0,1,0,0,0,0,0,0,0,0,0,0,0,0,Falla de pantalla,Cambio de pantalla,187.32
2097,PC de escritorio,0,0,0,0,0,1,0,0,0,0,0,0,0,0,0,0,0,0,Falla de pantalla,Cambio de pantalla,193.93
2098,Laptop,1,0,1,0,0,0,1,0,0,0,0,0,1,0,0,1,0,0,Falla de pantalla,Cambio de pantalla,184.5
2099,Laptop,0,0,0,0,1,1,0,0,0,0,0,0,0,0,0,0,0,0,Falla de pantalla,Cambio de pantalla,187.38
2100,Laptop,0,0,0,0,0,1,0,0,0,0,0,0,0,0,0,0,0,0,Falla de pantalla,Cambio de pantalla,195.77
2101,Laptop,0,0,0,0,0,1,0,0,0,0,0,0,0,0,0,0,0,0,Falla de pantalla,Cambio de pantalla,185.66
2102,Laptop,1,0,0,0,0,1,1,0,0,0,0,0,0,0,0,0,0,0,Falla de pantalla,Cambio de pantalla,190.26
2103,PC de escritorio,1,0,0,0,0,1,0,1,1,0,0,0,1,1,0,1,0,0,Falla de pantalla,Cambio de pantalla,199.29
2104,PC de escritorio,1,0,0,0,0,0,0,0,0,0,0,0,0,0,0,0,0,0,Falla de pantalla,Cambio de pantalla,193.2
2105,Laptop,1,1,0,0,0,0,0,0,0,0,0,0,0,0,0,0,0,0,Falla de pantalla,Cambio de pantalla,188.45
2106,Laptop,1,0,0,0,0,1,1,0,0,0,0,1,0,0,0,1,0,0,Falla de pantalla,Cambio de pantalla,196.99
2107,Laptop,1,0,0,0,0,1,0,0,0,0,0,0,0,0,0,0,0,0,Falla de pantalla,Cambio de pantalla,196.36
2108,PC de escritorio,0,0,0,0,0,1,0,0,0,0,0,0,0,0,0,0,1,0,Falla de pantalla,Cambio de pantalla,191.75
2109,Laptop,1,0,0,0,0,1,0,0,0,0,0,0,0,0,0,1,1,0,Falla de pantalla,Cambio de pantalla,180.2
2110,Laptop,1,0,0,0,0,0,0,1,0,0,0,0,0,0,0,0,0,0,Falla de pantalla,Cambio de pantalla,189.16
2111,Laptop,0,0,0,0,0,1,0,0,0,0,0,0,0,0,0,0,0,0,Falla de pantalla,Cambio de pantalla,193.23
2112,Laptop,0,0,0,0,0,1,0,0,0,0,0,0,0,0,0,0,0,0,Falla de pantalla,Cambio de pantalla,182.4
2113,PC de escritorio,1,0,0,0,0,1,0,0,0,0,0,0,0,0,0,0,0,0,Falla de pantalla,Cambio de pantalla,180.02
2114,PC de escritorio,1,0,0,0,0,0,0,0,0,0,0,0,0,0,0,0,0,0,Falla de pantalla,Cambio de pantalla,198.06
2115,Laptop,0,1,0,0,0,0,0,0,0,0,0,0,0,0,0,0,0,0,Falla de pantalla,Cambio de pantalla,187.43
2116,Laptop,1,0,0,1,0,1,0,1,0,1,0,0,0,0,0,0,1,0,Falla de pantalla,Cambio de pantalla,186.32
2117,PC de escritorio,1,0,0,0,0,1,0,0,0,0,0,0,0,0,0,0,0,0,Falla de pantalla,Cambio de pantalla,186.35
2118,Laptop,1,1,0,0,0,1,0,0,0,0,0,0,0,0,0,0,0,0,Falla de pantalla,Cambio de pantalla,181.04
2119,Laptop,1,0,0,0,0,1,0,1,0,1,0,0,0,0,0,0,1,0,Falla de pantalla,Cambio de pantalla,193.65
2120,PC de escritorio,1,1,0,0,0,1,0,0,0,0,0,0,0,0,0,0,0,0,Falla de pantalla,Cambio de pantalla,196.31
2121,Laptop,1,1,0,0,0,1,1,0,0,0,0,0,0,0,0,0,0,0,Falla de pantalla,Cambio de pantalla,196.35
2122,Laptop,0,0,0,0,0,1,0,0,0,0,0,0,0,0,0,0,0,0,Falla de pantalla,Cambio de pantalla,182.18
2123,PC de escritorio,1,0,0,0,0,1,0,0,0,0,0,0,0,0,0,0,0,0,Falla de pantalla,Cambio de pantalla,191.6
2124,Laptop,1,0,0,0,0,1,1,0,0,0,0,0,0,0,1,0,1,0,Falla de pantalla,Cambio de pantalla,193.74
2125,PC de escritorio,0,0,0,0,0,1,0,0,0,0,0,0,0,0,0,0,0,0,Falla de pantalla,Cambio de pantalla,184.39
2126,PC de escritorio,1,1,0,0,0,1,0,0,0,0,0,0,0,0,0,0,1,0,Falla de pantalla,Cambio de pantalla,189.12
2127,Laptop,0,0,0,0,0,1,0,0,0,0,0,0,0,0,0,0,0,0,Falla de pantalla,Cambio de pantalla,195.95
2128,PC de escritorio,1,0,0,0,0,1,0,0,0,0,0,0,0,0,0,0,0,0,Falla de pantalla,Cambio de pantalla,183.29
2129,PC de escritorio,1,1,0,0,0,1,1,0,0,0,0,0,0,0,0,0,0,0,Falla de pantalla,Cambio de pantalla,191.67
2130,Laptop,0,0,0,0,0,1,0,0,0,0,1,0,0,0,0,0,0,0,Falla de pantalla,Cambio de pantalla,191.49
2131,PC de escritorio,1,0,0,1,0,1,0,0,1,1,0,1,0,0,0,0,0,0,Falla de pantalla,Cambio de pantalla,195.59
2132,Laptop,1,0,0,0,0,0,0,0,0,0,0,0,0,0,0,0,1,0,Falla de pantalla,Cambio de pantalla,191.51
2133,PC de escritorio,0,0,1,0,0,0,0,0,0,0,1,0,0,0,0,0,0,0,Falla de pantalla,Cambio de pantalla,188.16
2134,Laptop,1,1,0,1,1,1,1,0,0,0,0,0,0,0,0,0,1,1,Falla de pantalla,Cambio de pantalla,195.72
2135,PC de escritorio,0,0,0,0,0,1,0,0,0,1,0,0,0,0,0,0,0,1,Falla de pantalla,Cambio de pantalla,190.4
2136,Laptop,1,0,0,0,0,0,0,0,0,0,1,0,0,1,0,1,0,0,Falla de pantalla,Cambio de pantalla,193.44
2137,Laptop,0,0,1,0,0,1,0,0,0,0,0,0,0,0,0,0,0,0,Falla de pantalla,Cambio de pantalla,187.24
2138,Laptop,1,0,0,0,0,1,1,0,0,0,0,0,0,0,0,0,1,1,Falla de pantalla,Cambio de pantalla,188.48
2139,PC de escritorio,1,0,0,0,0,1,0,0,0,0,0,0,0,0,0,0,1,0,Falla de pantalla,Cambio de pantalla,182.11
2140,PC de escritorio,1,1,0,0,0,1,0,0,0,0,0,0,0,0,0,0,0,0,Falla de pantalla,Cambio de pantalla,189.71
2141,PC de escritorio,0,0,0,0,0,1,0,0,0,1,0,0,0,0,0,0,0,0,Falla de pantalla,Cambio de pantalla,192.7
2142,PC de escritorio,1,0,0,0,0,1,0,0,0,0,0,0,0,0,0,0,0,0,Falla de pantalla,Cambio de pantalla,187.55
2143,PC de escritorio,1,0,0,0,0,1,1,0,0,0,1,0,0,0,0,0,0,0,Falla de pantalla,Cambio de pantalla,197.19
2144,PC de escritorio,1,1,1,0,0,1,0,0,0,0,0,1,0,0,1,0,0,0,Falla de pantalla,Cambio de pantalla,181.62
2145,Laptop,1,0,0,0,0,1,1,0,0,0,1,0,0,0,0,0,0,0,Falla de pantalla,Cambio de pantalla,181.67
2146,Laptop,1,1,0,0,0,1,0,0,0,0,0,0,1,1,0,1,0,0,Falla de pantalla,Cambio de pantalla,185.05
2147,PC de escritorio,0,0,0,0,0,1,0,0,0,0,0,0,0,0,0,0,0,0,Falla de pantalla,Cambio de pantalla,181.92
2148,Laptop,1,0,0,0,0,1,0,0,0,0,0,0,0,0,0,0,0,0,Falla de pantalla,Cambio de pantalla,198.83
2149,PC de escritorio,0,1,0,0,0,1,0,0,0,0,0,0,0,0,0,0,0,0,Falla de pantalla,Cambio de pantalla,191.94
2150,Laptop,1,0,0,0,0,1,1,0,0,0,0,0,0,1,1,0,0,0,Falla de pantalla,Cambio de pantalla,182.65
2151,PC de escritorio,0,0,0,0,0,0,0,0,0,0,0,0,0,0,0,0,0,0,Falla de pantalla,Cambio de pantalla,185.71
2152,Laptop,0,1,0,0,0,1,0,0,0,0,0,0,0,0,1,0,1,0,Falla de pantalla,Cambio de pantalla,180.98
2153,PC de escritorio,1,0,0,0,0,1,0,0,0,0,0,0,0,0,0,1,0,0,Falla de pantalla,Cambio de pantalla,180.97
2154,Laptop,1,0,0,0,0,1,0,0,0,0,0,0,0,0,0,0,0,0,Falla de pantalla,Cambio de pantalla,185.06
2155,PC de escritorio,1,0,0,0,0,0,0,0,0,0,0,0,0,0,0,0,0,0,Falla de pantalla,Cambio de pantalla,184.64
2156,PC de escritorio,1,0,0,0,0,1,0,0,0,0,0,0,0,0,0,0,0,0,Falla de pantalla,Cambio de pantalla,184.0
2157,PC de escritorio,1,0,0,0,0,1,1,0,0,0,0,0,0,0,0,0,1,0,Falla de pantalla,Cambio de pantalla,186.18
2158,Laptop,1,0,0,0,0,1,0,0,0,1,1,0,0,0,0,0,1,0,Falla de pantalla,Cambio de pantalla,186.23
2159,PC de escritorio,1,0,1,0,0,1,1,0,0,0,0,0,0,0,1,0,0,0,Falla de pantalla,Cambio de pantalla,196.98
2160,Laptop,0,1,0,0,0,0,0,0,0,0,0,0,0,0,0,0,0,0,Falla de pantalla,Cambio de pantalla,186.36
2161,PC de escritorio,1,0,0,0,0,1,0,0,0,0,0,0,0,0,0,0,0,0,Falla de pantalla,Cambio de pantalla,183.29
2162,Laptop,1,0,0,0,0,1,0,0,0,0,0,0,0,0,0,0,1,0,Falla de pantalla,Cambio de pantalla,193.13
2163,Laptop,1,1,0,0,0,1,1,0,0,1,0,0,0,1,0,0,0,1,Falla de pantalla,Cambio de pantalla,192.08
2164,PC de escritorio,1,0,0,0,0,1,0,0,0,0,0,0,0,0,0,1,0,0,Falla de pantalla,Cambio de pantalla,195.43
2165,Laptop,1,0,0,0,0,1,0,0,0,0,0,0,0,0,0,1,1,0,Falla de pantalla,Cambio de pantalla,197.46
2166,Laptop,1,0,0,0,0,1,0,0,0,0,0,0,0,0,0,0,1,0,Falla de pantalla,Cambio de pantalla,181.79
2167,Laptop,1,0,0,0,0,1,0,0,0,0,0,0,0,0,0,0,0,0,Falla de pantalla,Cambio de pantalla,190.0
2168,Laptop,1,0,1,0,0,1,0,0,1,0,0,1,1,0,1,1,0,0,Falla de pantalla,Cambio de pantalla,192.8
2169,Laptop,1,0,0,0,0,1,0,0,0,0,0,0,0,0,0,0,1,0,Falla de pantalla,Cambio de pantalla,188.43
2170,Laptop,0,0,0,0,0,1,0,0,1,0,0,0,0,0,0,0,0,1,Falla de pantalla,Cambio de pantalla,195.93
2171,Laptop,1,0,0,1,0,1,0,0,1,0,0,1,0,0,0,0,1,0,Falla de pantalla,Cambio de pantalla,190.96
2172,Laptop,1,0,0,0,0,1,0,0,0,1,0,0,1,1,0,0,1,0,Falla de pantalla,Cambio de pantalla,190.33
2173,Laptop,0,0,0,0,0,1,0,0,0,0,0,0,1,0,0,0,0,0,Falla de pantalla,Cambio de pantalla,181.94
2174,PC de escritorio,1,1,0,0,0,1,0,0,0,0,0,0,0,0,0,0,0,0,Falla de pantalla,Cambio de pantalla,190.85
2175,PC de escritorio,1,0,0,0,0,1,0,0,0,0,0,0,0,0,0,0,0,0,Falla de pantalla,Cambio de pantalla,186.81
2176,Laptop,1,0,0,0,0,0,0,0,0,0,0,0,0,0,0,0,1,0,Falla de pantalla,Cambio de pantalla,184.46
2177,Laptop,1,0,0,0,0,1,0,0,0,0,0,0,0,0,0,0,0,0,Falla de pantalla,Cambio de pantalla,189.83
2178,PC de escritorio,0,1,0,0,0,1,0,0,0,0,0,0,0,0,0,0,0,1,Falla de pantalla,Cambio de pantalla,180.54
2179,PC de escritorio,1,0,0,1,0,1,1,0,0,0,0,0,0,0,0,0,1,0,Falla de pantalla,Cambio de pantalla,189.84
2180,Laptop,1,0,0,0,0,1,0,0,0,0,0,0,0,0,0,0,0,0,Falla de pantalla,Cambio de pantalla,196.9
2181,PC de escritorio,1,0,0,0,0,1,0,0,0,0,0,0,0,0,0,0,0,0,Falla de pantalla,Cambio de pantalla,188.9
2182,PC de escritorio,1,0,0,0,0,1,0,0,0,0,0,0,0,0,0,0,1,0,Falla de pantalla,Cambio de pantalla,197.01
2183,PC de escritorio,0,0,0,0,0,0,0,0,0,0,0,0,0,0,0,0,1,0,Falla de pantalla,Cambio de pantalla,180.81
2184,Laptop,1,0,0,0,0,1,0,0,0,0,0,0,0,0,0,0,0,0,Falla de pantalla,Cambio de pantalla,190.56
2185,Laptop,1,0,0,0,0,1,0,0,0,0,0,0,0,0,0,1,0,0,Falla de pantalla,Cambio de pantalla,180.79
2186,PC de escritorio,1,0,0,0,0,1,0,0,0,0,0,0,0,0,0,0,0,0,Falla de pantalla,Cambio de pantalla,197.3
2187,PC de escritorio,1,0,0,0,0,1,0,0,0,0,0,0,0,0,0,0,0,0,Falla de pantalla,Cambio de pantalla,191.46
2188,PC de escritorio,0,1,0,0,0,1,0,0,0,0,0,0,0,0,0,0,0,1,Falla de pantalla,Cambio de pantalla,193.16
2189,PC de escritorio,0,0,0,0,0,0,0,0,0,0,0,0,0,0,1,0,0,0,Falla de pantalla,Cambio de pantalla,182.32
2190,PC de escritorio,1,1,0,0,0,1,0,0,0,0,0,1,0,0,0,0,1,0,Falla de pantalla,Cambio de pantalla,181.12
2191,Laptop,1,0,0,0,0,1,0,0,0,0,0,0,0,0,0,0,0,0,Falla de pantalla,Cambio de pantalla,190.22
2192,Laptop,1,0,0,0,1,1,0,0,0,0,0,0,0,0,0,0,0,0,Falla de pantalla,Cambio de pantalla,192.17
2193,PC de escritorio,0,1,0,0,0,1,0,0,0,0,0,0,0,0,0,0,0,0,Falla de pantalla,Cambio de pantalla,194.41
2194,PC de escritorio,1,0,0,0,0,1,0,0,0,0,0,0,0,0,0,0,0,0,Falla de pantalla,Cambio de pantalla,198.76
2195,PC de escritorio,1,0,0,0,0,0,1,0,0,0,0,0,0,0,0,0,0,0,Falla de pantalla,Cambio de pantalla,191.29
2196,Laptop,0,1,0,0,0,0,0,0,0,0,0,0,0,0,0,0,0,0,Falla de pantalla,Cambio de pantalla,181.57
2197,PC de escritorio,1,1,1,0,1,1,0,0,0,0,0,0,0,0,0,0,1,0,Falla de pantalla,Cambio de pantalla,191.51
2198,Laptop,1,1,1,1,0,1,1,1,0,0,1,0,1,0,0,0,0,0,Falla de pantalla,Cambio de pantalla,180.7
2199,Laptop,1,0,0,0,0,1,0,0,0,0,1,0,0,0,0,0,1,0,Falla de pantalla,Cambio de pantalla,180.19
2200,Laptop,1,0,0,0,1,1,0,1,0,1,0,0,0,0,0,0,0,0,Falla de pantalla,Cambio de pantalla,183.04
2201,PC de escritorio,1,0,0,0,0,1,0,0,0,0,0,0,0,0,0,1,0,1,Falla de pantalla,Cambio de pantalla,183.52
2202,Laptop,1,1,0,0,0,0,0,0,1,1,0,0,0,0,0,0,0,0,Falla de pantalla,Cambio de pantalla,199.71
2203,Laptop,0,0,0,0,1,1,0,0,0,0,0,0,0,0,0,0,0,0,Falla de pantalla,Cambio de pantalla,191.96
2204,Laptop,1,1,0,0,0,1,1,0,1,0,0,0,1,0,0,0,0,0,Falla de pantalla,Cambio de pantalla,185.97
2205,Laptop,0,1,0,0,0,0,0,0,0,0,0,0,0,0,0,0,0,0,Falla de pantalla,Cambio de pantalla,198.22
2206,Laptop,1,0,0,0,0,1,0,0,0,0,0,0,0,0,0,0,0,0,Falla de pantalla,Cambio de pantalla,185.2
2207,Laptop,1,1,0,1,0,1,0,1,0,1,0,0,0,0,0,0,1,0,Falla de pantalla,Cambio de pantalla,194.17
2208,PC de escritorio,1,0,0,0,0,1,0,0,0,0,0,0,0,0,0,0,0,0,Falla de pantalla,Cambio de pantalla,199.74
2209,PC de escritorio,1,0,0,0,0,0,0,1,0,0,0,0,0,0,0,0,0,0,Falla de pantalla,Cambio de pantalla,180.22
2210,PC de escritorio,1,1,0,0,0,1,1,0,0,0,0,0,0,0,0,0,1,0,Falla de pantalla,Cambio de pantalla,196.45
2211,PC de escritorio,1,1,0,0,0,1,0,0,0,0,0,0,0,0,0,0,0,0,Falla de pantalla,Cambio de pantalla,192.41
2212,Laptop,1,0,1,0,0,0,0,0,0,0,0,0,0,1,0,0,0,0,Falla de pantalla,Cambio de pantalla,187.67
2213,PC de escritorio,1,1,0,0,0,1,0,0,0,0,0,0,1,0,1,0,0,1,Falla de pantalla,Cambio de pantalla,190.54
2214,PC de escritorio,0,1,1,0,0,1,0,0,0,0,0,0,0,0,0,1,1,0,Falla de pantalla,Cambio de pantalla,183.67
2215,PC de escritorio,1,0,0,1,0,1,0,1,0,0,0,0,0,0,0,0,0,0,Falla de pantalla,Cambio de pantalla,183.7
2216,PC de escritorio,1,0,0,0,0,1,0,0,0,1,0,0,0,0,0,0,0,0,Falla de pantalla,Cambio de pantalla,186.92
2217,PC de escritorio,1,0,0,0,0,0,1,0,0,1,0,0,0,0,0,0,0,1,Falla de pantalla,Cambio de pantalla,198.0
2218,Laptop,1,0,0,0,0,1,0,0,0,0,0,0,0,0,0,0,0,0,Falla de pantalla,Cambio de pantalla,196.14
2219,PC de escritorio,1,0,0,0,0,1,0,0,0,0,0,0,0,0,0,0,0,0,Falla de pantalla,Cambio de pantalla,186.82
2220,Laptop,0,1,0,0,0,1,0,0,0,0,0,0,0,0,0,0,0,0,Falla de pantalla,Cambio de pantalla,195.2
2221,PC de escritorio,1,1,0,0,0,1,0,0,0,0,0,0,0,0,0,1,0,0,Falla de pantalla,Cambio de pantalla,195.36
2222,PC de escritorio,1,1,0,0,0,0,0,0,0,0,0,0,0,0,0,0,0,0,Falla de pantalla,Cambio de pantalla,190.9
2223,PC de escritorio,1,1,0,0,0,0,0,0,0,0,0,1,0,0,0,0,0,0,Falla de pantalla,Cambio de pantalla,197.36
2224,Laptop,1,1,0,0,0,1,0,0,0,0,0,1,0,0,0,0,0,0,Falla de pantalla,Cambio de pantalla,192.69
2225,Laptop,1,0,0,0,0,1,0,0,0,0,0,0,1,0,0,0,0,0,Falla de pantalla,Cambio de pantalla,196.29
2226,Laptop,0,1,0,0,0,1,0,0,0,0,0,0,0,0,0,0,0,0,Falla de pantalla,Cambio de pantalla,181.8
2227,Laptop,1,0,0,0,0,1,0,0,0,0,0,0,0,0,0,0,1,0,Falla de pantalla,Cambio de pantalla,195.41
2228,PC de escritorio,0,1,1,0,0,1,0,0,0,0,0,1,0,0,0,0,0,0,Falla de pantalla,Cambio de pantalla,195.12
2229,Laptop,0,0,0,0,0,0,0,0,0,1,0,1,0,0,0,0,0,0,Falla de pantalla,Cambio de pantalla,198.59
2230,PC de escritorio,1,1,1,0,0,1,0,0,1,0,1,0,0,0,0,1,0,0,Falla de pantalla,Cambio de pantalla,183.16
2231,PC de escritorio,0,0,0,0,0,1,0,0,0,0,0,0,0,0,0,0,0,0,Falla de pantalla,Cambio de pantalla,180.79
2232,PC de escritorio,0,0,0,0,1,1,0,0,0,0,0,0,0,0,0,0,1,0,Falla de pantalla,Cambio de pantalla,192.89
2233,PC de escritorio,0,0,0,0,0,1,0,0,0,0,0,0,0,0,0,0,0,0,Falla de pantalla,Cambio de pantalla,186.48
2234,Laptop,1,0,0,0,1,1,0,0,0,0,0,0,0,0,0,0,0,1,Falla de pantalla,Cambio de pantalla,194.08
2235,Laptop,1,1,0,0,0,1,1,1,1,0,1,0,0,0,0,1,0,0,Falla de pantalla,Cambio de pantalla,187.34
2236,PC de escritorio,0,0,0,0,0,1,0,0,0,0,0,0,0,0,0,0,1,0,Falla de pantalla,Cambio de pantalla,192.33
2237,PC de escritorio,1,1,0,0,0,1,0,0,0,0,0,0,0,0,0,0,0,0,Falla de pantalla,Cambio de pantalla,196.03
2238,PC de escritorio,0,1,0,0,0,1,0,0,0,0,0,0,0,0,0,0,0,0,Falla de pantalla,Cambio de pantalla,181.85
2239,Laptop,0,1,0,0,0,1,0,0,0,0,0,0,0,0,0,0,0,0,Falla de pantalla,Cambio de pantalla,195.64
2240,Laptop,1,0,0,0,0,0,0,0,0,0,0,0,0,0,0,0,0,0,Falla de pantalla,Cambio de pantalla,184.41
2241,PC de escritorio,0,1,0,0,0,1,0,0,0,1,0,0,0,0,0,1,0,0,Falla de pantalla,Cambio de pantalla,189.32
2242,PC de escritorio,1,1,0,0,0,1,0,0,0,0,0,0,0,0,0,0,0,0,Falla de pantalla,Cambio de pantalla,184.66
2243,Laptop,1,1,0,0,0,1,0,0,0,1,0,0,0,0,0,0,1,0,Falla de pantalla,Cambio de pantalla,196.22
2244,Laptop,1,0,0,0,0,0,0,0,0,0,0,0,0,0,0,0,0,0,Falla de pantalla,Cambio de pantalla,186.82
2245,Laptop,1,0,0,1,0,1,0,0,0,1,0,0,0,0,0,0,1,1,Falla de pantalla,Cambio de pantalla,193.46
2246,PC de escritorio,1,0,1,0,0,1,0,1,0,0,0,0,0,1,0,0,0,0,Falla de pantalla,Cambio de pantalla,193.16
2247,PC de escritorio,1,0,0,0,0,1,0,0,0,0,0,0,0,0,0,0,0,0,Falla de pantalla,Cambio de pantalla,189.65
2248,PC de escritorio,0,1,0,0,0,1,0,0,1,0,0,0,0,0,0,0,0,0,Falla de pantalla,Cambio de pantalla,185.76
2249,Laptop,1,0,0,1,0,1,0,0,0,0,0,0,0,0,0,0,0,0,Falla de pantalla,Cambio de pantalla,183.73
2250,Laptop,1,1,0,0,0,0,0,0,0,0,0,0,0,0,0,0,0,0,Falla de pantalla,Cambio de pantalla,193.24
2251,PC de escritorio,1,0,0,0,0,1,0,0,0,0,0,0,0,0,0,0,0,0,Falla de pantalla,Cambio de pantalla,193.81
2252,PC de escritorio,0,1,0,0,0,1,0,0,0,0,0,0,0,0,0,0,0,0,Falla de pantalla,Cambio de pantalla,198.09
2253,Laptop,0,0,0,0,0,0,0,0,0,0,0,0,0,0,0,0,0,0,Falla de pantalla,Cambio de pantalla,181.18
2254,Laptop,1,0,1,0,0,1,1,0,0,0,0,0,0,0,0,0,0,0,Falla de pantalla,Cambio de pantalla,192.39
2255,PC de escritorio,1,0,0,0,1,1,0,0,0,0,0,0,0,1,0,1,1,0,Falla de pantalla,Cambio de pantalla,197.93
2256,Laptop,1,0,0,0,0,0,0,0,0,0,0,0,0,0,0,0,0,0,Falla de pantalla,Cambio de pantalla,196.72
2257,PC de escritorio,1,0,0,0,0,1,0,1,0,0,0,0,0,0,0,0,0,0,Falla de pantalla,Cambio de pantalla,189.39
2258,PC de escritorio,1,0,0,0,0,1,0,0,0,0,0,0,0,0,0,0,0,0,Falla de pantalla,Cambio de pantalla,182.78
2259,Laptop,1,1,1,0,0,1,0,0,0,0,0,0,0,0,0,0,0,0,Falla de pantalla,Cambio de pantalla,181.98
2260,Laptop,1,0,0,0,0,1,0,0,0,0,1,0,1,1,0,0,0,0,Falla de pantalla,Cambio de pantalla,187.73
2261,Laptop,1,0,0,0,0,1,0,0,0,0,0,0,0,0,0,0,0,0,Falla de pantalla,Cambio de pantalla,187.59
2262,PC de escritorio,1,1,0,0,0,1,0,0,1,0,0,0,0,0,0,0,0,0,Falla de pantalla,Cambio de pantalla,181.53
2263,PC de escritorio,1,0,0,1,0,1,0,0,0,0,0,0,0,0,1,1,0,0,Falla de pantalla,Cambio de pantalla,193.22
2264,PC de escritorio,1,0,0,0,0,1,0,0,0,0,0,0,0,0,0,0,1,0,Falla de pantalla,Cambio de pantalla,191.12
2265,PC de escritorio,1,0,0,0,0,1,0,0,0,0,1,0,0,0,0,0,1,0,Falla de pantalla,Cambio de pantalla,194.25
2266,Laptop,0,1,0,0,0,1,0,0,0,0,0,0,0,0,0,0,0,0,Falla de pantalla,Cambio de pantalla,193.04
2267,Laptop,0,0,0,1,0,1,1,0,0,1,0,0,0,1,0,0,0,0,Falla de pantalla,Cambio de pantalla,186.6
2268,Laptop,1,0,0,0,0,1,0,0,0,0,0,0,0,0,0,0,0,0,Falla de pantalla,Cambio de pantalla,181.98
2269,PC de escritorio,1,0,0,0,0,1,0,0,0,0,0,1,0,0,0,0,0,0,Falla de pantalla,Cambio de pantalla,196.82
2270,PC de escritorio,1,1,0,0,0,1,0,0,0,0,0,0,0,0,0,0,0,0,Falla de pantalla,Cambio de pantalla,188.09
2271,PC de escritorio,1,0,0,0,0,0,1,0,0,0,0,0,1,1,0,0,0,0,Falla de software,Formateo y reinstalación,46.76
2272,Laptop,1,0,0,0,1,0,0,0,0,0,0,0,0,0,0,0,0,0,Falla de software,Formateo y reinstalación,52.12
2273,PC de escritorio,1,0,0,0,1,0,1,0,0,0,0,0,0,0,0,0,0,0,Falla de software,Formateo y reinstalación,54.57
2274,Laptop,1,0,0,1,1,0,0,0,0,0,0,0,0,0,0,0,1,0,Falla de software,Formateo y reinstalación,53.07
2275,PC de escritorio,1,0,1,0,1,0,1,0,0,0,0,0,1,1,0,0,0,0,Falla de software,Formateo y reinstalación,52.88
2276,PC de escritorio,1,0,0,0,0,0,0,0,0,0,0,0,0,0,0,0,0,0,Falla de software,Formateo y reinstalación,43.96
2277,PC de escritorio,1,0,0,0,0,0,0,0,0,0,0,0,0,0,0,0,0,0,Falla de software,Formateo y reinstalación,57.74
2278,PC de escritorio,1,0,0,0,1,0,0,0,0,0,0,0,0,0,0,0,0,0,Falla de software,Formateo y reinstalación,54.89
2279,Laptop,1,0,0,0,0,0,0,0,0,0,0,0,0,0,0,0,0,0,Falla de software,Formateo y reinstalación,57.34
2280,PC de escritorio,1,0,0,0,1,0,1,1,0,0,0,0,1,0,0,0,0,0,Falla de software,Formateo y reinstalación,40.27
2281,PC de escritorio,1,0,0,0,0,0,0,0,0,0,0,0,1,0,0,1,0,0,Falla de software,Formateo y reinstalación,49.14
2282,PC de escritorio,1,0,0,0,0,0,1,0,0,0,0,0,1,0,0,0,0,0,Falla de software,Formateo y reinstalación,51.24
2283,PC de escritorio,1,0,0,1,1,0,1,0,0,0,0,1,1,0,0,0,1,0,Falla de software,Formateo y reinstalación,45.97
2284,Laptop,1,0,0,0,0,0,1,0,0,0,0,0,1,0,0,0,0,0,Falla de software,Formateo y reinstalación,44.83
2285,PC de escritorio,1,0,1,0,1,1,1,0,0,0,0,0,0,1,0,0,1,0,Falla de software,Formateo y reinstalación,55.45
2286,Laptop,1,1,0,0,0,0,0,1,0,1,0,1,1,1,0,1,0,0,Falla de software,Formateo y reinstalación,43.8
2287,Laptop,1,0,0,0,1,0,0,0,0,0,0,0,1,1,0,1,0,0,Falla de software,Formateo y reinstalación,45.2
2288,PC de escritorio,0,0,0,0,0,0,1,0,0,0,0,0,1,1,0,0,0,0,Falla de software,Formateo y reinstalación,55.25
2289,Laptop,1,0,0,0,1,0,0,0,0,0,0,0,0,0,0,0,0,0,Falla de software,Formateo y reinstalación,57.44
2290,PC de escritorio,1,0,0,0,0,0,0,0,0,0,0,0,0,1,0,0,0,0,Falla de software,Formateo y reinstalación,55.45
2291,PC de escritorio,1,0,0,0,1,0,0,0,0,0,0,0,0,0,0,0,0,0,Falla de software,Formateo y reinstalación,50.41
2292,PC de escritorio,1,0,0,0,0,0,1,1,0,0,0,1,1,1,0,0,0,0,Falla de software,Formateo y reinstalación,41.59
2293,PC de escritorio,1,0,0,0,0,0,0,0,0,0,0,0,1,0,0,0,0,0,Falla de software,Formateo y reinstalación,45.67
2294,Laptop,1,0,0,0,1,0,0,0,0,0,0,0,1,0,0,0,0,0,Falla de software,Formateo y reinstalación,50.71
2295,PC de escritorio,1,0,0,0,0,0,0,0,0,0,0,0,1,1,1,0,0,0,Falla de software,Formateo y reinstalación,58.96
2296,PC de escritorio,1,0,0,0,1,0,0,0,0,0,0,0,1,1,0,1,0,0,Falla de software,Formateo y reinstalación,43.52
2297,Laptop,1,0,0,0,0,0,0,0,1,0,0,1,1,0,0,1,0,0,Falla de software,Formateo y reinstalación,45.33
2298,PC de escritorio,1,0,0,0,1,0,0,0,0,0,0,0,0,0,0,0,0,0,Falla de software,Formateo y reinstalación,53.1
2299,PC de escritorio,1,0,0,0,1,0,1,0,0,0,0,1,1,0,0,0,0,1,Falla de software,Formateo y reinstalación,50.56
2300,PC de escritorio,1,0,0,0,1,0,0,0,0,0,0,0,0,0,0,0,0,0,Falla de software,Formateo y reinstalación,44.0
2301,Laptop,1,0,0,0,1,0,1,0,1,0,0,0,1,1,0,0,0,0,Falla de software,Formateo y reinstalación,42.18
2302,PC de escritorio,1,0,0,0,0,0,0,0,0,0,0,0,0,0,0,1,0,0,Falla de software,Formateo y reinstalación,55.12
2303,Laptop,1,1,0,0,1,0,1,0,1,0,0,0,0,1,0,0,0,0,Falla de software,Formateo y reinstalación,51.17
2304,PC de escritorio,0,0,0,0,1,0,0,0,0,0,0,0,1,0,1,0,0,0,Falla de software,Formateo y reinstalación,48.0
2305,PC de escritorio,1,0,0,0,1,0,0,0,0,0,0,0,1,0,0,0,0,0,Falla de software,Formateo y reinstalación,45.34
2306,Laptop,1,0,1,0,0,0,0,0,0,0,0,0,1,1,0,0,0,0,Falla de software,Formateo y reinstalación,55.22
2307,Laptop,0,0,0,0,1,0,0,0,0,0,0,0,0,0,0,0,0,0,Falla de software,Formateo y reinstalación,58.41
2308,PC de escritorio,1,1,0,0,0,0,1,0,0,0,1,0,1,0,1,0,1,1,Falla de software,Formateo y reinstalación,46.35
2309,Laptop,1,0,0,0,0,0,0,0,0,0,0,0,0,0,0,0,0,0,Falla de software,Formateo y reinstalación,42.0
2310,PC de escritorio,1,0,0,0,0,0,0,0,0,0,1,0,1,0,0,0,0,0,Falla de software,Formateo y reinstalación,57.57
2311,PC de escritorio,1,0,0,0,1,0,0,0,0,1,0,0,1,1,0,0,1,1,Falla de software,Formateo y reinstalación,55.94
2312,Laptop,1,0,0,0,0,0,0,0,0,0,0,0,0,0,0,0,0,1,Falla de software,Formateo y reinstalación,48.06
2313,PC de escritorio,1,0,1,0,1,0,0,0,0,0,0,0,0,1,0,0,0,1,Falla de software,Formateo y reinstalación,47.4
2314,Laptop,1,0,0,0,1,0,1,0,0,0,0,0,0,0,0,0,0,0,Falla de software,Formateo y reinstalación,40.54
2315,PC de escritorio,1,0,0,0,0,0,1,0,0,0,0,1,0,1,1,0,0,0,Falla de software,Formateo y reinstalación,49.16
2316,PC de escritorio,1,0,0,0,0,0,0,0,0,0,0,0,1,0,0,1,0,0,Falla de software,Formateo y reinstalación,46.48
2317,Laptop,1,0,0,0,1,0,0,0,0,0,0,0,0,1,0,0,0,0,Falla de software,Formateo y reinstalación,41.63
2318,PC de escritorio,1,0,0,0,1,0,1,0,0,0,0,0,1,0,0,0,0,0,Falla de software,Formateo y reinstalación,57.3
2319,PC de escritorio,1,0,0,0,1,0,0,0,0,0,0,0,0,0,0,0,0,0,Falla de software,Formateo y reinstalación,59.24
2320,Laptop,1,0,0,0,0,0,0,0,0,1,0,0,1,0,0,0,0,0,Falla de software,Formateo y reinstalación,41.52
2321,Laptop,1,0,0,0,1,0,0,0,0,0,0,0,1,0,0,0,0,0,Falla de software,Formateo y reinstalación,56.48
2322,Laptop,0,0,0,1,1,0,0,0,0,0,0,0,0,1,0,1,0,0,Falla de software,Formateo y reinstalación,47.04
2323,PC de escritorio,1,0,0,0,0,0,1,0,0,0,0,0,1,1,0,0,0,0,Falla de software,Formateo y reinstalación,52.22
2324,PC de escritorio,1,0,0,0,1,0,0,0,0,0,0,0,1,1,0,0,0,1,Falla de software,Formateo y reinstalación,52.0
2325,PC de escritorio,1,0,0,0,0,0,0,0,0,0,0,0,0,0,1,1,0,1,Falla de software,Formateo y reinstalación,46.85
2326,PC de escritorio,1,0,1,0,0,0,1,0,1,0,0,0,1,0,0,0,0,0,Falla de software,Formateo y reinstalación,47.29
2327,PC de escritorio,1,0,0,0,1,0,0,0,0,0,0,0,1,1,0,0,0,0,Falla de software,Formateo y reinstalación,58.56
2328,PC de escritorio,1,0,0,0,1,0,0,0,0,0,0,0,0,0,0,1,0,0,Falla de software,Formateo y reinstalación,51.41
2329,PC de escritorio,1,0,0,0,0,0,0,0,0,0,0,0,1,1,0,0,0,0,Falla de software,Formateo y reinstalación,54.55
2330,PC de escritorio,1,0,0,0,0,0,1,0,0,0,0,0,0,1,0,0,0,0,Falla de software,Formateo y reinstalación,46.06
2331,Laptop,0,0,0,0,1,0,0,0,0,0,0,0,0,1,0,0,0,0,Falla de software,Formateo y reinstalación,45.41
2332,PC de escritorio,1,0,0,0,1,0,0,0,0,0,0,0,0,0,0,0,0,0,Falla de software,Formateo y reinstalación,49.87
2333,PC de escritorio,1,0,0,0,1,0,1,1,0,1,0,1,0,1,0,0,1,0,Falla de software,Formateo y reinstalación,47.47
2334,Laptop,1,0,0,0,0,0,0,0,0,0,0,1,0,0,0,0,0,0,Falla de software,Formateo y reinstalación,59.88
2335,Laptop,1,0,0,0,1,0,0,0,0,0,0,0,0,0,0,0,0,0,Falla de software,Formateo y reinstalación,59.97
2336,PC de escritorio,0,0,0,0,1,0,0,0,0,0,0,0,1,1,0,1,0,0,Falla de software,Formateo y reinstalación,59.5
2337,PC de escritorio,1,0,0,1,0,0,1,0,0,0,0,0,1,1,0,0,0,0,Falla de software,Formateo y reinstalación,47.6
2338,Laptop,1,0,0,0,0,0,0,0,1,0,0,0,0,1,0,0,0,1,Falla de software,Formateo y reinstalación,41.58
2339,Laptop,1,0,0,0,1,0,0,0,0,0,0,0,0,0,0,0,0,0,Falla de software,Formateo y reinstalación,44.77
2340,Laptop,1,0,0,0,1,0,0,0,0,0,0,0,1,0,0,0,0,0,Falla de software,Formateo y reinstalación,46.02
2341,Laptop,1,0,1,0,1,0,1,0,0,1,0,1,1,1,1,1,0,0,Falla de software,Formateo y reinstalación,42.95
2342,Laptop,1,0,0,0,1,0,0,0,0,0,0,0,1,1,0,1,0,0,Falla de software,Formateo y reinstalación,47.8
2343,PC de escritorio,1,0,1,0,1,0,0,0,0,0,0,0,1,1,0,0,0,1,Falla de software,Formateo y reinstalación,53.05
2344,Laptop,1,0,0,0,1,0,0,0,0,0,0,0,0,0,0,0,0,0,Falla de software,Formateo y reinstalación,55.73
2345,PC de escritorio,1,0,0,0,0,0,0,0,0,0,0,0,1,1,0,1,0,0,Falla de software,Formateo y reinstalación,41.23
2346,PC de escritorio,1,0,1,0,1,0,0,0,1,0,0,0,1,1,0,0,0,0,Falla de software,Formateo y reinstalación,51.94
2347,Laptop,1,0,0,0,1,0,0,0,0,0,0,0,1,0,0,0,0,0,Falla de software,Formateo y reinstalación,44.52
2348,PC de escritorio,1,0,0,0,0,0,0,0,0,0,0,0,0,0,0,0,0,0,Falla de software,Formateo y reinstalación,50.7
2349,Laptop,1,0,0,0,1,0,0,0,0,0,0,0,0,1,0,0,0,0,Falla de software,Formateo y reinstalación,44.17
2350,PC de escritorio,1,0,0,0,1,0,0,0,1,0,0,0,0,1,0,1,0,0,Falla de software,Formateo y reinstalación,50.17
2351,PC de escritorio,1,0,0,0,1,0,0,0,0,0,0,0,1,1,1,0,0,0,Falla de software,Formateo y reinstalación,56.42
2352,Laptop,1,0,0,1,1,0,1,1,0,1,0,0,0,1,1,0,0,0,Falla de software,Formateo y reinstalación,51.82
2353,Laptop,1,0,0,0,1,0,1,0,0,0,0,0,1,0,0,0,0,0,Falla de software,Formateo y reinstalación,45.67
2354,PC de escritorio,1,0,0,0,1,0,0,0,0,0,0,0,0,1,0,0,0,0,Falla de software,Formateo y reinstalación,52.83
2355,Laptop,1,0,0,0,0,1,0,0,0,0,1,0,0,0,0,0,0,0,Falla de software,Formateo y reinstalación,52.2
2356,Laptop,1,0,0,0,1,0,1,0,0,0,0,0,1,1,0,0,0,0,Falla de software,Formateo y reinstalación,42.64
2357,Laptop,1,0,0,0,1,0,0,0,0,0,0,0,0,1,0,0,0,0,Falla de software,Formateo y reinstalación,59.59
2358,PC de escritorio,1,0,0,0,1,0,0,0,0,0,0,0,0,0,0,0,0,0,Falla de software,Formateo y reinstalación,44.0
2359,Laptop,1,0,0,0,1,0,0,0,0,0,0,0,1,0,0,0,0,0,Falla de software,Formateo y reinstalación,43.15
2360,PC de escritorio,1,0,0,0,1,0,0,0,0,0,0,0,0,0,0,0,0,0,Falla de software,Formateo y reinstalación,47.67
2361,Laptop,1,0,0,0,0,0,0,0,0,0,0,0,1,0,0,1,0,0,Falla de software,Formateo y reinstalación,51.34
2362,PC de escritorio,1,0,0,1,0,0,1,0,0,0,0,0,0,0,1,1,0,0,Falla de software,Formateo y reinstalación,50.12
2363,Laptop,1,0,0,0,0,0,1,0,1,1,0,0,0,0,0,0,0,0,Falla de software,Formateo y reinstalación,45.23
2364,Laptop,1,0,0,0,1,0,0,0,0,0,0,0,0,0,0,0,0,0,Falla de software,Formateo y reinstalación,48.75
2365,Laptop,1,0,0,0,0,0,0,0,0,0,0,1,0,1,0,0,0,1,Falla de software,Formateo y reinstalación,42.79
2366,Laptop,0,0,0,0,0,0,1,0,0,0,0,0,0,0,0,0,0,0,Falla de software,Formateo y reinstalación,44.57
2367,PC de escritorio,1,0,0,0,1,0,0,0,0,1,1,1,1,1,0,1,1,0,Falla de software,Formateo y reinstalación,48.96
2368,Laptop,1,0,0,0,1,0,1,0,0,0,0,0,0,0,0,0,0,1,Falla de software,Formateo y reinstalación,54.45
2369,PC de escritorio,1,0,0,0,0,0,0,0,0,0,0,1,0,1,0,0,0,0,Falla de software,Formateo y reinstalación,47.98
2370,PC de escritorio,1,0,0,0,0,0,0,0,0,1,0,0,1,1,0,0,0,0,Falla de software,Formateo y reinstalación,53.97
2371,Laptop,1,0,0,0,1,0,0,0,0,0,0,0,0,0,0,0,0,0,Falla de software,Formateo y reinstalación,44.37
2372,Laptop,1,0,0,0,0,0,0,0,0,0,0,0,0,1,0,0,1,0,Falla de software,Formateo y reinstalación,41.15
2373,Laptop,0,0,0,0,0,0,0,0,0,0,0,0,1,0,0,0,0,0,Falla de software,Formateo y reinstalación,41.42
2374,PC de escritorio,1,0,0,0,1,0,0,0,0,0,0,0,0,0,0,0,0,0,Falla de software,Formateo y reinstalación,55.28
2375,Laptop,1,0,0,0,1,0,0,0,0,0,0,0,0,1,0,0,0,0,Falla de software,Formateo y reinstalación,56.73
2376,Laptop,1,0,0,0,1,0,0,0,0,0,0,0,0,1,0,0,0,0,Falla de software,Formateo y reinstalación,55.72
2377,PC de escritorio,1,0,0,0,1,0,0,0,0,0,0,0,1,1,0,0,0,0,Falla de software,Formateo y reinstalación,57.29
2378,Laptop,1,0,0,0,1,1,1,1,0,1,0,0,1,0,0,0,1,0,Falla de software,Formateo y reinstalación,45.05
2379,PC de escritorio,1,0,0,0,0,0,0,0,0,0,0,0,1,0,0,0,0,0,Falla de software,Formateo y reinstalación,44.09
2380,PC de escritorio,0,0,0,0,0,0,1,0,0,1,0,0,0,1,0,1,0,0,Falla de software,Formateo y reinstalación,56.32
2381,Laptop,1,0,0,0,1,0,0,1,0,0,0,0,1,0,0,0,0,0,Falla de software,Formateo y reinstalación,43.67
2382,Laptop,0,0,0,0,0,0,0,0,0,0,0,0,0,1,0,0,0,1,Falla de software,Formateo y reinstalación,50.31
2383,Laptop,1,0,0,0,0,0,0,0,0,0,0,0,0,1,1,0,0,0,Falla de software,Formateo y reinstalación,40.1
2384,Laptop,1,0,0,0,0,0,0,0,0,0,0,0,1,0,0,0,0,0,Falla de software,Formateo y reinstalación,54.28
2385,PC de escritorio,1,0,0,0,0,0,0,0,0,0,0,0,1,0,0,0,1,0,Falla de software,Formateo y reinstalación,46.6
2386,PC de escritorio,1,0,0,0,1,0,0,0,0,0,0,0,1,0,0,1,0,0,Falla de software,Formateo y reinstalación,42.69
2387,Laptop,1,0,0,0,1,0,0,0,0,0,0,0,0,0,0,0,0,0,Falla de software,Formateo y reinstalación,44.34
2388,Laptop,1,1,0,0,1,0,0,0,0,0,1,1,1,1,0,0,0,0,Falla de software,Formateo y reinstalación,40.69
2389,PC de escritorio,1,0,0,0,1,1,1,0,1,0,0,0,1,0,0,1,0,0,Falla de software,Formateo y reinstalación,58.58
2390,Laptop,1,0,0,0,0,0,0,0,0,0,0,0,0,1,0,0,0,0,Falla de software,Formateo y reinstalación,46.27
2391,Laptop,1,0,0,0,1,0,1,0,0,0,0,0,0,1,0,0,0,0,Falla de software,Formateo y reinstalación,50.92
2392,PC de escritorio,1,0,0,0,1,0,1,0,0,0,0,0,0,0,0,0,0,0,Falla de software,Formateo y reinstalación,45.96
2393,PC de escritorio,1,0,0,0,1,0,0,0,0,0,0,0,0,1,0,0,0,0,Falla de software,Formateo y reinstalación,41.8
2394,Laptop,1,0,0,0,0,0,1,0,0,0,0,0,1,0,0,1,0,0,Falla de software,Formateo y reinstalación,51.36
2395,Laptop,1,0,0,0,1,0,0,1,0,0,1,1,1,1,0,0,0,0,Falla de software,Formateo y reinstalación,43.45
2396,Laptop,1,0,0,1,1,0,0,0,0,1,1,0,0,1,0,0,0,1,Falla de software,Formateo y reinstalación,45.61
2397,PC de escritorio,0,0,0,0,0,0,0,0,0,0,0,0,0,0,0,0,0,0,Falla de software,Formateo y reinstalación,53.53
2398,PC de escritorio,1,0,1,0,0,0,0,0,1,0,0,0,1,1,1,0,0,0,Falla de software,Formateo y reinstalación,59.32
2399,PC de escritorio,1,0,0,0,0,1,0,0,1,0,0,0,1,1,0,0,1,0,Falla de software,Formateo y reinstalación,40.32
2400,Laptop,1,0,0,0,1,0,0,0,0,0,0,1,1,0,0,0,0,0,Falla de software,Formateo y reinstalación,54.84
2401,PC de escritorio,1,0,0,0,0,0,0,0,0,0,0,0,1,0,0,0,0,0,Falla de software,Formateo y reinstalación,54.32
2402,Laptop,1,0,0,0,1,1,0,0,0,0,0,0,1,1,0,0,0,0,Falla de software,Formateo y reinstalación,55.44
2403,PC de escritorio,1,0,0,0,0,0,0,0,0,0,0,0,0,0,0,0,0,0,Falla de software,Formateo y reinstalación,55.83
2404,Laptop,1,0,0,0,1,0,0,0,0,0,0,0,0,0,0,0,0,0,Falla de software,Formateo y reinstalación,41.38
2405,Laptop,1,0,0,0,0,0,0,0,0,0,0,0,0,0,0,0,0,0,Falla de software,Formateo y reinstalación,44.92
2406,Laptop,1,0,0,0,0,0,1,0,0,0,0,0,0,0,0,0,0,0,Falla de software,Formateo y reinstalación,56.81
2407,PC de escritorio,0,0,0,0,0,0,1,0,0,0,0,0,1,1,0,0,0,0,Falla de software,Formateo y reinstalación,41.89
2408,PC de escritorio,1,0,0,0,0,0,0,1,0,0,0,0,1,0,0,0,0,0,Falla de software,Formateo y reinstalación,47.81
2409,Laptop,1,0,0,0,1,0,0,0,0,0,0,0,1,0,0,1,0,0,Falla de software,Formateo y reinstalación,42.97
2410,PC de escritorio,1,0,0,1,1,0,0,0,0,0,0,0,1,1,0,0,0,0,Falla de software,Formateo y reinstalación,50.78
2411,Laptop,1,1,0,0,1,0,0,0,1,0,0,0,0,1,1,1,1,0,Falla de software,Formateo y reinstalación,58.42
2412,Laptop,1,0,0,0,1,0,0,0,0,0,0,0,0,0,0,0,0,0,Falla de software,Formateo y reinstalación,40.92
2413,Laptop,1,0,0,0,1,1,1,0,0,0,0,0,0,0,0,0,0,0,Falla de software,Formateo y reinstalación,57.37
2414,PC de escritorio,1,0,0,0,0,1,1,0,0,0,0,1,1,1,1,0,0,0,Falla de software,Formateo y reinstalación,48.19
2415,PC de escritorio,0,0,0,0,0,0,0,0,0,0,0,0,0,0,0,1,0,0,Falla de software,Formateo y reinstalación,48.41
2416,PC de escritorio,1,0,1,0,0,0,0,0,0,1,0,0,0,1,0,0,0,0,Falla de software,Formateo y reinstalación,44.51
2417,Laptop,1,0,0,0,0,0,0,0,0,0,0,0,0,1,0,0,1,0,Falla de software,Formateo y reinstalación,43.01
2418,Laptop,1,0,0,0,0,0,0,0,0,0,0,0,1,0,0,0,0,0,Falla de software,Formateo y reinstalación,59.85
2419,Laptop,1,0,0,0,0,0,0,0,0,0,0,0,1,1,0,0,0,0,Falla de software,Formateo y reinstalación,57.19
2420,Laptop,0,0,0,0,1,0,0,0,0,0,0,0,0,0,0,0,0,0,Falla de software,Formateo y reinstalación,57.49
2421,Laptop,1,0,0,0,0,0,0,0,0,0,0,0,1,1,0,0,0,0,Falla de software,Formateo y reinstalación,43.75
2422,Laptop,1,0,0,0,0,0,0,0,0,0,0,0,0,0,0,1,0,0,Falla de software,Formateo y reinstalación,58.17
2423,Laptop,1,0,0,0,1,0,0,0,0,0,0,0,1,1,0,1,1,0,Falla de software,Formateo y reinstalación,45.54
2424,Laptop,0,0,0,0,0,0,0,0,0,0,0,0,1,1,0,0,0,0,Falla de software,Formateo y reinstalación,53.98
2425,Laptop,1,1,0,1,0,0,0,0,0,0,0,0,0,0,0,0,0,0,Falla de software,Formateo y reinstalación,58.4
2426,Laptop,1,1,0,0,0,0,1,0,0,0,0,0,0,1,0,1,0,0,Falla de software,Formateo y reinstalación,44.62
2427,PC de escritorio,1,0,0,0,1,0,1,0,0,0,0,1,0,1,0,1,0,0,Falla de software,Formateo y reinstalación,59.37
2428,Laptop,1,0,0,0,1,0,1,1,0,0,0,0,0,0,0,0,0,0,Falla de software,Formateo y reinstalación,49.97
2429,Laptop,1,0,0,0,0,0,1,0,0,0,1,0,1,1,0,0,1,0,Falla de software,Formateo y reinstalación,42.97
2430,Laptop,1,0,0,0,1,0,0,0,0,0,0,0,0,1,1,0,0,0,Falla de software,Formateo y reinstalación,55.23
2431,PC de escritorio,1,0,0,0,1,0,1,0,0,0,0,0,0,1,0,0,0,0,Falla de software,Formateo y reinstalación,50.71
2432,Laptop,1,0,0,0,1,0,0,0,0,0,0,0,0,0,0,0,0,0,Falla de software,Formateo y reinstalación,41.6
2433,PC de escritorio,1,0,0,0,0,0,0,0,0,0,0,0,0,1,0,0,0,0,Falla de software,Formateo y reinstalación,43.02
2434,Laptop,1,0,0,0,0,0,0,0,0,0,0,0,1,0,0,1,0,1,Falla de software,Formateo y reinstalación,54.58
2435,Laptop,1,0,0,0,1,0,0,0,0,0,0,0,1,1,1,0,0,1,Falla de software,Formateo y reinstalación,53.51
2436,Laptop,1,0,0,0,0,0,0,0,0,0,0,0,0,1,1,0,0,0,Falla de software,Formateo y reinstalación,51.82
2437,PC de escritorio,1,0,0,0,1,0,0,0,0,1,0,1,1,1,1,1,0,0,Falla de software,Formateo y reinstalación,52.23
2438,Laptop,1,0,0,0,0,0,0,0,0,0,0,0,1,1,0,0,0,0,Falla de software,Formateo y reinstalación,57.07
2439,Laptop,1,0,0,0,1,0,0,0,0,0,0,0,1,1,0,0,0,0,Falla de software,Formateo y reinstalación,44.87
2440,Laptop,1,0,0,0,1,0,1,0,0,0,0,0,0,0,0,0,0,0,Falla de software,Formateo y reinstalación,45.91
2441,PC de escritorio,1,0,0,0,1,0,0,0,0,0,0,0,0,1,0,0,0,0,Falla de software,Formateo y reinstalación,59.24
2442,Laptop,0,0,0,0,1,0,0,0,0,0,0,0,0,0,0,0,0,0,Falla de software,Formateo y reinstalación,50.51
2443,Laptop,0,0,0,0,1,0,0,0,0,0,0,0,0,0,0,0,0,0,Falla de software,Formateo y reinstalación,46.58
2444,PC de escritorio,1,0,0,0,1,0,0,0,0,0,0,0,1,0,0,0,0,0,Falla de software,Formateo y reinstalación,59.8
2445,Laptop,1,0,0,0,1,0,1,0,0,0,0,0,1,1,0,0,1,1,Falla de software,Formateo y reinstalación,55.72
2446,PC de escritorio,1,0,0,0,1,0,0,0,0,0,0,0,1,1,0,0,0,0,Falla de software,Formateo y reinstalación,53.25
2447,Laptop,1,0,0,0,0,0,0,0,0,1,0,0,1,0,0,1,0,0,Falla de software,Formateo y reinstalación,41.5
2448,PC de escritorio,1,0,0,0,0,0,0,0,0,0,0,0,0,0,0,0,1,0,Falla de software,Formateo y reinstalación,51.28
2449,Laptop,1,0,0,1,1,0,0,0,0,1,1,0,1,0,0,0,0,0,Falla de software,Formateo y reinstalación,55.05
2450,PC de escritorio,1,0,0,0,0,0,0,0,0,0,0,0,0,0,0,0,1,0,Falla de software,Formateo y reinstalación,58.35
2451,Laptop,1,0,1,0,0,0,0,0,0,0,0,0,0,0,0,0,0,0,Falla de software,Formateo y reinstalación,52.58
2452,PC de escritorio,1,0,0,0,0,0,0,0,0,0,0,0,1,1,0,0,0,0,Falla de software,Formateo y reinstalación,43.25
2453,Laptop,1,0,1,0,0,0,1,1,1,1,1,0,1,1,0,0,0,0,Falla de software,Formateo y reinstalación,59.52
2454,Laptop,1,0,0,0,1,0,0,0,0,0,0,0,0,1,0,0,0,0,Falla de software,Formateo y reinstalación,44.74
2455,Laptop,1,0,0,0,1,0,1,1,0,0,0,0,0,1,0,0,0,0,Falla de software,Formateo y reinstalación,46.2
2456,Laptop,1,0,0,0,0,0,0,0,0,0,0,0,1,1,0,0,0,0,Falla de software,Formateo y reinstalación,43.94
2457,Laptop,1,1,1,0,1,0,0,0,0,0,1,0,1,1,1,0,1,0,Falla de software,Formateo y reinstalación,44.47
2458,Laptop,1,0,0,0,1,0,0,0,0,0,0,0,1,1,0,0,1,0,Falla de software,Formateo y reinstalación,47.77
2459,PC de escritorio,1,0,0,0,1,0,0,0,0,0,0,0,1,0,0,0,0,0,Falla de software,Formateo y reinstalación,51.35
2460,PC de escritorio,1,0,0,0,0,0,1,0,0,0,1,0,0,1,0,0,0,0,Falla de software,Formateo y reinstalación,44.39
2461,PC de escritorio,0,1,0,1,0,0,0,0,0,0,0,0,0,0,0,0,0,0,Falla de software,Formateo y reinstalación,48.29
2462,Laptop,0,1,0,0,0,0,0,0,0,0,0,0,1,0,0,0,0,0,Falla de software,Formateo y reinstalación,53.65
2463,PC de escritorio,1,0,0,0,1,0,0,0,0,0,0,1,0,0,0,0,0,0,Falla de software,Formateo y reinstalación,58.21
2464,PC de escritorio,1,0,0,0,0,0,1,0,0,0,0,0,0,0,0,0,0,0,Falla de software,Formateo y reinstalación,58.67
2465,Laptop,1,0,0,0,1,0,0,0,1,1,1,0,1,0,0,1,0,0,Falla de software,Formateo y reinstalación,52.31
2466,Laptop,1,0,0,0,1,0,0,0,0,0,0,0,1,1,0,0,0,0,Falla de software,Formateo y reinstalación,43.94
2467,PC de escritorio,1,0,0,0,0,0,1,0,1,0,0,0,1,1,0,0,0,0,Falla de software,Formateo y reinstalación,56.47
2468,PC de escritorio,1,0,0,0,0,0,0,0,0,0,0,0,0,1,0,1,0,0,Falla de software,Formateo y reinstalación,42.58
2469,Laptop,1,0,0,0,0,0,0,0,0,0,0,0,1,1,1,0,0,0,Falla de software,Formateo y reinstalación,57.92
2470,PC de escritorio,1,0,0,0,1,0,0,0,0,0,0,0,0,0,0,1,0,0,Falla de software,Formateo y reinstalación,52.94
2471,Laptop,1,0,1,0,1,0,0,0,0,0,0,0,0,1,0,0,1,0,Falla de software,Formateo y reinstalación,47.89
2472,PC de escritorio,1,0,0,0,1,0,1,0,0,0,0,0,0,0,0,1,0,0,Falla de software,Formateo y reinstalación,45.45
2473,Laptop,1,0,0,0,1,0,0,0,0,0,0,0,1,0,0,0,0,0,Falla de software,Formateo y reinstalación,53.82
2474,Laptop,0,0,0,0,0,0,0,0,0,0,0,0,0,1,0,0,0,0,Falla de software,Formateo y reinstalación,55.75
2475,Laptop,1,1,0,1,1,0,0,0,0,0,0,1,0,1,0,0,0,0,Falla de software,Formateo y reinstalación,51.68
2476,Laptop,1,0,0,1,0,0,0,0,0,0,0,0,1,0,0,0,0,0,Falla de software,Formateo y reinstalación,50.61
2477,Laptop,1,0,0,0,1,0,0,0,0,0,0,0,1,1,0,0,0,0,Falla de software,Formateo y reinstalación,47.91
2478,PC de escritorio,0,0,0,0,0,0,0,0,0,0,0,0,0,0,0,0,0,0,Falla de software,Formateo y reinstalación,48.97
2479,PC de escritorio,1,0,0,0,0,0,0,0,0,0,1,0,0,1,0,0,0,0,Falla de software,Formateo y reinstalación,55.99
2480,Laptop,1,0,0,0,1,0,0,0,0,0,0,0,0,0,0,0,0,0,Falla de software,Formateo y reinstalación,45.75
2481,Laptop,1,0,0,0,1,0,1,1,0,1,0,0,0,0,0,1,0,0,Falla de software,Formateo y reinstalación,58.08
2482,PC de escritorio,1,0,1,0,1,0,0,0,0,0,0,0,0,1,0,0,0,0,Falla de software,Formateo y reinstalación,55.51
2483,PC de escritorio,1,0,0,0,1,0,0,0,0,0,0,0,0,1,0,1,0,0,Falla de software,Formateo y reinstalación,44.69
2484,PC de escritorio,1,0,0,0,0,0,0,0,0,0,0,0,0,1,0,1,0,0,Falla de software,Formateo y reinstalación,45.97
2485,Laptop,1,0,0,0,1,0,1,0,0,0,0,0,1,1,0,0,0,0,Falla de software,Formateo y reinstalación,52.74
2486,Laptop,1,0,0,0,0,1,1,0,0,0,0,0,0,0,0,0,0,0,Falla de software,Formateo y reinstalación,48.82
2487,Laptop,1,0,0,0,0,0,0,0,0,0,0,0,1,0,0,0,0,0,Falla de software,Formateo y reinstalación,44.87
2488,Laptop,0,0,0,0,1,0,0,0,0,0,0,0,0,1,0,0,1,0,Falla de software,Formateo y reinstalación,40.65
2489,PC de escritorio,1,0,0,0,1,0,0,0,0,0,1,0,0,1,0,0,0,0,Falla de software,Formateo y reinstalación,52.15
2490,PC de escritorio,1,0,0,0,0,0,0,0,0,0,0,0,1,0,0,0,0,0,Falla de software,Formateo y reinstalación,54.57
2491,Laptop,1,0,0,1,1,0,1,0,0,0,0,0,1,0,1,0,1,0,Falla de software,Formateo y reinstalación,58.31
2492,Laptop,1,0,0,0,1,0,0,0,0,0,0,0,0,0,0,0,0,0,Falla de software,Formateo y reinstalación,58.6
2493,Laptop,1,0,0,0,0,0,0,0,0,0,0,0,1,1,0,0,0,1,Falla de software,Formateo y reinstalación,59.65
2494,PC de escritorio,1,0,0,0,1,0,0,0,0,0,0,0,1,1,0,0,0,0,Falla de software,Formateo y reinstalación,52.86
2495,PC de escritorio,1,0,0,0,0,0,0,0,0,0,0,1,0,1,0,1,0,0,Falla de software,Formateo y reinstalación,46.95
2496,Laptop,1,0,0,0,1,0,0,0,0,0,0,0,1,0,0,0,0,0,Falla de software,Formateo y reinstalación,51.43
2497,PC de escritorio,1,0,0,0,0,0,0,0,0,0,0,0,0,0,0,0,0,0,Falla de software,Formateo y reinstalación,42.19
2498,Laptop,1,0,0,0,0,1,0,0,0,0,0,0,0,0,0,0,0,0,Falla de software,Formateo y reinstalación,50.18
2499,PC de escritorio,1,0,0,0,0,0,0,0,0,0,0,1,1,0,0,0,0,0,Falla de software,Formateo y reinstalación,50.71
2500,PC de escritorio,0,0,0,0,1,0,1,0,0,0,0,0,0,0,0,0,0,0,Falla de software,Formateo y reinstalación,42.92
2501,PC de escritorio,1,0,1,0,0,0,0,0,0,0,0,0,0,1,0,0,0,0,Falla de software,Formateo y reinstalación,47.42
2502,PC de escritorio,1,0,0,0,1,0,1,0,0,0,0,0,1,0,0,1,0,0,Falla de software,Formateo y reinstalación,49.56
2503,Laptop,1,0,0,0,1,0,0,0,0,0,0,0,1,0,0,1,0,0,Falla de software,Formateo y reinstalación,45.67
2504,Laptop,1,0,0,0,1,0,0,0,0,0,0,0,1,1,0,0,0,0,Falla de software,Formateo y reinstalación,45.8
2505,PC de escritorio,0,0,0,0,0,0,0,0,0,0,0,0,1,1,0,1,0,0,Falla de software,Formateo y reinstalación,40.36
2506,PC de escritorio,1,0,0,0,1,0,0,0,0,0,0,0,0,0,0,1,0,0,Falla de software,Formateo y reinstalación,47.96
2507,PC de escritorio,1,0,0,0,0,0,0,0,0,0,0,0,1,0,0,1,0,0,Falla de software,Formateo y reinstalación,47.4
2508,Laptop,1,0,0,0,1,0,0,0,0,0,0,0,0,0,0,0,0,0,Falla de software,Formateo y reinstalación,45.8
2509,PC de escritorio,1,0,0,0,0,0,0,0,0,0,0,0,0,1,0,0,0,0,Falla de software,Formateo y reinstalación,59.08
2510,PC de escritorio,0,0,0,0,1,0,0,0,0,0,1,0,0,0,0,0,0,0,Falla de software,Formateo y reinstalación,43.3
2511,PC de escritorio,1,1,0,0,0,0,0,0,0,0,0,0,1,1,0,0,0,0,Falla de software,Formateo y reinstalación,46.84
2512,PC de escritorio,1,0,0,0,0,0,0,0,0,0,0,0,0,0,0,0,0,0,Falla de software,Formateo y reinstalación,52.35
2513,Laptop,1,0,0,0,1,0,0,0,0,0,1,0,0,0,0,0,1,0,Falla de software,Formateo y reinstalación,48.32
2514,PC de escritorio,1,1,0,0,1,0,1,0,0,0,0,0,1,1,0,1,0,0,Falla de software,Formateo y reinstalación,58.79
2515,Laptop,1,0,0,0,1,0,0,0,0,0,0,0,0,1,0,0,0,0,Falla de software,Formateo y reinstalación,50.58
2516,PC de escritorio,1,0,0,0,1,0,1,0,0,0,0,0,0,1,0,0,0,0,Falla de software,Formateo y reinstalación,46.57
2517,Laptop,0,0,0,0,1,0,0,0,0,0,0,0,1,0,0,1,0,0,Falla de software,Formateo y reinstalación,48.17
2518,PC de escritorio,1,0,0,0,1,0,1,0,0,0,0,0,0,1,0,0,1,0,Falla de software,Formateo y reinstalación,56.69
2519,Laptop,1,0,0,0,0,0,0,0,0,0,0,1,1,1,0,1,0,0,Falla de software,Formateo y reinstalación,41.94
2520,Laptop,1,0,0,0,0,0,0,0,0,0,0,0,1,0,0,0,0,0,Falla de software,Formateo y reinstalación,49.85
2521,PC de escritorio,1,0,0,0,1,1,0,1,0,0,1,0,1,1,0,1,0,0,Falla de software,Formateo y reinstalación,51.36
2522,PC de escritorio,1,0,0,0,1,0,0,0,0,0,1,0,0,1,0,0,1,0,Falla de software,Formateo y reinstalación,57.26
2523,Laptop,1,0,0,0,0,0,0,0,0,0,0,0,0,0,0,0,0,0,Falla de software,Formateo y reinstalación,57.5
2524,PC de escritorio,1,0,0,0,1,0,0,0,0,0,0,0,0,0,0,0,0,0,Falla de software,Formateo y reinstalación,45.47
2525,PC de escritorio,1,0,0,1,1,0,0,0,1,1,0,0,0,0,0,0,0,0,Falla de software,Formateo y reinstalación,47.15
2526,PC de escritorio,1,1,0,1,1,1,1,0,0,1,0,0,1,0,0,1,0,0,Falla de software,Formateo y reinstalación,43.17
2527,PC de escritorio,1,1,0,0,1,0,0,0,0,0,0,0,1,1,0,0,0,0,Falla de software,Formateo y reinstalación,42.4
2528,Laptop,1,0,0,0,1,0,1,0,0,0,0,0,1,1,0,0,0,0,Falla de software,Formateo y reinstalación,43.78
2529,PC de escritorio,1,0,0,0,0,0,0,0,0,0,0,0,0,1,0,0,0,0,Falla de software,Formateo y reinstalación,47.25
2530,Laptop,1,0,0,0,1,0,0,0,0,1,1,0,0,1,0,1,0,0,Falla de software,Formateo y reinstalación,52.36
2531,Laptop,1,0,0,0,1,0,0,0,0,0,0,0,0,1,0,0,0,0,Falla de software,Formateo y reinstalación,42.47
2532,Laptop,1,0,0,0,1,0,0,0,0,0,0,0,1,0,0,0,0,0,Falla de software,Formateo y reinstalación,54.18
2533,Laptop,1,0,0,0,0,0,1,0,0,0,0,0,0,0,0,0,0,0,Falla de software,Formateo y reinstalación,53.19
2534,Laptop,1,0,0,0,0,0,0,0,0,0,1,0,1,0,0,1,0,0,Falla de software,Formateo y reinstalación,46.06
2535,Laptop,1,0,0,0,1,0,0,0,0,0,0,0,0,1,0,0,0,0,Falla de software,Formateo y reinstalación,49.83
2536,Laptop,1,0,1,0,0,0,0,0,0,1,0,0,1,0,0,0,0,1,Falla de software,Formateo y reinstalación,45.75
2537,PC de escritorio,1,0,0,0,1,0,1,0,0,0,0,0,1,0,0,0,0,0,Falla de software,Formateo y reinstalación,53.68
2538,Laptop,1,0,0,0,1,0,0,0,0,0,0,0,0,0,0,0,0,0,Falla de software,Formateo y reinstalación,56.85
2539,Laptop,1,1,0,1,0,1,1,0,1,0,0,0,0,1,0,0,0,0,Falla de software,Formateo y reinstalación,58.81
2540,PC de escritorio,1,0,0,0,1,0,0,0,0,0,0,0,0,0,0,0,0,0,Falla de software,Formateo y reinstalación,50.7
2541,PC de escritorio,1,0,0,0,0,0,0,0,0,0,0,0,1,1,0,0,0,1,Falla de software,Formateo y reinstalación,44.43
2542,PC de escritorio,1,0,0,0,0,0,0,0,0,0,0,0,1,1,0,0,0,1,Falla de software,Formateo y reinstalación,52.47
2543,Laptop,1,0,1,0,1,0,0,0,0,0,0,0,0,1,1,1,0,0,Falla de software,Formateo y reinstalación,45.13
2544,PC de escritorio,1,0,0,1,1,0,1,0,0,1,1,0,1,1,0,0,1,0,Falla de software,Formateo y reinstalación,43.07
2545,Laptop,1,0,0,0,1,0,0,0,0,0,0,1,0,1,0,0,0,0,Falla de software,Formateo y reinstalación,57.09
2546,PC de escritorio,1,0,0,0,0,0,1,0,0,0,0,0,0,0,0,1,0,0,Falla de software,Formateo y reinstalación,46.29
2547,Laptop,1,0,0,0,0,0,1,0,0,0,0,0,0,1,0,0,0,0,Falla de software,Formateo y reinstalación,45.11
2548,Laptop,1,0,0,0,1,0,1,0,0,1,0,0,1,1,0,0,0,0,Falla de software,Formateo y reinstalación,54.23
2549,PC de escritorio,1,0,0,0,1,0,0,0,0,0,0,0,0,0,0,0,0,0,Falla de software,Formateo y reinstalación,46.55
2550,Laptop,0,0,0,0,0,0,0,0,0,0,0,0,0,0,0,0,0,0,Falla de software,Formateo y reinstalación,55.62
2551,PC de escritorio,1,0,0,0,0,0,0,0,0,0,0,0,0,0,0,0,0,0,Falla de software,Formateo y reinstalación,41.64
2552,Laptop,1,0,0,0,1,0,0,0,0,0,0,0,1,1,0,0,0,0,Falla de software,Formateo y reinstalación,47.12
2553,Laptop,0,0,0,0,1,0,0,0,0,0,0,0,0,0,0,0,0,0,Falla de software,Formateo y reinstalación,56.91
2554,PC de escritorio,0,0,0,0,1,0,0,0,0,0,0,0,0,0,0,0,0,0,Falla de software,Formateo y reinstalación,59.5
2555,Laptop,1,0,0,0,1,0,0,0,0,0,0,0,1,0,0,0,0,0,Falla de software,Formateo y reinstalación,56.56
2556,Laptop,1,0,0,1,1,0,0,0,0,0,0,0,0,0,0,1,1,0,Falla de software,Formateo y reinstalación,55.25
2557,Laptop,1,0,0,0,0,0,0,0,0,0,0,0,0,0,0,0,0,0,Falla de software,Formateo y reinstalación,56.18
2558,PC de escritorio,0,0,0,0,0,0,0,0,0,0,0,0,1,0,0,0,0,0,Falla de software,Formateo y reinstalación,43.53
2559,Laptop,1,0,0,0,0,0,1,0,0,0,0,0,1,0,0,0,0,0,Falla de software,Formateo y reinstalación,56.68
2560,Laptop,1,0,0,0,1,0,0,0,0,0,0,0,0,1,0,0,0,0,Falla de software,Formateo y reinstalación,40.77
2561,PC de escritorio,1,0,0,0,1,0,1,0,0,0,0,0,0,1,0,0,0,0,Falla de software,Formateo y reinstalación,52.04
2562,PC de escritorio,1,0,0,1,1,0,0,0,0,0,0,0,1,1,0,1,0,0,Falla de software,Formateo y reinstalación,43.91
2563,PC de escritorio,1,0,0,0,0,0,0,0,0,0,1,0,0,1,0,0,0,0,Falla de software,Formateo y reinstalación,58.21
2564,PC de escritorio,1,0,0,1,1,0,1,0,0,0,0,0,0,0,0,0,0,0,Falla de software,Formateo y reinstalación,50.1
2565,PC de escritorio,1,0,0,0,1,0,0,0,0,0,0,1,1,1,0,0,0,0,Falla de software,Formateo y reinstalación,47.09
2566,Laptop,1,0,0,0,1,0,0,0,1,0,0,0,1,1,0,0,0,0,Falla de software,Formateo y reinstalación,53.41
2567,Laptop,1,0,0,0,1,0,0,0,0,0,0,1,0,1,0,0,1,0,Falla de software,Formateo y reinstalación,45.07
2568,Laptop,1,0,0,0,1,0,0,0,0,0,0,0,0,1,0,0,0,0,Falla de software,Formateo y reinstalación,51.19
2569,Laptop,1,0,0,0,1,0,1,0,0,0,0,0,1,0,0,1,0,0,Falla de software,Formateo y reinstalación,59.82
2570,Laptop,1,0,0,0,1,0,0,0,0,0,1,0,0,0,0,0,1,0,Falla de software,Formateo y reinstalación,51.33
2571,PC de escritorio,1,0,0,0,1,0,0,0,0,0,0,0,1,0,0,0,0,0,Falla de software,Formateo y reinstalación,43.24
2572,Laptop,1,0,0,0,0,0,0,0,0,0,0,0,1,0,0,0,0,0,Falla de software,Formateo y reinstalación,40.91
2573,Laptop,1,0,0,0,1,0,1,0,0,0,0,0,0,1,0,0,0,0,Falla de software,Formateo y reinstalación,57.5
2574,PC de escritorio,1,0,0,0,0,0,0,0,0,0,0,0,1,1,0,0,0,0,Falla de software,Formateo y reinstalación,54.15
2575,PC de escritorio,1,0,0,1,0,0,1,0,0,0,1,0,1,1,0,0,0,1,Falla de software,Formateo y reinstalación,45.75
2576,Laptop,1,0,0,0,0,0,0,0,1,0,0,0,1,1,1,1,0,0,Falla de software,Formateo y reinstalación,44.33
2577,Laptop,1,0,0,0,0,0,0,0,0,0,0,0,1,0,0,0,0,0,Falla de software,Formateo y reinstalación,57.75
2578,PC de escritorio,1,0,0,0,1,0,1,0,0,0,0,0,0,0,0,0,0,1,Falla de software,Formateo y reinstalación,46.36
2579,Laptop,1,0,0,0,1,0,1,0,0,0,0,0,1,1,0,1,0,0,Falla de software,Formateo y reinstalación,50.29
2580,PC de escritorio,1,0,0,0,1,0,0,0,1,0,0,0,1,1,0,1,0,1,Falla de software,Formateo y reinstalación,43.2
2581,Laptop,1,0,0,0,0,0,1,0,0,0,0,0,0,0,0,0,0,0,Falla de software,Formateo y reinstalación,43.29
2582,PC de escritorio,1,0,0,0,1,0,0,0,0,0,0,0,0,1,0,0,0,0,Falla de software,Formateo y reinstalación,53.55
2583,Laptop,1,0,0,0,0,0,1,0,0,0,1,0,1,0,0,0,0,0,Falla de software,Formateo y reinstalación,42.75
2584,PC de escritorio,1,0,0,0,1,0,0,0,0,0,0,0,1,0,0,0,0,0,Falla de software,Formateo y reinstalación,44.09
2585,PC de escritorio,0,0,0,0,1,0,0,0,0,0,0,0,1,1,0,0,0,0,Falla de software,Formateo y reinstalación,51.56
2586,Laptop,1,0,0,0,1,0,1,0,0,0,1,0,1,1,1,0,1,0,Falla de software,Formateo y reinstalación,57.22
2587,Laptop,1,0,0,0,1,0,0,0,0,0,0,0,1,1,0,0,0,0,Falla de software,Formateo y reinstalación,53.45
2588,Laptop,1,0,0,0,1,0,0,0,0,0,0,0,0,0,0,1,0,0,Falla de software,Formateo y reinstalación,58.38
2589,Laptop,1,0,0,1,0,0,0,0,0,0,0,0,1,0,0,0,0,0,Falla de software,Formateo y reinstalación,46.44
2590,PC de escritorio,1,0,0,0,0,0,1,0,0,0,0,0,1,0,0,0,0,0,Falla de software,Formateo y reinstalación,50.92
2591,PC de escritorio,1,0,0,0,1,1,0,0,0,0,0,1,1,1,0,0,1,0,Falla de software,Formateo y reinstalación,59.93
2592,Laptop,1,1,0,1,1,0,0,0,0,0,1,0,0,0,0,0,1,0,Falla de software,Formateo y reinstalación,51.46
2593,PC de escritorio,1,0,0,0,1,0,0,0,0,0,0,0,1,0,0,0,0,0,Falla de software,Formateo y reinstalación,44.09
2594,Laptop,1,0,1,0,1,1,0,0,0,1,0,0,0,0,0,1,0,0,Falla de software,Formateo y reinstalación,43.92
2595,Laptop,1,0,0,0,1,0,0,0,0,0,0,0,0,0,0,0,0,0,Falla de software,Formateo y reinstalación,52.42
2596,PC de escritorio,1,0,0,0,1,0,0,0,0,0,0,0,0,0,0,0,0,0,Falla de software,Formateo y reinstalación,55.38
2597,Laptop,1,1,0,0,1,0,0,1,0,0,0,0,1,0,1,0,0,0,Falla de software,Formateo y reinstalación,46.26
2598,Laptop,1,0,0,0,0,0,1,1,0,0,0,0,1,0,0,0,1,0,Falla de software,Formateo y reinstalación,42.2
2599,PC de escritorio,1,0,0,0,1,1,1,0,0,0,0,0,0,0,0,0,0,0,Falla de software,Formateo y reinstalación,52.21
2600,Laptop,1,0,0,0,1,0,1,0,0,0,0,0,0,0,0,0,0,0,Falla de software,Formateo y reinstalación,44.94
2601,PC de escritorio,1,0,0,0,0,0,0,0,0,0,0,0,0,0,0,0,0,0,Falla de software,Formateo y reinstalación,52.11
2602,Laptop,1,0,0,0,0,0,0,0,0,0,0,0,0,0,0,0,0,0,Falla de software,Formateo y reinstalación,47.61
2603,Laptop,1,0,0,0,1,0,0,0,0,0,0,0,0,1,0,0,0,0,Falla de software,Formateo y reinstalación,47.14
2604,Laptop,1,0,0,0,1,0,1,0,0,0,0,0,1,1,0,0,0,0,Falla de software,Formateo y reinstalación,42.23
2605,PC de escritorio,1,0,0,0,1,0,0,0,0,0,0,0,1,1,0,0,0,0,Falla de software,Formateo y reinstalación,50.31
2606,Laptop,1,0,0,0,1,0,0,0,0,0,0,0,1,1,0,0,0,0,Falla de software,Formateo y reinstalación,46.13
2607,PC de escritorio,0,0,0,0,0,0,0,0,0,0,0,0,0,1,0,0,1,0,Falla de software,Formateo y reinstalación,57.21
2608,Laptop,1,0,0,0,1,0,0,0,0,0,0,0,0,0,0,0,0,0,Falla de software,Formateo y reinstalación,49.24
2609,Laptop,1,0,0,0,1,0,0,0,0,0,0,0,1,0,0,0,0,0,Falla de software,Formateo y reinstalación,40.3
2610,PC de escritorio,1,0,0,1,1,0,0,1,0,0,0,1,0,0,0,0,0,0,Falla de software,Formateo y reinstalación,50.81
2611,Laptop,1,0,0,0,1,0,0,0,0,1,0,0,1,1,0,1,0,0,Falla de software,Formateo y reinstalación,40.29
2612,PC de escritorio,1,0,0,0,1,0,0,0,0,0,0,0,0,1,0,0,0,0,Falla de software,Formateo y reinstalación,44.87
2613,Laptop,1,1,1,0,1,0,0,0,0,0,0,0,0,1,0,1,1,0,Falla de software,Formateo y reinstalación,59.65
2614,PC de escritorio,1,0,0,0,0,0,0,0,0,0,0,0,1,0,0,0,0,0,Falla de software,Formateo y reinstalación,40.31
2615,PC de escritorio,0,0,0,0,1,0,0,0,0,0,0,0,0,0,0,1,0,0,Falla de software,Formateo y reinstalación,41.9
2616,Laptop,1,0,0,0,1,0,0,0,0,0,0,0,0,0,0,0,0,0,Falla de software,Formateo y reinstalación,59.42
2617,Laptop,1,0,0,1,1,0,0,0,0,1,0,1,1,0,0,0,1,0,Falla de software,Formateo y reinstalación,50.49
2618,PC de escritorio,1,0,0,0,0,0,0,0,0,0,0,0,0,1,0,0,0,0,Falla de software,Formateo y reinstalación,41.67
2619,Laptop,1,0,0,0,1,0,0,0,0,0,0,0,0,0,0,0,0,0,Falla de software,Formateo y reinstalación,57.89
2620,PC de escritorio,1,0,0,0,0,0,0,0,0,0,0,1,0,0,0,1,0,0,Falla de software,Formateo y reinstalación,48.91
2621,PC de escritorio,0,0,0,0,1,0,0,0,0,0,0,0,0,0,0,0,0,1,Falla de software,Formateo y reinstalación,56.41
2622,PC de escritorio,1,0,0,0,0,0,1,0,0,0,0,0,1,0,0,0,0,0,Falla de software,Formateo y reinstalación,43.83
2623,Laptop,1,0,0,0,1,0,0,0,0,0,0,0,0,0,0,0,0,0,Falla de software,Formateo y reinstalación,45.34
2624,PC de escritorio,1,0,0,0,0,0,0,0,0,0,0,0,1,1,0,0,0,0,Falla de software,Formateo y reinstalación,59.18
2625,Laptop,1,0,0,0,1,0,0,0,0,0,0,0,0,0,0,1,0,0,Falla de software,Formateo y reinstalación,52.72
2626,PC de escritorio,1,0,0,0,1,1,0,0,0,1,0,0,0,1,0,0,0,0,Falla de software,Formateo y reinstalación,44.63
2627,Laptop,1,0,0,0,1,0,0,0,0,0,0,0,0,1,0,0,0,0,Falla de software,Formateo y reinstalación,45.7
2628,PC de escritorio,1,0,0,0,1,0,0,0,0,0,0,0,0,1,0,0,0,0,Falla de software,Formateo y reinstalación,47.5
2629,Laptop,1,0,0,0,1,0,1,0,0,0,0,0,0,1,0,0,0,0,Falla de software,Formateo y reinstalación,55.68
2630,PC de escritorio,1,0,0,0,0,0,0,0,0,0,0,0,1,1,0,0,0,0,Falla de software,Formateo y reinstalación,55.45
2631,Laptop,1,0,0,0,1,0,1,0,1,0,0,0,1,0,0,0,1,0,Falla de software,Formateo y reinstalación,46.06
2632,PC de escritorio,1,0,0,0,1,0,0,0,0,0,0,0,0,0,0,1,0,0,Falla de software,Formateo y reinstalación,47.76
2633,PC de escritorio,1,0,0,0,0,0,0,1,0,0,0,0,1,1,0,0,0,0,Falla de software,Formateo y reinstalación,59.15
2634,Laptop,0,0,0,0,1,0,0,0,0,0,0,0,1,1,0,0,0,0,Falla de software,Formateo y reinstalación,57.74
2635,PC de escritorio,1,0,0,0,0,0,0,0,0,0,0,0,1,0,1,0,0,0,Falla de software,Formateo y reinstalación,40.27
2636,PC de escritorio,0,0,0,0,1,0,1,0,0,0,0,0,0,0,0,0,0,0,Falla de software,Formateo y reinstalación,46.15
2637,Laptop,1,0,0,0,1,0,1,1,0,0,1,0,0,1,0,0,0,0,Falla de software,Formateo y reinstalación,59.96
2638,Laptop,1,0,1,0,0,0,0,0,0,0,0,0,0,0,0,1,1,0,Falla de software,Formateo y reinstalación,43.52
2639,PC de escritorio,1,1,0,0,1,0,1,0,1,1,0,0,0,0,1,0,0,0,Falla de software,Formateo y reinstalación,58.02
2640,Laptop,0,0,0,0,0,0,0,0,1,0,0,0,0,1,0,0,0,0,Falla de software,Formateo y reinstalación,53.52
2641,PC de escritorio,0,0,0,0,0,0,0,0,0,0,0,0,0,0,0,0,0,0,Falla de software,Formateo y reinstalación,47.74
2642,Laptop,1,0,0,0,0,0,0,0,0,0,0,0,0,0,0,0,0,0,Falla de software,Formateo y reinstalación,43.78
2643,Laptop,0,0,0,0,0,0,0,0,0,0,0,0,1,0,0,0,0,0,Falla de software,Formateo y reinstalación,43.26
2644,Laptop,1,0,0,0,0,0,0,0,0,0,0,0,1,0,0,0,0,0,Falla de software,Formateo y reinstalación,57.79
2645,PC de escritorio,0,0,0,0,0,0,0,0,0,0,0,0,0,0,0,0,0,0,Falla de software,Formateo y reinstalación,46.4
2646,Laptop,0,0,0,0,0,0,0,0,0,0,0,0,1,0,0,0,0,0,Falla de software,Formateo y reinstalación,41.31
2647,PC de escritorio,1,0,0,0,1,0,0,1,1,0,0,1,0,1,0,0,0,0,Falla de software,Formateo y reinstalación,55.07
2648,Laptop,1,0,0,0,1,0,1,0,0,0,0,1,1,0,0,1,0,0,Falla de software,Formateo y reinstalación,54.94
2649,PC de escritorio,1,0,0,0,1,0,0,0,0,0,0,0,0,1,0,0,0,0,Falla de software,Formateo y reinstalación,41.33
2650,Laptop,1,0,0,0,1,0,0,0,0,0,0,0,0,1,0,0,0,0,Falla de software,Formateo y reinstalación,41.73
2651,PC de escritorio,1,0,1,0,1,0,1,0,0,0,0,0,1,0,0,0,0,0,Falla de software,Formateo y reinstalación,56.5
2652,PC de escritorio,1,0,0,0,0,0,0,0,0,0,0,0,1,0,0,1,0,0,Falla de software,Formateo y reinstalación,49.69
2653,PC de escritorio,1,0,0,0,1,0,0,0,1,0,0,0,1,0,0,0,0,0,Falla de software,Formateo y reinstalación,40.36
2654,PC de escritorio,1,0,0,0,1,0,0,0,0,0,0,0,0,0,0,0,0,0,Falla de software,Formateo y reinstalación,49.24
2655,Laptop,1,0,0,0,1,0,1,0,1,0,0,0,0,0,0,1,0,0,Falla de software,Formateo y reinstalación,54.81
2656,PC de escritorio,1,0,0,0,1,0,0,0,0,0,0,0,0,0,0,0,0,0,Falla de software,Formateo y reinstalación,55.8
2657,PC de escritorio,1,0,0,0,0,0,0,0,0,0,0,0,0,0,0,0,0,0,Falla de software,Formateo y reinstalación,52.8
2658,PC de escritorio,1,0,0,0,1,0,1,0,0,0,0,0,1,0,0,0,0,0,Falla de software,Formateo y reinstalación,46.25
2659,Laptop,1,0,0,0,0,0,0,0,0,0,0,0,1,1,0,0,0,0,Falla de software,Formateo y reinstalación,44.82
2660,PC de escritorio,1,0,0,0,0,0,1,0,0,0,0,0,0,1,0,0,0,0,Falla de software,Formateo y reinstalación,56.38
2661,Laptop,1,0,0,0,0,0,1,0,1,0,0,0,1,1,0,0,0,0,Falla de software,Formateo y reinstalación,50.2
2662,PC de escritorio,1,0,0,0,1,0,0,0,0,0,0,0,0,0,0,0,0,0,Falla de software,Formateo y reinstalación,49.09
2663,PC de escritorio,1,0,0,0,0,0,0,0,0,0,0,0,0,0,0,0,0,0,Falla de software,Formateo y reinstalación,40.93
2664,Laptop,1,1,0,0,1,0,0,0,0,1,0,1,1,1,0,0,1,0,Falla de software,Formateo y reinstalación,49.53
2665,PC de escritorio,1,0,0,0,1,0,0,0,0,0,0,0,1,1,0,0,0,0,Falla de software,Formateo y reinstalación,50.19
2666,Laptop,0,0,0,0,1,0,0,0,0,0,0,0,1,0,0,0,0,0,Falla de software,Formateo y reinstalación,53.61
2667,Laptop,1,0,0,0,1,0,0,0,0,0,0,0,1,1,0,0,0,0,Falla de software,Formateo y reinstalación,45.49
2668,PC de escritorio,1,0,1,0,0,0,1,0,0,1,0,0,0,1,0,0,0,0,Falla de software,Formateo y reinstalación,49.16
2669,PC de escritorio,1,0,0,0,1,0,0,0,0,0,0,0,0,0,0,0,0,1,Falla de software,Formateo y reinstalación,40.49
2670,PC de escritorio,1,0,0,0,0,0,0,0,0,0,0,0,0,1,1,0,0,0,Falla de software,Formateo y reinstalación,59.64
2671,Laptop,1,0,0,0,1,0,0,0,0,0,0,0,1,0,1,0,0,0,Falla de software,Formateo y reinstalación,44.66
2672,PC de escritorio,1,0,1,0,1,0,1,1,1,0,1,0,1,0,0,0,0,0,Falla de software,Formateo y reinstalación,51.18
2673,Laptop,0,0,0,1,0,0,1,0,0,0,0,0,0,1,0,0,0,0,Falla de software,Formateo y reinstalación,45.81
2674,PC de escritorio,1,0,0,0,1,0,0,1,0,0,1,0,1,1,0,0,0,0,Falla de software,Formateo y reinstalación,51.68
2675,PC de escritorio,1,0,0,1,1,0,1,0,0,0,0,0,1,1,0,0,0,0,Falla de software,Formateo y reinstalación,46.88
2676,PC de escritorio,1,0,0,0,0,0,1,0,0,0,0,0,0,0,0,0,0,0,Falla de software,Formateo y reinstalación,56.52
2677,Laptop,1,0,0,0,0,0,1,0,0,1,0,0,1,1,0,1,0,1,Falla de software,Formateo y reinstalación,48.16
2678,Laptop,1,0,0,0,0,0,1,0,0,0,0,0,0,0,0,1,0,0,Falla de software,Formateo y reinstalación,59.24
2679,PC de escritorio,1,0,0,0,1,0,0,0,0,0,0,0,0,0,0,0,0,0,Falla de software,Formateo y reinstalación,59.36
2680,PC de escritorio,1,1,1,0,1,0,0,0,0,0,0,0,0,1,0,0,1,0,Falla de software,Formateo y reinstalación,52.8
2681,Laptop,1,0,0,0,1,0,0,0,0,0,0,0,0,0,0,0,0,0,SO incompatible,Reinstalación con SO compatible,59.2
2682,Laptop,1,0,0,1,1,0,0,0,0,0,0,0,0,0,0,0,0,1,SO incompatible,Reinstalación con SO compatible,48.4
2683,PC de escritorio,0,0,0,0,0,0,0,0,0,0,0,0,0,0,0,0,0,0,SO incompatible,Reinstalación con SO compatible,40.46
2684,Laptop,1,0,0,0,0,0,0,0,0,0,0,0,0,0,0,0,0,0,SO incompatible,Reinstalación con SO compatible,40.9
2685,PC de escritorio,1,0,0,1,0,1,0,1,0,0,0,0,0,0,1,1,0,1,SO incompatible,Reinstalación con SO compatible,40.04
2686,Laptop,1,0,0,0,1,0,1,0,1,0,0,0,0,1,0,1,0,1,SO incompatible,Reinstalación con SO compatible,55.97
2687,Laptop,1,0,0,0,0,0,0,0,0,0,0,0,0,0,0,1,0,1,SO incompatible,Reinstalación con SO compatible,51.72
2688,Laptop,1,0,0,1,1,0,0,0,0,0,1,0,0,1,0,1,0,1,SO incompatible,Reinstalación con SO compatible,59.5
2689,Laptop,1,0,0,0,1,0,0,0,0,0,0,0,0,1,0,1,0,1,SO incompatible,Reinstalación con SO compatible,58.25
2690,Laptop,1,0,0,0,0,0,0,0,0,0,0,1,0,0,0,0,0,0,SO incompatible,Reinstalación con SO compatible,49.42
2691,Laptop,1,0,0,1,1,0,0,0,0,0,0,0,0,0,0,1,0,1,SO incompatible,Reinstalación con SO compatible,45.33
2692,Laptop,1,0,0,0,1,0,0,0,0,0,0,0,0,0,0,0,0,1,SO incompatible,Reinstalación con SO compatible,44.01
2693,Laptop,1,0,0,0,0,0,0,0,0,0,0,0,0,0,0,0,0,1,SO incompatible,Reinstalación con SO compatible,50.14
2694,PC de escritorio,1,0,0,0,0,0,0,0,0,0,0,0,0,0,0,0,0,0,SO incompatible,Reinstalación con SO compatible,50.74
2695,PC de escritorio,1,0,0,0,1,0,0,0,0,0,0,0,0,0,0,0,0,0,SO incompatible,Reinstalación con SO compatible,40.86
2696,Laptop,1,0,0,0,0,0,0,1,0,0,0,0,0,0,0,1,0,1,SO incompatible,Reinstalación con SO compatible,54.33
2697,Laptop,1,0,0,0,1,0,0,0,0,0,0,0,0,1,0,1,0,1,SO incompatible,Reinstalación con SO compatible,45.2
2698,Laptop,1,0,0,0,0,0,0,0,0,0,0,0,0,0,0,0,0,1,SO incompatible,Reinstalación con SO compatible,49.24
2699,PC de escritorio,1,0,0,0,0,0,0,0,1,1,0,0,1,0,0,0,0,0,SO incompatible,Reinstalación con SO compatible,44.66
2700,Laptop,1,0,0,0,0,0,0,0,0,0,0,0,0,0,0,0,0,1,SO incompatible,Reinstalación con SO compatible,44.99
2701,Laptop,1,0,0,0,1,0,0,0,0,0,0,0,0,0,0,0,0,1,SO incompatible,Reinstalación con SO compatible,51.35
2702,PC de escritorio,1,0,0,0,1,0,0,0,0,0,0,0,0,0,0,0,0,0,SO incompatible,Reinstalación con SO compatible,46.93
2703,Laptop,1,0,0,0,0,0,0,0,0,0,0,0,0,0,0,0,0,0,SO incompatible,Reinstalación con SO compatible,40.48
2704,PC de escritorio,1,0,0,0,1,0,0,0,0,0,0,0,0,0,0,0,0,1,SO incompatible,Reinstalación con SO compatible,58.59
2705,Laptop,1,0,1,0,0,1,0,0,0,0,0,0,0,0,1,0,0,1,SO incompatible,Reinstalación con SO compatible,53.42
2706,PC de escritorio,1,0,0,0,0,0,0,0,0,0,0,1,0,0,0,0,0,0,SO incompatible,Reinstalación con SO compatible,59.61
2707,Laptop,1,0,0,1,0,0,0,0,1,0,0,0,0,0,0,0,0,1,SO incompatible,Reinstalación con SO compatible,53.67
2708,PC de escritorio,1,0,0,0,0,0,0,0,0,0,0,0,0,1,0,0,0,1,SO incompatible,Reinstalación con SO compatible,49.11
2709,Laptop,1,0,0,0,1,1,0,0,0,0,0,1,0,1,0,1,0,1,SO incompatible,Reinstalación con SO compatible,47.39
2710,Laptop,1,0,0,0,0,0,0,0,0,0,0,0,0,1,0,0,0,1,SO incompatible,Reinstalación con SO compatible,46.66
2711,Laptop,1,0,0,0,1,0,0,0,0,0,0,0,0,0,0,0,0,0,SO incompatible,Reinstalación con SO compatible,54.73
2712,PC de escritorio,1,0,0,0,1,0,0,0,0,0,0,0,0,1,0,0,0,1,SO incompatible,Reinstalación con SO compatible,52.69
2713,Laptop,1,0,0,0,1,0,0,0,0,0,0,0,0,1,0,0,0,0,SO incompatible,Reinstalación con SO compatible,45.06
2714,Laptop,1,0,0,0,0,0,0,0,0,0,0,0,0,0,0,0,0,0,SO incompatible,Reinstalación con SO compatible,55.03
2715,Laptop,1,0,0,1,1,0,0,1,0,0,0,0,0,1,0,1,0,0,SO incompatible,Reinstalación con SO compatible,45.18
2716,PC de escritorio,1,0,0,0,0,0,0,0,0,0,0,0,0,0,0,0,0,1,SO incompatible,Reinstalación con SO compatible,54.72
2717,Laptop,1,0,0,0,0,0,0,0,0,0,0,0,0,0,0,0,0,1,SO incompatible,Reinstalación con SO compatible,57.54
2718,PC de escritorio,1,0,0,0,0,0,0,0,0,0,0,0,0,0,0,0,0,0,SO incompatible,Reinstalación con SO compatible,58.16
2719,Laptop,1,0,0,0,1,0,0,0,0,0,0,1,1,1,0,1,0,1,SO incompatible,Reinstalación con SO compatible,54.64
2720,PC de escritorio,1,0,0,0,1,0,0,1,0,0,0,0,0,0,0,0,0,1,SO incompatible,Reinstalación con SO compatible,51.79
2721,PC de escritorio,1,0,0,0,1,0,0,0,0,0,0,0,0,0,0,0,0,0,SO incompatible,Reinstalación con SO compatible,43.0
2722,Laptop,0,0,0,0,0,0,0,0,0,0,0,0,0,0,0,0,0,0,SO incompatible,Reinstalación con SO compatible,41.05
2723,PC de escritorio,1,0,0,0,0,0,0,0,0,0,0,0,0,0,0,1,1,1,SO incompatible,Reinstalación con SO compatible,57.43
2724,PC de escritorio,1,0,0,0,0,0,0,0,0,0,0,0,0,0,0,1,1,1,SO incompatible,Reinstalación con SO compatible,40.67
2725,PC de escritorio,0,0,0,0,0,0,0,0,0,0,0,0,0,0,0,0,0,1,SO incompatible,Reinstalación con SO compatible,47.5
2726,PC de escritorio,1,0,0,0,1,0,0,0,0,0,0,0,0,0,0,0,0,1,SO incompatible,Reinstalación con SO compatible,44.53
2727,Laptop,1,0,0,0,0,0,0,0,0,0,0,0,0,1,0,0,0,0,SO incompatible,Reinstalación con SO compatible,52.68
2728,PC de escritorio,1,0,0,0,0,0,0,0,0,0,0,0,0,0,0,0,0,1,SO incompatible,Reinstalación con SO compatible,57.31
2729,PC de escritorio,1,0,0,0,1,0,0,0,0,0,1,0,0,0,0,0,0,1,SO incompatible,Reinstalación con SO compatible,58.25
2730,PC de escritorio,1,0,1,0,1,0,0,0,0,1,0,1,0,0,0,0,0,1,SO incompatible,Reinstalación con SO compatible,55.57
2731,Laptop,1,0,0,0,0,0,0,0,0,0,0,0,0,0,0,0,0,1,SO incompatible,Reinstalación con SO compatible,58.23
2732,Laptop,1,0,0,0,1,0,0,0,0,0,0,0,0,1,0,0,0,1,SO incompatible,Reinstalación con SO compatible,50.4
2733,PC de escritorio,0,0,0,0,0,0,0,0,0,0,0,0,0,0,0,0,0,1,SO incompatible,Reinstalación con SO compatible,58.72
2734,PC de escritorio,1,0,0,0,0,0,0,0,0,0,0,0,0,0,0,0,0,1,SO incompatible,Reinstalación con SO compatible,55.38
2735,Laptop,1,0,0,0,0,0,0,0,0,0,0,0,0,0,0,0,0,0,SO incompatible,Reinstalación con SO compatible,45.1
2736,Laptop,1,1,0,0,1,0,0,0,0,0,0,0,1,0,0,0,0,0,SO incompatible,Reinstalación con SO compatible,41.73
2737,PC de escritorio,1,0,0,0,1,0,0,0,0,0,0,0,0,0,1,0,0,1,SO incompatible,Reinstalación con SO compatible,56.93
2738,Laptop,1,0,0,0,0,0,0,1,0,0,0,0,0,1,0,0,0,1,SO incompatible,Reinstalación con SO compatible,43.15
2739,PC de escritorio,1,0,0,0,0,0,0,0,0,0,0,0,0,1,0,1,0,1,SO incompatible,Reinstalación con SO compatible,41.1
2740,PC de escritorio,1,0,0,0,1,0,0,0,0,0,0,0,0,1,0,0,0,1,SO incompatible,Reinstalación con SO compatible,44.28
2741,PC de escritorio,1,0,0,0,0,0,0,0,0,0,0,0,0,0,0,0,1,1,SO incompatible,Reinstalación con SO compatible,56.78
2742,Laptop,1,0,0,0,0,0,0,0,0,0,0,0,0,0,0,0,0,1,SO incompatible,Reinstalación con SO compatible,59.45
2743,PC de escritorio,1,1,0,0,1,0,1,0,1,1,1,0,0,0,0,0,1,1,SO incompatible,Reinstalación con SO compatible,42.13
2744,PC de escritorio,1,0,1,0,0,0,1,0,0,0,0,0,0,1,0,0,1,1,SO incompatible,Reinstalación con SO compatible,40.18
2745,PC de escritorio,1,0,0,0,1,0,0,0,1,0,1,0,0,1,0,0,0,1,SO incompatible,Reinstalación con SO compatible,42.27
2746,Laptop,0,0,0,0,0,0,0,0,0,0,0,0,0,0,0,0,0,1,SO incompatible,Reinstalación con SO compatible,47.96
2747,Laptop,1,0,0,0,0,0,0,0,0,0,0,0,0,1,0,0,0,0,SO incompatible,Reinstalación con SO compatible,51.64
2748,PC de escritorio,1,0,0,0,0,0,0,0,0,0,0,0,0,1,0,0,0,1,SO incompatible,Reinstalación con SO compatible,49.26
2749,Laptop,1,0,0,0,1,0,1,1,0,0,0,1,0,1,0,0,0,1,SO incompatible,Reinstalación con SO compatible,43.54
2750,Laptop,1,0,0,0,0,0,0,0,0,0,0,0,1,1,0,1,0,0,SO incompatible,Reinstalación con SO compatible,47.66
2751,Laptop,1,0,0,0,1,0,0,0,0,0,0,0,0,0,0,1,0,0,SO incompatible,Reinstalación con SO compatible,49.52
2752,Laptop,1,0,0,0,0,0,0,0,0,0,0,0,0,1,0,0,0,0,SO incompatible,Reinstalación con SO compatible,53.37
2753,Laptop,1,0,0,0,1,0,0,0,0,1,0,0,1,0,0,0,1,1,SO incompatible,Reinstalación con SO compatible,51.54
2754,Laptop,1,0,0,0,0,0,0,0,0,0,0,0,0,0,0,0,0,0,SO incompatible,Reinstalación con SO compatible,55.09
2755,Laptop,1,0,0,0,0,0,0,0,0,0,0,0,0,0,0,1,0,1,SO incompatible,Reinstalación con SO compatible,59.01
2756,Laptop,1,0,0,0,0,0,0,0,0,0,0,0,0,0,0,0,0,0,SO incompatible,Reinstalación con SO compatible,56.2
2757,Laptop,1,0,0,0,1,1,0,0,0,0,1,0,1,1,0,0,0,1,SO incompatible,Reinstalación con SO compatible,49.25
2758,PC de escritorio,1,0,0,1,1,0,0,0,1,0,0,0,0,0,0,1,0,1,SO incompatible,Reinstalación con SO compatible,52.14
2759,PC de escritorio,1,0,0,0,0,0,0,0,0,0,0,0,0,0,0,0,0,1,SO incompatible,Reinstalación con SO compatible,43.25
2760,PC de escritorio,0,0,0,0,0,0,0,0,0,0,0,0,0,0,0,0,0,1,SO incompatible,Reinstalación con SO compatible,57.34
2761,PC de escritorio,0,0,0,0,0,0,0,0,0,0,0,0,1,0,0,0,0,1,SO incompatible,Reinstalación con SO compatible,41.78
2762,PC de escritorio,1,0,0,0,0,0,0,0,0,0,0,0,0,0,0,0,0,1,SO incompatible,Reinstalación con SO compatible,52.09
2763,Laptop,1,0,0,0,1,0,0,0,0,0,0,0,0,1,0,0,0,1,SO incompatible,Reinstalación con SO compatible,45.86
2764,PC de escritorio,1,0,0,0,0,0,0,0,0,0,0,0,0,0,0,1,0,1,SO incompatible,Reinstalación con SO compatible,58.8
2765,Laptop,1,0,0,0,0,0,0,0,0,0,0,0,0,0,0,0,0,1,SO incompatible,Reinstalación con SO compatible,59.44
2766,Laptop,1,1,0,0,0,0,0,0,0,0,0,0,0,1,0,1,0,1,SO incompatible,Reinstalación con SO compatible,45.84
2767,PC de escritorio,1,0,0,0,0,0,0,0,0,0,0,0,0,0,0,0,0,0,SO incompatible,Reinstalación con SO compatible,53.14
2768,PC de escritorio,1,0,0,0,1,0,0,0,0,0,0,0,0,1,0,0,0,0,SO incompatible,Reinstalación con SO compatible,53.48
2769,PC de escritorio,1,0,0,0,1,1,0,0,1,0,0,0,0,0,1,0,0,1,SO incompatible,Reinstalación con SO compatible,59.9
2770,PC de escritorio,1,0,0,0,0,0,0,0,0,0,0,0,0,0,0,0,0,1,SO incompatible,Reinstalación con SO compatible,47.25
2771,Laptop,1,0,0,0,1,0,0,0,0,0,0,0,0,0,0,1,0,1,SO incompatible,Reinstalación con SO compatible,58.95
2772,Laptop,1,0,0,0,0,0,0,0,0,0,0,0,0,0,0,0,0,1,SO incompatible,Reinstalación con SO compatible,59.99
2773,Laptop,1,0,0,0,0,0,0,0,0,0,0,0,0,0,0,0,0,1,SO incompatible,Reinstalación con SO compatible,54.61
2774,Laptop,1,0,0,0,0,0,0,0,0,0,0,0,0,0,0,1,1,1,SO incompatible,Reinstalación con SO compatible,53.52
2775,Laptop,1,0,0,0,1,0,1,0,0,0,0,0,0,0,0,0,0,1,SO incompatible,Reinstalación con SO compatible,53.72
2776,Laptop,1,0,0,0,0,0,0,0,0,0,0,0,0,0,0,0,0,1,SO incompatible,Reinstalación con SO compatible,49.01
2777,Laptop,1,0,0,0,0,0,0,0,0,0,0,1,0,0,0,0,0,0,SO incompatible,Reinstalación con SO compatible,50.11
2778,PC de escritorio,1,0,0,0,1,0,0,0,0,0,0,0,0,0,0,1,0,0,SO incompatible,Reinstalación con SO compatible,49.91
2779,PC de escritorio,0,0,0,0,0,0,0,0,0,0,0,0,0,1,0,0,1,0,SO incompatible,Reinstalación con SO compatible,49.8
2780,PC de escritorio,1,0,0,0,0,0,0,0,0,0,0,0,0,0,0,0,0,1,SO incompatible,Reinstalación con SO compatible,48.44
2781,Laptop,0,0,0,0,0,0,0,0,0,0,0,0,0,0,0,0,0,0,SO incompatible,Reinstalación con SO compatible,48.59
2782,Laptop,0,0,0,0,0,0,0,0,0,0,0,0,0,0,0,0,0,1,SO incompatible,Reinstalación con SO compatible,40.05
2783,PC de escritorio,1,0,0,0,0,0,0,0,0,0,0,0,0,0,0,0,0,1,SO incompatible,Reinstalación con SO compatible,58.79
2784,Laptop,1,0,0,0,1,0,0,0,0,0,0,1,0,1,0,0,0,1,SO incompatible,Reinstalación con SO compatible,52.67
2785,Laptop,1,0,0,0,0,0,0,0,0,0,0,0,0,1,0,0,0,0,SO incompatible,Reinstalación con SO compatible,42.29
2786,Laptop,1,0,0,0,0,0,0,0,0,0,0,0,0,1,0,0,0,1,SO incompatible,Reinstalación con SO compatible,41.34
2787,Laptop,1,0,0,0,1,1,0,0,0,0,0,0,0,1,1,0,0,0,SO incompatible,Reinstalación con SO compatible,57.71
2788,Laptop,1,0,0,0,0,0,0,0,0,0,0,0,0,0,0,0,0,1,SO incompatible,Reinstalación con SO compatible,58.48
2789,Laptop,1,0,0,0,0,0,0,0,0,0,0,0,0,0,0,0,0,0,SO incompatible,Reinstalación con SO compatible,45.71
2790,PC de escritorio,1,0,0,0,0,0,0,0,0,0,0,0,0,0,0,0,0,1,SO incompatible,Reinstalación con SO compatible,54.4
2791,PC de escritorio,1,1,0,0,1,1,0,0,0,0,1,0,0,0,0,1,0,1,SO incompatible,Reinstalación con SO compatible,47.34
2792,PC de escritorio,1,0,0,0,1,1,0,0,0,0,1,0,0,1,0,0,0,1,SO incompatible,Reinstalación con SO compatible,45.42
2793,PC de escritorio,1,0,0,0,0,1,0,0,0,0,1,0,0,0,0,0,1,1,SO incompatible,Reinstalación con SO compatible,58.79
2794,Laptop,1,0,0,0,1,0,0,0,0,0,0,0,0,0,0,1,0,0,SO incompatible,Reinstalación con SO compatible,55.6
2795,PC de escritorio,1,0,0,0,1,0,0,0,0,0,0,0,0,0,0,0,0,1,SO incompatible,Reinstalación con SO compatible,45.9
2796,Laptop,1,0,0,0,1,0,0,0,0,0,0,0,0,0,0,0,0,0,SO incompatible,Reinstalación con SO compatible,55.68
2797,Laptop,1,1,0,0,0,0,0,0,0,0,0,0,0,0,0,0,0,0,SO incompatible,Reinstalación con SO compatible,59.74
2798,PC de escritorio,1,0,0,0,0,0,0,0,0,0,1,0,1,0,0,0,0,1,SO incompatible,Reinstalación con SO compatible,40.24
2799,Laptop,1,0,0,0,0,0,0,0,0,0,0,0,0,0,0,0,1,1,SO incompatible,Reinstalación con SO compatible,58.73
2800,PC de escritorio,1,0,0,0,1,0,0,0,0,0,0,0,0,1,0,1,0,0,SO incompatible,Reinstalación con SO compatible,41.13
2801,PC de escritorio,1,0,0,0,0,0,0,0,0,0,0,0,0,0,0,0,0,0,SO incompatible,Reinstalación con SO compatible,41.52
2802,PC de escritorio,1,0,0,0,0,0,0,0,0,0,0,0,0,0,0,0,0,1,SO incompatible,Reinstalación con SO compatible,55.35
2803,PC de escritorio,1,0,0,1,1,0,0,0,1,1,0,0,0,0,0,0,0,1,SO incompatible,Reinstalación con SO compatible,53.05
2804,Laptop,1,0,0,0,0,0,0,1,0,0,0,0,0,1,0,0,0,0,SO incompatible,Reinstalación con SO compatible,46.86
2805,PC de escritorio,1,0,1,0,0,0,0,1,0,0,0,0,0,1,1,0,1,1,SO incompatible,Reinstalación con SO compatible,52.51
2806,Laptop,1,0,0,0,1,0,0,1,0,0,0,0,0,0,0,1,0,1,SO incompatible,Reinstalación con SO compatible,49.12
2807,PC de escritorio,0,0,0,0,0,0,0,0,0,0,0,0,0,0,0,1,0,1,SO incompatible,Reinstalación con SO compatible,59.2
2808,Laptop,1,0,0,0,0,0,0,0,0,0,0,0,0,0,0,0,0,0,SO incompatible,Reinstalación con SO compatible,44.31
2809,PC de escritorio,1,0,0,0,0,0,0,0,0,0,0,0,0,0,0,0,0,1,SO incompatible,Reinstalación con SO compatible,45.56
2810,Laptop,1,1,1,0,0,0,0,0,0,0,0,0,0,0,1,0,0,1,SO incompatible,Reinstalación con SO compatible,46.92
2811,Laptop,1,0,1,0,0,1,0,0,0,0,1,0,1,0,0,0,0,1,SO incompatible,Reinstalación con SO compatible,57.78
2812,Laptop,1,0,0,0,1,1,1,0,0,0,0,0,1,0,0,1,1,1,SO incompatible,Reinstalación con SO compatible,57.98
2813,PC de escritorio,0,0,0,0,0,0,0,0,0,0,0,0,0,0,0,0,0,0,SO incompatible,Reinstalación con SO compatible,57.3
2814,PC de escritorio,1,0,0,0,0,0,0,0,0,0,0,1,0,0,1,0,0,0,SO incompatible,Reinstalación con SO compatible,54.02
2815,PC de escritorio,1,0,0,0,1,0,0,0,0,0,0,0,0,0,0,1,0,1,SO incompatible,Reinstalación con SO compatible,52.5
2816,PC de escritorio,1,0,1,0,0,0,0,0,0,0,0,0,0,1,0,0,0,1,SO incompatible,Reinstalación con SO compatible,42.15
2817,Laptop,1,0,0,0,1,0,0,0,0,1,0,0,0,0,0,0,0,1,SO incompatible,Reinstalación con SO compatible,53.76
2818,PC de escritorio,1,0,0,0,1,0,0,1,0,0,0,0,0,1,0,1,0,1,SO incompatible,Reinstalación con SO compatible,53.88
2819,Laptop,0,1,0,0,1,0,0,0,0,0,1,0,0,0,0,0,0,1,SO incompatible,Reinstalación con SO compatible,44.86
2820,PC de escritorio,1,0,0,0,0,0,0,0,0,1,1,1,0,0,1,0,0,1,SO incompatible,Reinstalación con SO compatible,42.09
2821,Laptop,1,0,0,0,0,0,0,0,0,0,0,0,0,0,0,1,0,1,SO incompatible,Reinstalación con SO compatible,58.11
2822,PC de escritorio,1,0,0,0,1,0,0,0,0,0,0,0,0,1,0,0,0,1,SO incompatible,Reinstalación con SO compatible,41.71
2823,Laptop,1,0,0,0,0,0,0,0,0,0,0,0,0,0,0,0,0,1,SO incompatible,Reinstalación con SO compatible,47.76
2824,Laptop,1,0,0,0,0,0,0,0,0,0,1,0,0,0,0,0,0,1,SO incompatible,Reinstalación con SO compatible,45.66
2825,PC de escritorio,1,1,0,0,0,0,0,0,0,0,0,0,0,1,0,0,0,1,SO incompatible,Reinstalación con SO compatible,42.25
2826,Laptop,0,0,0,0,0,0,0,0,0,0,0,0,0,1,0,0,0,0,SO incompatible,Reinstalación con SO compatible,57.47
2827,Laptop,0,0,0,0,0,0,0,0,0,0,0,0,0,0,0,0,0,0,SO incompatible,Reinstalación con SO compatible,58.19
2828,Laptop,1,0,0,0,1,0,0,0,0,0,0,0,0,0,0,0,1,0,SO incompatible,Reinstalación con SO compatible,46.76
2829,PC de escritorio,1,0,1,1,0,0,1,1,0,1,0,0,0,0,1,0,0,1,SO incompatible,Reinstalación con SO compatible,59.78
2830,PC de escritorio,1,0,0,1,0,0,1,0,1,0,1,0,0,1,0,0,0,1,SO incompatible,Reinstalación con SO compatible,55.88
2831,PC de escritorio,1,1,0,0,0,0,0,0,0,0,0,0,0,0,0,1,1,0,SO incompatible,Reinstalación con SO compatible,42.79
2832,Laptop,1,0,0,0,1,0,0,1,0,0,0,0,0,1,0,0,0,0,SO incompatible,Reinstalación con SO compatible,55.13
2833,PC de escritorio,1,0,0,0,1,0,0,0,0,0,0,0,0,1,0,0,0,1,SO incompatible,Reinstalación con SO compatible,57.72
2834,PC de escritorio,1,0,0,0,1,0,0,0,0,0,0,0,0,0,0,0,0,1,SO incompatible,Reinstalación con SO compatible,57.57
2835,Laptop,1,0,0,1,0,0,0,0,1,0,0,1,0,0,0,1,0,1,SO incompatible,Reinstalación con SO compatible,50.59
2836,Laptop,1,1,0,1,0,0,0,0,0,0,1,1,1,0,0,1,0,1,SO incompatible,Reinstalación con SO compatible,54.8
2837,PC de escritorio,0,0,0,0,0,0,0,0,0,0,0,0,0,1,0,0,0,1,SO incompatible,Reinstalación con SO compatible,57.09
2838,Laptop,1,0,0,0,1,0,0,0,0,0,0,0,0,0,0,0,0,1,SO incompatible,Reinstalación con SO compatible,47.83
2839,Laptop,1,0,0,0,1,0,0,0,0,0,0,0,0,0,0,0,1,1,SO incompatible,Reinstalación con SO compatible,40.69
2840,Laptop,1,0,0,0,1,0,0,0,0,0,0,0,0,0,1,0,0,1,SO incompatible,Reinstalación con SO compatible,57.3
2841,PC de escritorio,1,0,0,0,1,0,0,0,0,1,0,0,0,0,0,0,0,1,SO incompatible,Reinstalación con SO compatible,57.31
2842,Laptop,1,0,0,0,0,0,1,0,0,1,0,0,0,1,0,0,1,1,SO incompatible,Reinstalación con SO compatible,52.17
2843,Laptop,1,0,0,0,1,0,0,0,0,1,1,0,0,1,0,0,0,1,SO incompatible,Reinstalación con SO compatible,41.02
2844,Laptop,1,0,0,0,1,0,0,1,0,0,0,0,0,0,0,0,0,0,SO incompatible,Reinstalación con SO compatible,59.34
2845,Laptop,1,0,0,0,1,0,0,0,0,0,0,0,0,0,1,0,0,1,SO incompatible,Reinstalación con SO compatible,44.29
2846,Laptop,1,0,0,0,0,0,0,0,0,0,0,0,0,0,0,1,0,0,SO incompatible,Reinstalación con SO compatible,50.87
2847,PC de escritorio,1,0,0,0,0,0,0,1,0,0,0,0,0,0,0,0,0,1,SO incompatible,Reinstalación con SO compatible,57.3
2848,PC de escritorio,1,0,0,0,1,0,0,0,0,0,0,0,0,1,0,0,0,1,SO incompatible,Reinstalación con SO compatible,48.88
2849,PC de escritorio,1,0,0,1,1,0,0,0,1,0,0,0,0,1,0,0,0,1,SO incompatible,Reinstalación con SO compatible,54.52
2850,PC de escritorio,0,0,0,0,1,0,0,0,0,0,0,0,0,0,0,1,0,0,SO incompatible,Reinstalación con SO compatible,43.24
2851,PC de escritorio,1,0,1,0,1,0,1,0,0,0,0,0,1,0,0,1,0,1,SO incompatible,Reinstalación con SO compatible,58.52
2852,Laptop,1,0,0,0,0,0,0,0,0,0,0,0,0,0,0,0,1,1,SO incompatible,Reinstalación con SO compatible,58.34
2853,Laptop,1,0,0,0,1,0,0,0,0,1,0,0,0,1,0,1,1,1,SO incompatible,Reinstalación con SO compatible,50.36
2854,Laptop,1,0,0,0,0,0,0,0,0,0,0,1,1,0,0,1,0,1,SO incompatible,Reinstalación con SO compatible,54.96
2855,Laptop,1,0,0,0,1,0,0,0,0,0,0,0,0,0,0,0,0,1,SO incompatible,Reinstalación con SO compatible,43.18
2856,PC de escritorio,0,0,0,0,1,0,0,0,0,0,0,0,0,0,0,0,0,1,SO incompatible,Reinstalación con SO compatible,52.24
2857,PC de escritorio,1,0,0,1,0,0,0,0,0,0,0,0,0,0,1,0,0,1,SO incompatible,Reinstalación con SO compatible,53.6
2858,PC de escritorio,1,0,0,0,0,0,0,0,0,0,0,0,0,0,0,0,0,0,SO incompatible,Reinstalación con SO compatible,46.09
2859,PC de escritorio,1,0,0,0,1,0,0,0,0,0,0,0,0,0,0,0,0,0,SO incompatible,Reinstalación con SO compatible,51.15
2860,PC de escritorio,1,0,0,0,0,0,0,0,0,0,0,0,0,0,0,0,0,1,SO incompatible,Reinstalación con SO compatible,53.57
2861,Laptop,1,0,0,0,0,0,0,0,0,0,0,0,1,0,0,0,0,1,SO incompatible,Reinstalación con SO compatible,49.79
2862,PC de escritorio,0,0,0,0,1,0,0,0,0,0,0,0,0,0,0,1,0,1,SO incompatible,Reinstalación con SO compatible,43.43
2863,PC de escritorio,1,0,0,0,0,0,0,0,0,0,0,0,0,0,0,1,0,1,SO incompatible,Reinstalación con SO compatible,40.75
2864,Laptop,0,1,0,0,0,0,0,1,0,0,0,0,0,1,0,0,0,1,SO incompatible,Reinstalación con SO compatible,56.46
2865,Laptop,1,0,0,0,1,0,1,0,0,0,0,1,0,1,1,0,0,1,SO incompatible,Reinstalación con SO compatible,55.06
2866,Laptop,1,0,0,0,1,0,0,0,0,0,0,0,0,0,0,0,0,0,SO incompatible,Reinstalación con SO compatible,58.05
2867,PC de escritorio,1,0,0,0,0,0,0,0,0,0,0,0,0,0,0,0,0,1,SO incompatible,Reinstalación con SO compatible,48.24
2868,PC de escritorio,1,0,0,0,0,0,0,0,0,0,0,0,0,0,0,0,0,1,SO incompatible,Reinstalación con SO compatible,52.59
2869,Laptop,1,0,0,0,0,0,0,0,0,0,0,0,0,1,0,0,0,0,SO incompatible,Reinstalación con SO compatible,57.39
2870,Laptop,0,0,0,0,1,0,0,0,0,0,0,0,0,0,0,0,0,1,SO incompatible,Reinstalación con SO compatible,50.64
2871,PC de escritorio,1,0,0,0,0,0,0,0,0,0,0,0,0,0,0,0,0,1,SO incompatible,Reinstalación con SO compatible,48.79
2872,PC de escritorio,1,0,0,1,0,0,0,0,0,0,0,0,1,0,0,1,1,0,SO incompatible,Reinstalación con SO compatible,40.98
2873,Laptop,1,0,0,0,0,1,0,1,0,1,0,0,0,0,0,0,0,1,SO incompatible,Reinstalación con SO compatible,44.4
2874,PC de escritorio,1,0,0,0,0,0,0,0,0,0,0,0,0,0,0,0,0,1,SO incompatible,Reinstalación con SO compatible,48.2
2875,PC de escritorio,1,0,0,0,1,1,0,0,1,0,1,0,0,0,0,1,0,1,SO incompatible,Reinstalación con SO compatible,54.16
2876,Laptop,1,0,0,0,0,0,0,0,0,0,0,0,0,0,0,0,0,1,SO incompatible,Reinstalación con SO compatible,41.98
2877,Laptop,1,0,0,0,1,0,0,0,0,0,0,0,0,0,0,0,0,1,SO incompatible,Reinstalación con SO compatible,56.81
2878,PC de escritorio,0,0,0,0,0,0,0,0,0,0,0,0,0,0,0,1,0,1,SO incompatible,Reinstalación con SO compatible,50.81
2879,PC de escritorio,1,1,0,0,0,0,1,0,0,1,0,0,0,0,0,1,0,0,SO incompatible,Reinstalación con SO compatible,41.81
2880,Laptop,1,0,0,0,0,0,0,0,0,0,0,0,0,0,0,0,0,1,SO incompatible,Reinstalación con SO compatible,50.8
2881,PC de escritorio,1,0,0,0,0,0,0,0,0,0,0,0,0,0,0,0,0,0,SO incompatible,Reinstalación con SO compatible,56.85
2882,PC de escritorio,1,0,0,0,0,0,0,0,0,0,0,0,0,0,0,0,0,0,SO incompatible,Reinstalación con SO compatible,49.12
2883,Laptop,1,0,0,0,0,0,0,0,1,0,0,0,0,0,0,0,0,0,SO incompatible,Reinstalación con SO compatible,46.08
2884,Laptop,1,0,0,0,1,0,0,0,0,0,0,0,0,1,0,0,0,0,SO incompatible,Reinstalación con SO compatible,54.34
2885,PC de escritorio,1,1,0,1,0,0,0,0,0,0,0,0,0,0,0,1,0,1,SO incompatible,Reinstalación con SO compatible,49.7
2886,Laptop,1,0,0,0,1,0,0,0,0,0,0,0,0,0,0,0,0,1,SO incompatible,Reinstalación con SO compatible,51.27
2887,Laptop,1,0,0,1,0,0,0,0,0,0,0,0,0,1,0,0,0,1,SO incompatible,Reinstalación con SO compatible,50.76
2888,Laptop,1,0,0,0,0,0,0,0,0,0,0,0,0,0,0,0,0,1,SO incompatible,Reinstalación con SO compatible,47.21
2889,Laptop,1,0,0,0,0,0,1,0,0,0,0,0,0,1,0,0,0,0,SO incompatible,Reinstalación con SO compatible,47.63
2890,PC de escritorio,1,0,0,0,0,0,0,0,0,0,0,0,0,1,0,1,0,0,SO incompatible,Reinstalación con SO compatible,53.28
2891,PC de escritorio,1,0,0,0,1,0,0,0,1,0,0,0,1,1,0,1,0,0,SO incompatible,Reinstalación con SO compatible,44.37
2892,Laptop,1,0,0,0,0,0,0,0,0,0,0,0,0,0,0,0,0,1,SO incompatible,Reinstalación con SO compatible,49.84
2893,PC de escritorio,1,1,0,0,0,0,0,0,0,0,0,0,0,1,0,0,0,1,SO incompatible,Reinstalación con SO compatible,57.28
2894,PC de escritorio,1,0,0,0,0,0,0,0,0,0,0,0,0,0,0,0,0,0,SO incompatible,Reinstalación con SO compatible,58.04
2895,PC de escritorio,1,0,0,0,0,0,0,0,0,0,0,0,0,0,0,0,1,1,SO incompatible,Reinstalación con SO compatible,57.81
2896,Laptop,1,0,0,0,1,0,0,0,0,0,0,0,0,0,0,0,0,0,SO incompatible,Reinstalación con SO compatible,46.96
2897,PC de escritorio,1,0,0,0,0,0,0,0,0,0,0,0,0,0,0,1,0,1,SO incompatible,Reinstalación con SO compatible,48.84
2898,PC de escritorio,1,0,0,1,0,0,1,0,1,0,0,1,1,0,0,1,1,1,SO incompatible,Reinstalación con SO compatible,40.37
2899,Laptop,1,0,0,0,0,0,0,0,0,0,0,0,0,0,0,0,0,1,SO incompatible,Reinstalación con SO compatible,52.05
2900,Laptop,1,0,0,0,0,0,0,0,0,0,0,0,0,0,0,1,1,1,SO incompatible,Reinstalación con SO compatible,45.42
2901,Laptop,0,0,0,0,1,0,0,1,1,0,0,0,0,1,0,1,1,0,SO incompatible,Reinstalación con SO compatible,49.26
2902,PC de escritorio,1,0,0,0,0,0,0,0,0,1,0,0,0,1,0,0,0,1,SO incompatible,Reinstalación con SO compatible,54.21
2903,PC de escritorio,1,0,0,0,0,0,1,0,0,0,0,0,0,0,0,1,0,1,SO incompatible,Reinstalación con SO compatible,42.37
2904,PC de escritorio,1,0,0,0,1,0,0,1,1,0,0,0,1,1,0,0,0,1,SO incompatible,Reinstalación con SO compatible,45.69
2905,PC de escritorio,1,0,0,0,0,0,0,0,0,0,0,0,0,1,0,0,0,1,SO incompatible,Reinstalación con SO compatible,47.65
2906,Laptop,1,0,0,0,0,0,0,0,0,0,0,0,0,0,0,0,0,1,SO incompatible,Reinstalación con SO compatible,57.49
2907,PC de escritorio,1,0,0,1,0,0,0,0,1,0,0,0,0,1,0,0,0,0,SO incompatible,Reinstalación con SO compatible,43.79
2908,Laptop,1,0,0,0,0,0,0,0,0,0,0,0,0,0,0,0,0,1,SO incompatible,Reinstalación con SO compatible,49.47
2909,Laptop,1,1,0,0,0,0,0,0,0,0,0,0,0,1,0,1,0,1,SO incompatible,Reinstalación con SO compatible,48.76
2910,PC de escritorio,1,0,0,0,0,0,0,0,0,0,0,0,0,1,0,0,0,0,SO incompatible,Reinstalación con SO compatible,54.27
2911,Laptop,0,0,0,0,1,0,0,0,0,0,0,0,0,0,0,0,0,1,SO incompatible,Reinstalación con SO compatible,58.09
2912,Laptop,1,0,0,0,0,0,0,0,0,0,0,0,0,0,0,0,0,1,SO incompatible,Reinstalación con SO compatible,58.22
2913,Laptop,1,0,1,0,1,0,1,0,1,0,0,0,0,0,0,0,0,0,SO incompatible,Reinstalación con SO compatible,52.83
2914,Laptop,1,0,0,0,0,0,1,0,0,0,0,0,0,0,0,0,0,1,SO incompatible,Reinstalación con SO compatible,52.81
2915,Laptop,1,1,0,0,0,1,0,0,1,0,0,1,0,1,0,1,0,0,SO incompatible,Reinstalación con SO compatible,54.56
2916,PC de escritorio,0,0,0,0,1,1,0,0,0,0,0,0,0,0,0,0,0,0,SO incompatible,Reinstalación con SO compatible,56.63
2917,PC de escritorio,1,0,0,0,1,0,0,0,0,0,0,0,0,0,1,0,1,1,SO incompatible,Reinstalación con SO compatible,53.21
2918,Laptop,1,0,0,0,1,0,0,0,0,0,0,0,0,0,0,0,0,1,SO incompatible,Reinstalación con SO compatible,42.1
2919,Laptop,1,0,0,0,1,0,0,0,0,0,0,0,0,1,1,0,0,1,SO incompatible,Reinstalación con SO compatible,41.89
2920,Laptop,1,0,0,0,1,0,0,1,0,0,0,0,0,0,0,0,0,0,SO incompatible,Reinstalación con SO compatible,59.33
2921,PC de escritorio,1,0,0,0,0,0,0,0,0,0,0,0,0,0,1,0,1,1,SO incompatible,Reinstalación con SO compatible,54.99
2922,PC de escritorio,1,0,0,0,0,0,0,0,0,0,0,0,0,0,0,0,0,0,SO incompatible,Reinstalación con SO compatible,59.73
2923,Laptop,1,0,0,0,0,0,0,0,0,0,0,0,0,1,1,0,0,0,SO incompatible,Reinstalación con SO compatible,46.16
2924,PC de escritorio,1,0,0,0,0,0,0,0,0,0,0,0,0,1,0,0,0,1,SO incompatible,Reinstalación con SO compatible,52.88
2925,Laptop,1,0,0,0,0,0,0,0,0,0,0,0,0,1,0,0,0,1,SO incompatible,Reinstalación con SO compatible,50.06
2926,Laptop,1,1,0,0,0,0,0,0,0,0,0,0,0,1,0,0,0,0,SO incompatible,Reinstalación con SO compatible,40.17
2927,Laptop,1,0,0,0,0,0,0,0,0,0,0,1,1,0,0,0,0,0,SO incompatible,Reinstalación con SO compatible,42.21
2928,PC de escritorio,1,0,0,0,0,0,0,0,0,0,0,0,0,0,0,0,1,1,SO incompatible,Reinstalación con SO compatible,49.02
2929,PC de escritorio,0,0,0,0,0,0,1,0,0,0,0,0,0,0,0,0,0,1,SO incompatible,Reinstalación con SO compatible,56.5
2930,Laptop,1,0,0,0,0,1,0,0,0,0,0,0,0,0,0,0,0,0,SO incompatible,Reinstalación con SO compatible,50.23
2931,PC de escritorio,1,0,0,0,0,0,0,0,1,0,0,1,0,0,0,0,0,1,SO incompatible,Reinstalación con SO compatible,41.98
2932,PC de escritorio,1,0,0,0,1,0,0,0,0,0,0,1,0,1,0,0,0,1,SO incompatible,Reinstalación con SO compatible,46.61
2933,PC de escritorio,1,0,0,0,0,0,0,0,0,0,0,0,1,0,0,0,0,1,SO incompatible,Reinstalación con SO compatible,57.86
2934,PC de escritorio,1,0,0,0,1,0,0,0,0,0,0,1,0,0,0,0,0,1,SO incompatible,Reinstalación con SO compatible,50.1
2935,Laptop,1,0,0,0,0,1,0,0,0,0,0,1,0,1,0,0,1,1,SO incompatible,Reinstalación con SO compatible,46.99
2936,PC de escritorio,0,0,0,0,0,0,0,0,0,0,0,0,0,0,0,0,0,1,SO incompatible,Reinstalación con SO compatible,52.87
2937,PC de escritorio,1,1,1,0,1,0,0,0,0,0,0,0,0,0,0,0,0,1,SO incompatible,Reinstalación con SO compatible,50.08
2938,Laptop,1,0,0,0,0,0,0,0,0,0,0,0,0,0,0,1,0,1,SO incompatible,Reinstalación con SO compatible,44.86
2939,Laptop,1,0,0,0,0,0,0,0,0,0,0,0,0,0,0,0,1,1,SO incompatible,Reinstalación con SO compatible,50.52
2940,PC de escritorio,1,0,0,0,0,0,0,0,0,0,0,0,0,0,0,1,0,1,SO incompatible,Reinstalación con SO compatible,58.73
2941,PC de escritorio,1,1,0,0,0,0,0,0,0,0,0,0,1,0,1,0,0,1,SO incompatible,Reinstalación con SO compatible,55.2
2942,Laptop,1,0,0,0,0,0,1,1,1,0,0,0,1,1,0,0,1,0,SO incompatible,Reinstalación con SO compatible,45.54
2943,Laptop,1,0,0,0,0,0,0,0,0,0,0,0,0,0,0,0,0,0,SO incompatible,Reinstalación con SO compatible,50.06
2944,Laptop,1,0,0,0,1,0,0,0,0,0,0,0,0,0,0,0,0,1,SO incompatible,Reinstalación con SO compatible,50.63
2945,PC de escritorio,1,0,0,0,0,0,0,0,0,0,0,0,0,0,0,0,0,1,SO incompatible,Reinstalación con SO compatible,41.56
2946,Laptop,0,0,1,0,0,0,0,0,0,0,0,0,0,1,0,1,0,1,SO incompatible,Reinstalación con SO compatible,47.46
2947,PC de escritorio,1,0,0,0,1,0,0,0,0,0,0,0,0,1,0,0,0,1,SO incompatible,Reinstalación con SO compatible,45.88
2948,Laptop,1,1,1,0,1,0,0,0,0,0,0,0,1,1,0,0,0,0,SO incompatible,Reinstalación con SO compatible,48.12
2949,Laptop,1,0,0,0,0,0,0,0,1,0,0,0,0,0,1,0,0,1,SO incompatible,Reinstalación con SO compatible,43.38
2950,Laptop,0,0,0,0,0,0,0,0,0,0,0,0,0,0,0,0,0,1,SO incompatible,Reinstalación con SO compatible,52.65
2951,Laptop,1,0,0,0,0,0,0,0,0,0,0,0,0,0,0,0,0,1,SO incompatible,Reinstalación con SO compatible,51.13
2952,Laptop,1,0,0,0,0,0,0,0,0,0,0,0,1,0,0,1,1,1,SO incompatible,Reinstalación con SO compatible,52.02
2953,Laptop,0,0,0,1,1,0,1,0,1,0,0,0,0,0,0,0,0,1,SO incompatible,Reinstalación con SO compatible,48.77
2954,Laptop,1,0,0,0,0,0,0,0,0,0,0,0,0,0,0,0,0,1,SO incompatible,Reinstalación con SO compatible,48.4
2955,Laptop,1,0,0,0,0,0,0,0,0,0,0,0,0,0,0,0,0,1,SO incompatible,Reinstalación con SO compatible,46.92
2956,PC de escritorio,1,0,0,0,0,0,0,0,0,0,0,0,0,1,0,0,0,1,SO incompatible,Reinstalación con SO compatible,46.78
2957,PC de escritorio,1,0,0,1,0,1,0,0,0,0,0,0,0,0,0,0,0,1,SO incompatible,Reinstalación con SO compatible,41.54
2958,PC de escritorio,1,1,0,0,1,0,0,1,0,0,0,0,0,0,1,0,0,1,SO incompatible,Reinstalación con SO compatible,40.18
2959,Laptop,1,0,0,0,0,0,0,0,0,0,0,1,0,1,0,1,0,0,SO incompatible,Reinstalación con SO compatible,56.16
2960,Laptop,1,0,0,0,0,0,0,0,0,0,0,0,0,0,0,0,0,1,SO incompatible,Reinstalación con SO compatible,48.28
2961,PC de escritorio,1,0,0,0,0,0,0,0,0,0,0,0,0,1,0,0,1,0,SO incompatible,Reinstalación con SO compatible,53.4
2962,Laptop,1,0,0,0,1,0,1,1,0,0,0,0,1,1,0,0,0,0,SO incompatible,Reinstalación con SO compatible,43.19
2963,PC de escritorio,1,0,0,0,0,0,0,0,0,0,0,0,0,0,0,1,0,0,SO incompatible,Reinstalación con SO compatible,50.42
2964,PC de escritorio,1,0,0,0,1,0,1,1,0,0,0,0,1,0,0,1,1,1,SO incompatible,Reinstalación con SO compatible,49.29
2965,PC de escritorio,1,1,0,0,0,0,0,0,0,0,0,0,0,0,0,0,0,1,SO incompatible,Reinstalación con SO compatible,43.79
2966,Laptop,1,0,0,0,0,1,1,0,0,0,0,0,0,0,0,0,0,1,SO incompatible,Reinstalación con SO compatible,48.81
2967,PC de escritorio,1,0,0,0,0,0,0,0,0,0,0,0,0,1,0,1,0,1,SO incompatible,Reinstalación con SO compatible,48.63
2968,PC de escritorio,1,0,0,0,1,0,0,0,0,0,0,0,1,1,0,0,0,1,SO incompatible,Reinstalación con SO compatible,42.86
2969,PC de escritorio,1,0,0,0,1,0,0,0,1,1,0,0,1,1,0,1,0,1,SO incompatible,Reinstalación con SO compatible,45.19
2970,PC de escritorio,0,0,0,0,1,0,0,0,0,0,0,0,0,0,0,0,0,0,SO incompatible,Reinstalación con SO compatible,45.87
2971,Laptop,1,0,0,1,1,0,1,0,0,1,0,0,0,1,0,0,0,0,SO incompatible,Reinstalación con SO compatible,54.27
2972,Laptop,1,1,0,0,1,0,0,0,0,1,0,0,0,0,0,0,0,1,SO incompatible,Reinstalación con SO compatible,45.39
2973,Laptop,1,0,0,0,1,0,0,0,0,0,0,0,0,0,0,0,0,0,SO incompatible,Reinstalación con SO compatible,40.38
2974,PC de escritorio,0,0,0,0,1,0,0,0,0,0,0,0,0,1,0,0,0,0,SO incompatible,Reinstalación con SO compatible,45.81
2975,Laptop,1,0,0,0,0,1,0,0,0,1,0,0,0,1,0,0,0,0,SO incompatible,Reinstalación con SO compatible,57.1
2976,PC de escritorio,1,0,0,0,0,0,0,0,1,1,1,0,0,1,0,0,1,1,SO incompatible,Reinstalación con SO compatible,59.53
2977,PC de escritorio,1,0,0,0,1,0,0,0,0,0,0,0,0,1,0,0,0,1,SO incompatible,Reinstalación con SO compatible,46.93
2978,Laptop,1,0,0,0,1,0,0,0,0,0,0,0,0,1,0,0,0,1,SO incompatible,Reinstalación con SO compatible,48.67
2979,Laptop,0,0,0,0,1,0,0,0,0,0,0,0,0,0,0,0,0,1,SO incompatible,Reinstalación con SO compatible,50.84
2980,Laptop,1,0,0,0,1,0,0,0,0,0,0,0,0,1,0,0,0,1,SO incompatible,Reinstalación con SO compatible,56.57
2981,PC de escritorio,1,0,0,0,0,0,0,0,0,0,0,0,0,0,0,0,0,1,SO incompatible,Reinstalación con SO compatible,45.04
2982,PC de escritorio,0,0,0,0,1,0,0,0,0,1,0,0,0,1,0,0,0,1,SO incompatible,Reinstalación con SO compatible,50.93
2983,PC de escritorio,0,0,0,0,0,0,0,0,0,0,0,0,0,0,0,0,0,1,SO incompatible,Reinstalación con SO compatible,52.64
2984,PC de escritorio,0,1,0,0,0,0,0,0,0,0,0,0,0,0,0,0,0,1,SO incompatible,Reinstalación con SO compatible,47.48
2985,Laptop,1,0,0,0,0,0,0,0,0,0,0,0,0,0,0,1,0,0,SO incompatible,Reinstalación con SO compatible,43.6
2986,PC de escritorio,1,0,0,0,0,0,0,0,0,0,0,0,0,0,0,0,0,0,SO incompatible,Reinstalación con SO compatible,56.42
2987,Laptop,1,0,0,0,0,0,0,0,1,1,0,1,0,0,0,1,0,0,SO incompatible,Reinstalación con SO compatible,58.16
2988,PC de escritorio,1,0,0,0,1,0,0,0,0,0,0,0,0,0,0,0,0,1,SO incompatible,Reinstalación con SO compatible,49.19
2989,PC de escritorio,1,0,1,0,0,0,0,0,0,0,0,1,0,0,0,1,0,0,SO incompatible,Reinstalación con SO compatible,51.43
2990,Laptop,1,0,0,0,1,0,0,1,0,0,0,0,0,0,0,0,1,1,SO incompatible,Reinstalación con SO compatible,42.88
2991,Laptop,1,0,0,0,0,0,0,0,0,0,0,0,0,0,0,0,0,1,SO incompatible,Reinstalación con SO compatible,52.47
2992,PC de escritorio,1,0,0,0,1,1,0,0,0,0,1,0,0,0,0,0,0,1,SO incompatible,Reinstalación con SO compatible,48.78
2993,Laptop,1,0,0,0,1,0,1,0,1,0,0,0,0,1,0,1,0,1,SO incompatible,Reinstalación con SO compatible,57.68
2994,PC de escritorio,1,0,0,0,0,0,0,0,0,0,0,0,0,0,0,0,0,1,SO incompatible,Reinstalación con SO compatible,43.45
2995,Laptop,1,0,0,0,1,0,0,0,0,0,0,0,1,0,0,0,0,1,SO incompatible,Reinstalación con SO compatible,46.53
2996,PC de escritorio,1,0,0,0,1,0,0,0,0,0,0,0,0,1,0,0,0,1,SO incompatible,Reinstalación con SO compatible,44.86
2997,PC de escritorio,0,0,0,0,1,0,0,0,0,0,0,0,0,0,1,0,0,1,SO incompatible,Reinstalación con SO compatible,58.55
2998,PC de escritorio,1,0,0,0,0,0,0,0,0,0,0,0,0,1,0,0,0,1,SO incompatible,Reinstalación con SO compatible,54.52
2999,PC de escritorio,1,0,0,0,1,0,0,1,0,1,0,1,0,0,0,0,0,1,SO incompatible,Reinstalación con SO compatible,45.42
3000,PC de escritorio,1,0,1,0,0,0,0,0,0,0,0,1,0,0,0,0,0,0,SO incompatible,Reinstalación con SO compatible,40.01
3001,PC de escritorio,1,0,0,0,0,0,0,0,0,0,0,0,0,0,0,0,0,1,SO incompatible,Reinstalación con SO compatible,48.35
3002,Laptop,1,0,0,0,0,0,0,0,0,0,0,0,0,0,0,0,0,1,SO incompatible,Reinstalación con SO compatible,51.69
3003,PC de escritorio,1,0,0,0,0,0,0,0,0,0,0,0,0,0,0,0,0,0,SO incompatible,Reinstalación con SO compatible,58.79
3004,PC de escritorio,1,0,0,0,1,0,0,0,0,0,0,0,0,0,0,0,0,1,SO incompatible,Reinstalación con SO compatible,41.78
3005,PC de escritorio,1,0,0,0,0,0,0,0,0,1,1,1,0,1,0,0,0,0,SO incompatible,Reinstalación con SO compatible,57.51
3006,PC de escritorio,1,0,1,0,1,0,0,0,0,0,0,0,1,0,0,0,0,1,SO incompatible,Reinstalación con SO compatible,46.92
3007,PC de escritorio,1,0,0,0,1,1,0,0,0,0,0,0,0,0,0,0,0,1,SO incompatible,Reinstalación con SO compatible,53.06
3008,PC de escritorio,1,0,0,0,0,0,0,0,0,0,0,0,0,0,0,0,0,1,SO incompatible,Reinstalación con SO compatible,54.07
3009,PC de escritorio,1,0,0,0,0,0,0,0,0,0,0,0,0,1,0,0,0,0,SO incompatible,Reinstalación con SO compatible,54.25
3010,PC de escritorio,1,0,0,1,1,0,0,0,0,0,0,0,0,0,0,0,0,1,SO incompatible,Reinstalación con SO compatible,50.11
3011,Laptop,1,0,0,0,1,0,1,0,1,0,0,0,0,1,0,0,0,1,SO incompatible,Reinstalación con SO compatible,47.13
3012,Laptop,1,0,0,0,0,0,0,0,0,0,0,0,0,0,0,0,0,0,SO incompatible,Reinstalación con SO compatible,40.08
3013,PC de escritorio,1,0,0,1,1,0,0,0,0,0,0,0,0,1,0,0,0,1,SO incompatible,Reinstalación con SO compatible,53.85
3014,Laptop,1,0,0,0,1,1,0,1,0,0,0,0,0,0,0,0,0,0,SO incompatible,Reinstalación con SO compatible,54.2
3015,PC de escritorio,1,0,0,0,0,0,0,0,0,0,0,0,0,0,0,0,0,1,SO incompatible,Reinstalación con SO compatible,45.26
3016,PC de escritorio,1,0,0,0,0,0,0,0,0,0,1,0,1,1,0,0,0,1,SO incompatible,Reinstalación con SO compatible,59.26
3017,Laptop,1,0,0,0,0,0,0,0,0,0,0,0,0,0,0,0,0,0,SO incompatible,Reinstalación con SO compatible,56.35
3018,PC de escritorio,1,0,0,0,1,0,0,0,0,0,0,0,0,1,0,1,0,1,SO incompatible,Reinstalación con SO compatible,51.49
3019,Laptop,0,0,0,0,0,0,0,0,0,0,0,0,0,1,0,0,0,0,SO incompatible,Reinstalación con SO compatible,40.65
3020,Laptop,1,0,0,0,0,0,0,0,0,0,0,0,0,1,0,0,0,1,SO incompatible,Reinstalación con SO compatible,58.37
3021,PC de escritorio,0,0,0,0,0,0,0,0,0,0,0,0,0,0,0,0,0,0,SO incompatible,Reinstalación con SO compatible,41.64
3022,Laptop,1,0,0,0,0,1,0,0,1,0,0,0,0,0,0,0,0,1,SO incompatible,Reinstalación con SO compatible,50.06
3023,PC de escritorio,1,0,0,0,0,0,0,0,0,1,0,1,0,1,0,0,0,1,SO incompatible,Reinstalación con SO compatible,46.19
3024,PC de escritorio,1,0,0,0,0,0,0,0,1,1,0,0,0,0,0,0,0,1,SO incompatible,Reinstalación con SO compatible,44.85
3025,PC de escritorio,1,0,0,0,0,0,0,0,0,0,0,0,0,0,0,0,0,1,SO incompatible,Reinstalación con SO compatible,57.71
3026,PC de escritorio,1,0,0,0,0,0,0,0,0,0,0,0,0,0,0,0,0,1,SO incompatible,Reinstalación con SO compatible,56.53
3027,Laptop,1,0,0,0,0,0,0,0,0,0,1,0,0,1,0,0,1,1,SO incompatible,Reinstalación con SO compatible,58.96
3028,PC de escritorio,1,0,0,1,1,0,0,1,1,0,1,0,0,0,1,0,0,1,SO incompatible,Reinstalación con SO compatible,47.12
3029,PC de escritorio,1,0,0,0,0,0,0,0,0,0,1,0,0,0,0,1,0,1,SO incompatible,Reinstalación con SO compatible,42.14
3030,Laptop,1,0,0,0,0,0,0,0,0,0,0,0,0,0,0,0,0,0,SO incompatible,Reinstalación con SO compatible,47.17
3031,PC de escritorio,1,0,0,0,1,0,0,0,0,0,0,0,0,1,0,0,0,1,SO incompatible,Reinstalación con SO compatible,42.46
3032,PC de escritorio,1,0,0,1,0,0,0,0,0,0,0,0,0,0,0,0,0,0,SO incompatible,Reinstalación con SO compatible,40.63
3033,Laptop,1,0,0,0,0,0,0,0,0,0,0,0,0,0,0,0,0,0,SO incompatible,Reinstalación con SO compatible,44.8
3034,PC de escritorio,1,0,0,0,1,1,0,1,0,0,0,0,0,0,0,0,0,1,SO incompatible,Reinstalación con SO compatible,41.49
3035,PC de escritorio,1,0,0,0,0,0,0,0,0,0,0,0,0,1,0,0,0,0,SO incompatible,Reinstalación con SO compatible,44.37
3036,Laptop,0,0,0,0,0,0,0,0,0,0,0,0,0,0,0,1,0,1,SO incompatible,Reinstalación con SO compatible,59.37
3037,PC de escritorio,1,0,0,0,1,0,1,1,0,0,0,0,0,0,0,1,0,1,SO incompatible,Reinstalación con SO compatible,40.03
3038,Laptop,1,0,0,0,0,0,0,0,1,0,1,0,0,0,0,0,0,1,SO incompatible,Reinstalación con SO compatible,53.23
3039,Laptop,1,0,0,0,1,0,1,1,0,0,1,0,0,0,0,0,0,0,SO incompatible,Reinstalación con SO compatible,48.02
3040,PC de escritorio,1,0,0,0,0,0,0,0,0,0,0,0,0,0,0,0,0,1,SO incompatible,Reinstalación con SO compatible,56.4
3041,Laptop,1,0,0,0,0,0,0,0,0,0,0,0,0,1,1,0,0,0,SO incompatible,Reinstalación con SO compatible,57.14
3042,Laptop,1,1,1,0,0,0,1,0,1,0,0,0,0,0,0,0,0,0,SO incompatible,Reinstalación con SO compatible,43.62
3043,PC de escritorio,1,0,0,0,0,0,0,0,0,0,0,0,0,0,0,1,0,1,SO incompatible,Reinstalación con SO compatible,42.1
3044,Laptop,1,0,0,0,0,0,0,0,0,0,0,0,0,0,0,1,0,1,SO incompatible,Reinstalación con SO compatible,49.96
3045,Laptop,0,0,0,0,0,0,0,0,0,0,0,0,0,0,0,1,0,1,SO incompatible,Reinstalación con SO compatible,41.14
3046,Laptop,1,0,0,0,1,0,0,0,0,0,0,0,0,1,0,0,0,1,SO incompatible,Reinstalación con SO compatible,57.08
3047,PC de escritorio,1,0,0,0,0,0,0,0,0,0,0,0,0,0,0,0,0,0,SO incompatible,Reinstalación con SO compatible,46.06
3048,PC de escritorio,1,0,0,0,1,1,0,0,0,0,0,1,0,0,0,0,0,0,SO incompatible,Reinstalación con SO compatible,59.26
3049,PC de escritorio,1,0,0,0,1,0,0,0,0,0,1,0,0,0,0,0,1,1,SO incompatible,Reinstalación con SO compatible,44.58
3050,PC de escritorio,0,0,0,0,0,0,0,0,0,0,0,0,0,0,0,0,0,0,SO incompatible,Reinstalación con SO compatible,59.42
3051,Laptop,1,0,0,0,1,0,0,0,0,0,0,0,0,0,0,0,0,0,SO incompatible,Reinstalación con SO compatible,44.91
3052,PC de escritorio,1,0,0,0,0,0,0,0,0,0,0,0,0,0,0,0,1,1,SO incompatible,Reinstalación con SO compatible,43.45
3053,Laptop,1,0,0,0,1,0,0,0,0,0,0,0,0,0,1,1,1,1,SO incompatible,Reinstalación con SO compatible,50.71
3054,Laptop,1,0,0,0,0,0,0,0,0,0,0,0,0,1,0,0,0,0,SO incompatible,Reinstalación con SO compatible,56.25
3055,PC de escritorio,1,0,0,0,0,0,0,0,0,0,0,0,0,0,0,0,0,0,SO incompatible,Reinstalación con SO compatible,49.27
3056,Laptop,0,0,0,0,0,0,0,0,0,0,0,0,1,1,0,1,0,1,SO incompatible,Reinstalación con SO compatible,50.22
3057,PC de escritorio,1,1,0,0,0,0,0,0,0,0,0,0,0,0,0,1,0,0,SO incompatible,Reinstalación con SO compatible,54.22
3058,PC de escritorio,1,0,0,0,1,0,0,0,0,0,0,0,0,1,0,0,0,0,SO incompatible,Reinstalación con SO compatible,48.93
3059,Laptop,1,0,0,0,0,0,0,0,0,0,0,0,0,1,0,0,0,0,SO incompatible,Reinstalación con SO compatible,43.42
3060,PC de escritorio,1,0,0,0,0,0,0,0,0,0,0,1,0,1,0,0,0,0,SO incompatible,Reinstalación con SO compatible,59.57
3061,Laptop,0,0,0,0,1,0,0,0,0,0,0,0,0,0,0,0,0,1,SO incompatible,Reinstalación con SO compatible,43.75
3062,Laptop,0,0,0,0,1,0,0,0,0,0,0,0,0,0,0,0,0,1,SO incompatible,Reinstalación con SO compatible,56.54
3063,Laptop,0,0,1,0,1,0,0,0,0,0,0,0,0,0,0,1,0,1,SO incompatible,Reinstalación con SO compatible,57.7
3064,PC de escritorio,1,0,0,0,0,0,0,0,0,0,0,1,1,1,0,0,0,1,SO incompatible,Reinstalación con SO compatible,46.65
3065,Laptop,1,0,0,0,0,0,0,0,0,0,0,0,0,0,0,0,0,1,SO incompatible,Reinstalación con SO compatible,55.05
3066,Laptop,1,0,1,0,1,1,0,1,0,0,0,0,0,0,0,0,0,1,SO incompatible,Reinstalación con SO compatible,43.05
3067,Laptop,1,0,0,0,1,1,0,0,0,0,0,0,0,0,0,0,0,0,SO incompatible,Reinstalación con SO compatible,51.49
3068,PC de escritorio,0,0,0,0,0,0,0,0,0,0,0,0,0,0,0,0,0,1,SO incompatible,Reinstalación con SO compatible,54.28
3069,PC de escritorio,1,0,1,0,0,0,0,1,0,1,0,0,0,1,0,0,0,1,SO incompatible,Reinstalación con SO compatible,45.41
3070,PC de escritorio,1,0,0,0,0,0,0,0,0,0,0,0,0,0,0,0,0,0,SO incompatible,Reinstalación con SO compatible,58.95
3071,Laptop,1,0,0,0,0,0,0,0,0,0,0,0,0,0,0,0,0,0,SO incompatible,Reinstalación con SO compatible,53.88
3072,PC de escritorio,1,0,0,0,0,0,0,0,0,0,0,0,0,0,0,0,0,0,SO incompatible,Reinstalación con SO compatible,43.45
3073,PC de escritorio,1,0,0,0,1,0,0,0,0,0,0,0,0,0,0,0,0,1,SO incompatible,Reinstalación con SO compatible,55.11
3074,PC de escritorio,0,0,0,0,1,1,0,0,0,0,0,0,0,1,0,1,0,1,SO incompatible,Reinstalación con SO compatible,45.31
3075,Laptop,1,0,0,0,1,0,0,0,0,0,0,0,0,0,0,0,0,1,SO incompatible,Reinstalación con SO compatible,54.93
3076,Laptop,1,0,1,0,1,0,0,0,0,0,1,0,0,1,0,1,0,1,SO incompatible,Reinstalación con SO compatible,56.82
3077,PC de escritorio,0,0,0,0,0,0,0,0,0,0,0,0,0,0,0,0,0,1,SO incompatible,Reinstalación con SO compatible,48.44
3078,PC de escritorio,1,0,1,0,0,0,0,0,0,0,0,0,0,0,0,1,0,1,SO incompatible,Reinstalación con SO compatible,59.63
3079,Laptop,0,0,0,0,1,0,0,0,0,1,0,0,0,1,0,0,0,1,SO incompatible,Reinstalación con SO compatible,46.78
3080,Laptop,1,0,0,0,0,0,0,0,0,0,0,0,0,1,0,0,0,0,SO incompatible,Reinstalación con SO compatible,50.4
3081,PC de escritorio,1,0,0,0,0,0,0,0,0,0,0,0,0,0,0,0,0,0,SO incompatible,Reinstalación con SO compatible,45.98
3082,Laptop,1,0,0,0,1,0,0,0,0,0,0,0,0,0,0,0,0,0,SO incompatible,Reinstalación con SO compatible,52.33
3083,Laptop,1,0,0,0,0,0,0,0,0,0,0,0,0,0,0,0,0,0,SO incompatible,Reinstalación con SO compatible,46.03
3084,Laptop,1,0,0,1,0,0,0,0,0,0,1,1,0,1,0,1,0,1,SO incompatible,Reinstalación con SO compatible,50.65
3085,Laptop,1,0,1,0,0,0,1,0,0,0,0,0,0,1,0,1,0,1,SO incompatible,Reinstalación con SO compatible,50.21
3086,Laptop,1,0,0,0,1,0,0,0,0,0,0,0,0,0,1,0,0,1,SO incompatible,Reinstalación con SO compatible,50.75
3087,PC de escritorio,0,0,0,0,0,0,0,1,0,0,0,0,0,1,0,0,1,0,SO incompatible,Reinstalación con SO compatible,53.96
3088,Laptop,1,0,0,0,0,0,0,0,0,0,0,0,0,0,0,1,0,1,SO incompatible,Reinstalación con SO compatible,57.51
3089,PC de escritorio,1,0,0,0,1,0,0,0,0,0,0,0,0,0,0,0,0,1,SO incompatible,Reinstalación con SO compatible,41.62
3090,Laptop,1,0,0,0,0,0,0,0,0,0,0,0,0,0,0,0,0,1,SO incompatible,Reinstalación con SO compatible,50.56
3091,PC de escritorio,1,0,0,1,1,0,0,0,0,0,0,0,0,0,0,0,0,0,Sobrecalentamiento,Limpieza interna y pasta térmica,41.24
3092,PC de escritorio,1,0,0,1,1,0,0,0,0,0,0,0,1,0,0,0,0,0,Sobrecalentamiento,Limpieza interna y pasta térmica,49.15
3093,Laptop,0,0,0,1,0,0,0,0,0,0,0,0,1,1,0,0,1,0,Sobrecalentamiento,Limpieza interna y pasta térmica,44.1
3094,PC de escritorio,0,0,0,1,1,0,0,0,0,0,0,0,0,0,0,0,0,0,Sobrecalentamiento,Limpieza interna y pasta térmica,40.04
3095,Laptop,1,0,1,1,1,0,0,0,0,0,0,0,1,1,0,0,0,0,Sobrecalentamiento,Limpieza interna y pasta térmica,44.15
3096,PC de escritorio,1,0,1,1,1,0,1,0,1,0,0,0,0,0,0,0,1,1,Sobrecalentamiento,Limpieza interna y pasta térmica,46.77
3097,PC de escritorio,1,0,0,1,0,0,0,0,0,0,0,0,0,1,0,0,0,0,Sobrecalentamiento,Limpieza interna y pasta térmica,49.24
3098,PC de escritorio,0,0,0,0,1,0,0,0,0,0,0,0,0,1,0,0,0,0,Sobrecalentamiento,Limpieza interna y pasta térmica,40.15
3099,Laptop,1,0,0,1,0,1,1,0,0,0,0,0,1,0,0,0,0,1,Sobrecalentamiento,Limpieza interna y pasta térmica,48.59
3100,Laptop,0,0,0,0,1,0,0,0,0,0,0,0,0,0,0,0,0,0,Sobrecalentamiento,Limpieza interna y pasta térmica,46.53
3101,PC de escritorio,1,0,1,1,1,0,0,0,0,0,0,0,0,0,0,0,0,0,Sobrecalentamiento,Limpieza interna y pasta térmica,45.74
3102,Laptop,1,1,0,1,1,0,0,1,0,1,0,0,1,1,0,0,0,0,Sobrecalentamiento,Limpieza interna y pasta térmica,46.19
3103,Laptop,1,0,0,0,0,0,0,0,0,0,0,0,1,1,0,0,0,0,Sobrecalentamiento,Limpieza interna y pasta térmica,43.89
3104,PC de escritorio,0,0,0,0,1,0,0,0,0,0,0,0,0,1,0,0,0,0,Sobrecalentamiento,Limpieza interna y pasta térmica,44.51
3105,Laptop,0,0,1,1,1,0,0,0,0,0,0,0,0,0,0,0,0,0,Sobrecalentamiento,Limpieza interna y pasta térmica,43.61
3106,Laptop,1,0,1,1,0,0,0,0,0,0,0,0,0,0,0,0,0,0,Sobrecalentamiento,Limpieza interna y pasta térmica,48.1
3107,Laptop,1,0,0,1,1,0,0,0,0,0,0,0,0,1,0,1,0,0,Sobrecalentamiento,Limpieza interna y pasta térmica,46.78
3108,Laptop,1,0,0,1,1,0,0,1,0,0,0,1,1,0,1,1,0,0,Sobrecalentamiento,Limpieza interna y pasta térmica,44.0
3109,Laptop,1,0,0,1,0,0,0,0,0,0,0,0,0,0,0,0,0,0,Sobrecalentamiento,Limpieza interna y pasta térmica,47.33
3110,PC de escritorio,1,0,1,1,1,0,0,0,0,0,1,0,0,0,0,0,0,1,Sobrecalentamiento,Limpieza interna y pasta térmica,43.87
3111,Laptop,1,0,0,1,1,0,0,0,0,0,0,0,1,0,1,0,0,0,Sobrecalentamiento,Limpieza interna y pasta térmica,43.18
3112,Laptop,1,1,1,1,0,0,0,0,0,0,1,0,1,0,0,0,0,0,Sobrecalentamiento,Limpieza interna y pasta térmica,40.1
3113,PC de escritorio,0,0,0,1,1,0,0,0,0,0,0,0,0,0,0,0,0,0,Sobrecalentamiento,Limpieza interna y pasta térmica,42.28
3114,Laptop,1,0,0,1,0,0,0,0,0,0,1,0,1,0,0,0,0,0,Sobrecalentamiento,Limpieza interna y pasta térmica,46.24
3115,PC de escritorio,1,0,1,1,1,0,0,0,0,0,0,0,0,0,0,0,0,0,Sobrecalentamiento,Limpieza interna y pasta térmica,43.82
3116,PC de escritorio,1,0,1,1,0,0,0,0,0,0,0,0,0,0,0,0,0,0,Sobrecalentamiento,Limpieza interna y pasta térmica,41.38
3117,Laptop,1,0,0,0,0,0,0,0,0,0,0,0,0,0,0,0,0,0,Sobrecalentamiento,Limpieza interna y pasta térmica,41.56
3118,PC de escritorio,1,0,0,1,1,0,0,0,0,0,0,0,1,0,0,0,0,0,Sobrecalentamiento,Limpieza interna y pasta térmica,43.4
3119,PC de escritorio,1,0,0,1,1,0,0,0,0,0,0,0,1,0,0,0,0,0,Sobrecalentamiento,Limpieza interna y pasta térmica,48.05
3120,PC de escritorio,1,0,0,1,1,0,0,1,0,0,0,0,1,0,0,0,0,0,Sobrecalentamiento,Limpieza interna y pasta térmica,44.31
3121,PC de escritorio,1,0,0,1,0,0,0,0,0,0,0,0,0,0,0,1,0,0,Sobrecalentamiento,Limpieza interna y pasta térmica,44.2
3122,Laptop,1,0,0,1,0,0,0,0,0,0,0,0,0,0,0,0,0,0,Sobrecalentamiento,Limpieza interna y pasta térmica,49.06
3123,Laptop,0,0,0,1,0,0,0,0,0,0,0,0,0,0,0,0,0,0,Sobrecalentamiento,Limpieza interna y pasta térmica,46.5
3124,PC de escritorio,1,1,0,1,1,1,0,1,0,0,0,0,1,0,0,0,0,0,Sobrecalentamiento,Limpieza interna y pasta térmica,42.6
3125,Laptop,1,0,0,1,1,0,0,0,0,0,0,0,1,0,0,0,1,0,Sobrecalentamiento,Limpieza interna y pasta térmica,49.15
3126,PC de escritorio,1,0,1,1,1,0,0,0,0,0,0,0,0,0,0,0,0,0,Sobrecalentamiento,Limpieza interna y pasta térmica,41.7
3127,Laptop,1,0,0,1,0,0,0,0,0,0,0,0,0,0,0,1,0,1,Sobrecalentamiento,Limpieza interna y pasta térmica,48.48
3128,Laptop,0,0,0,1,0,0,0,0,0,0,0,0,0,0,0,0,0,0,Sobrecalentamiento,Limpieza interna y pasta térmica,40.56
3129,Laptop,1,0,0,1,1,0,0,0,1,0,0,1,0,0,0,0,0,0,Sobrecalentamiento,Limpieza interna y pasta térmica,43.21
3130,PC de escritorio,1,0,0,1,0,0,0,0,0,0,0,0,1,0,0,0,0,0,Sobrecalentamiento,Limpieza interna y pasta térmica,49.91
3131,PC de escritorio,1,0,0,1,0,0,0,0,0,0,0,0,1,0,1,0,0,0,Sobrecalentamiento,Limpieza interna y pasta térmica,45.76
3132,PC de escritorio,1,1,0,1,0,0,0,1,0,0,0,0,0,0,0,0,0,0,Sobrecalentamiento,Limpieza interna y pasta térmica,46.27
3133,Laptop,1,0,0,1,0,0,0,0,0,0,0,0,0,0,0,0,0,0,Sobrecalentamiento,Limpieza interna y pasta térmica,47.4
3134,Laptop,1,0,1,1,0,0,0,1,0,0,0,0,0,0,0,0,0,0,Sobrecalentamiento,Limpieza interna y pasta térmica,44.18
3135,PC de escritorio,1,1,0,1,1,1,0,1,1,1,0,0,0,0,0,0,0,0,Sobrecalentamiento,Limpieza interna y pasta térmica,49.17
3136,Laptop,0,0,0,0,1,0,0,0,0,0,0,0,1,0,0,0,0,0,Sobrecalentamiento,Limpieza interna y pasta térmica,45.58
3137,PC de escritorio,1,0,0,1,0,0,0,0,0,0,0,0,1,0,0,0,0,0,Sobrecalentamiento,Limpieza interna y pasta térmica,46.02
3138,PC de escritorio,1,0,0,1,1,0,0,0,0,0,0,0,0,0,0,0,0,0,Sobrecalentamiento,Limpieza interna y pasta térmica,45.4
3139,Laptop,1,0,1,1,1,0,0,0,0,0,0,1,1,1,0,0,0,0,Sobrecalentamiento,Limpieza interna y pasta térmica,47.95
3140,PC de escritorio,1,0,0,1,1,0,0,0,0,0,0,0,1,0,0,0,0,0,Sobrecalentamiento,Limpieza interna y pasta térmica,43.95
3141,PC de escritorio,1,0,0,1,1,0,1,0,0,0,0,0,1,1,0,0,0,0,Sobrecalentamiento,Limpieza interna y pasta térmica,48.29
3142,PC de escritorio,1,0,1,1,1,0,0,1,0,0,1,0,0,1,0,0,0,0,Sobrecalentamiento,Limpieza interna y pasta térmica,49.99
3143,PC de escritorio,1,0,0,1,0,0,0,0,0,0,0,0,0,0,0,0,0,0,Sobrecalentamiento,Limpieza interna y pasta térmica,46.9
3144,Laptop,1,0,1,1,0,0,0,0,0,0,0,0,0,1,0,0,0,0,Sobrecalentamiento,Limpieza interna y pasta térmica,47.39
3145,PC de escritorio,1,0,1,1,1,1,0,0,0,0,0,0,0,0,0,0,0,1,Sobrecalentamiento,Limpieza interna y pasta térmica,41.58
3146,PC de escritorio,1,0,1,1,1,0,0,0,1,0,0,0,1,0,0,0,0,0,Sobrecalentamiento,Limpieza interna y pasta térmica,42.78
3147,PC de escritorio,1,0,1,1,0,0,0,0,0,0,0,0,1,0,0,0,0,0,Sobrecalentamiento,Limpieza interna y pasta térmica,44.76
3148,PC de escritorio,1,0,1,1,1,0,0,0,0,1,1,1,1,1,0,0,1,0,Sobrecalentamiento,Limpieza interna y pasta térmica,49.91
3149,Laptop,1,0,0,1,1,0,0,0,0,0,0,0,1,1,0,0,0,0,Sobrecalentamiento,Limpieza interna y pasta térmica,41.56
3150,PC de escritorio,1,0,0,1,1,0,0,0,0,0,0,0,1,0,0,0,0,0,Sobrecalentamiento,Limpieza interna y pasta térmica,45.62
3151,PC de escritorio,1,0,0,1,0,0,0,0,0,0,0,0,0,0,0,0,0,0,Sobrecalentamiento,Limpieza interna y pasta térmica,44.99
3152,Laptop,1,0,0,1,1,0,0,1,0,0,0,0,0,0,0,0,0,0,Sobrecalentamiento,Limpieza interna y pasta térmica,44.08
3153,PC de escritorio,1,0,0,1,1,0,0,0,0,0,0,0,0,0,0,0,0,0,Sobrecalentamiento,Limpieza interna y pasta térmica,46.6
3154,PC de escritorio,1,0,0,1,1,0,0,0,0,0,0,0,1,1,0,0,0,0,Sobrecalentamiento,Limpieza interna y pasta térmica,44.95
3155,Laptop,1,1,0,1,1,0,1,0,0,0,0,0,1,1,0,0,0,0,Sobrecalentamiento,Limpieza interna y pasta térmica,48.09
3156,PC de escritorio,1,0,0,1,1,0,0,1,0,0,0,0,1,0,0,0,0,0,Sobrecalentamiento,Limpieza interna y pasta térmica,40.55
3157,PC de escritorio,1,0,0,0,1,0,0,0,0,0,0,0,0,0,0,0,0,0,Sobrecalentamiento,Limpieza interna y pasta térmica,46.05
3158,Laptop,1,0,0,1,0,0,0,0,1,0,0,0,0,0,0,0,0,0,Sobrecalentamiento,Limpieza interna y pasta térmica,40.15
3159,Laptop,0,0,0,1,0,0,0,0,0,1,1,0,0,0,0,0,0,0,Sobrecalentamiento,Limpieza interna y pasta térmica,41.04
3160,Laptop,1,0,0,0,0,0,0,0,0,0,0,0,0,0,0,0,0,0,Sobrecalentamiento,Limpieza interna y pasta térmica,49.77
3161,PC de escritorio,1,0,0,1,0,0,0,0,0,0,0,0,0,0,1,0,0,0,Sobrecalentamiento,Limpieza interna y pasta térmica,48.78
3162,Laptop,1,0,0,1,1,0,0,0,0,0,0,0,1,0,0,0,0,0,Sobrecalentamiento,Limpieza interna y pasta térmica,42.45
3163,Laptop,0,0,0,0,1,0,0,0,0,0,0,0,1,0,0,0,0,0,Sobrecalentamiento,Limpieza interna y pasta térmica,48.8
3164,Laptop,1,0,0,1,0,0,0,0,0,0,0,0,0,0,0,0,0,0,Sobrecalentamiento,Limpieza interna y pasta térmica,48.38
3165,Laptop,0,0,1,1,1,0,0,0,0,0,0,0,1,0,0,0,0,0,Sobrecalentamiento,Limpieza interna y pasta térmica,40.61
3166,PC de escritorio,1,0,0,1,1,0,0,0,0,0,0,0,1,0,0,0,0,0,Sobrecalentamiento,Limpieza interna y pasta térmica,49.66
3167,Laptop,0,0,0,1,0,0,0,0,0,1,0,0,0,0,0,0,0,0,Sobrecalentamiento,Limpieza interna y pasta térmica,48.29
3168,PC de escritorio,1,0,0,1,0,0,0,0,0,0,0,0,1,0,0,0,0,0,Sobrecalentamiento,Limpieza interna y pasta térmica,42.49
3169,PC de escritorio,0,0,1,0,0,0,0,0,0,0,0,0,0,0,0,0,0,0,Sobrecalentamiento,Limpieza interna y pasta térmica,40.75
3170,PC de escritorio,1,0,0,1,0,0,0,0,0,0,0,0,0,0,0,0,0,0,Sobrecalentamiento,Limpieza interna y pasta térmica,42.26
3171,PC de escritorio,0,0,0,1,1,0,1,0,0,0,0,0,0,1,0,0,0,0,Sobrecalentamiento,Limpieza interna y pasta térmica,45.21
3172,Laptop,1,0,1,1,1,0,0,0,0,0,0,0,1,1,1,0,1,0,Sobrecalentamiento,Limpieza interna y pasta térmica,47.94
3173,Laptop,1,0,0,1,1,0,0,0,1,0,0,0,1,0,0,0,0,0,Sobrecalentamiento,Limpieza interna y pasta térmica,49.53
3174,Laptop,1,0,0,0,1,0,0,0,0,0,0,0,1,0,1,0,0,0,Sobrecalentamiento,Limpieza interna y pasta térmica,42.31
3175,PC de escritorio,1,0,1,1,1,0,0,0,1,0,0,0,0,0,0,0,1,0,Sobrecalentamiento,Limpieza interna y pasta térmica,43.74
3176,PC de escritorio,1,0,0,1,1,0,0,1,0,0,0,0,1,0,0,1,1,0,Sobrecalentamiento,Limpieza interna y pasta térmica,40.71
3177,Laptop,1,0,1,1,0,0,0,0,0,0,0,0,0,0,0,0,0,0,Sobrecalentamiento,Limpieza interna y pasta térmica,44.06
3178,PC de escritorio,1,0,0,1,0,0,0,0,0,0,0,0,0,0,0,0,0,0,Sobrecalentamiento,Limpieza interna y pasta térmica,44.98
3179,PC de escritorio,1,1,1,1,1,0,0,1,0,0,0,0,0,1,0,1,0,1,Sobrecalentamiento,Limpieza interna y pasta térmica,43.05
3180,Laptop,0,0,1,1,0,0,0,0,0,0,0,0,0,0,0,0,0,0,Sobrecalentamiento,Limpieza interna y pasta térmica,48.77
3181,PC de escritorio,0,0,1,1,0,0,0,0,0,0,0,1,0,0,0,0,0,0,Sobrecalentamiento,Limpieza interna y pasta térmica,47.72
3182,Laptop,1,0,0,0,1,0,0,0,0,0,0,0,1,0,0,0,0,0,Sobrecalentamiento,Limpieza interna y pasta térmica,48.14
3183,PC de escritorio,1,0,0,1,1,0,0,0,0,0,0,0,0,1,0,0,0,0,Sobrecalentamiento,Limpieza interna y pasta térmica,40.59
3184,Laptop,1,0,0,1,1,0,0,0,0,0,0,0,0,0,0,0,0,0,Sobrecalentamiento,Limpieza interna y pasta térmica,47.5
3185,Laptop,1,0,1,1,0,0,0,0,0,1,0,0,0,1,0,0,0,0,Sobrecalentamiento,Limpieza interna y pasta térmica,42.26
3186,PC de escritorio,1,0,0,1,0,0,0,0,0,0,0,0,0,0,0,0,0,0,Sobrecalentamiento,Limpieza interna y pasta térmica,43.13
3187,PC de escritorio,1,0,0,1,0,1,0,1,0,0,0,0,0,0,0,0,0,1,Sobrecalentamiento,Limpieza interna y pasta térmica,44.95
3188,PC de escritorio,0,0,0,0,0,0,0,0,0,0,0,1,1,0,0,0,0,0,Sobrecalentamiento,Limpieza interna y pasta térmica,48.99
3189,PC de escritorio,1,0,0,1,0,1,0,0,0,0,0,0,1,0,0,0,0,0,Sobrecalentamiento,Limpieza interna y pasta térmica,47.59
3190,PC de escritorio,1,0,1,1,1,0,0,0,0,0,0,0,0,1,0,0,0,0,Sobrecalentamiento,Limpieza interna y pasta térmica,43.73
3191,PC de escritorio,1,0,0,1,0,0,0,0,0,0,0,0,1,0,0,0,0,0,Sobrecalentamiento,Limpieza interna y pasta térmica,43.93
3192,Laptop,1,0,0,1,0,0,0,0,0,0,0,0,0,0,0,0,0,0,Sobrecalentamiento,Limpieza interna y pasta térmica,44.95
3193,Laptop,1,0,1,1,0,1,0,0,0,0,0,0,1,0,0,0,1,1,Sobrecalentamiento,Limpieza interna y pasta térmica,47.31
3194,Laptop,1,0,0,1,1,0,0,0,0,0,0,0,0,0,0,0,0,0,Sobrecalentamiento,Limpieza interna y pasta térmica,47.22
3195,Laptop,1,0,1,1,1,0,1,0,0,0,0,0,1,1,1,0,0,0,Sobrecalentamiento,Limpieza interna y pasta térmica,45.2
3196,PC de escritorio,1,0,1,1,1,0,0,0,0,0,0,0,1,0,0,0,0,0,Sobrecalentamiento,Limpieza interna y pasta térmica,41.56
3197,Laptop,1,0,0,1,0,0,0,0,0,0,0,0,1,0,0,0,0,0,Sobrecalentamiento,Limpieza interna y pasta térmica,44.12
3198,PC de escritorio,1,0,0,1,1,0,0,0,0,0,0,0,0,0,0,1,0,0,Sobrecalentamiento,Limpieza interna y pasta térmica,49.4
3199,Laptop,1,0,0,1,0,0,0,0,0,0,0,0,0,0,0,0,0,0,Sobrecalentamiento,Limpieza interna y pasta térmica,44.71
3200,Laptop,1,0,0,1,0,0,0,0,0,0,0,0,0,0,0,0,0,0,Sobrecalentamiento,Limpieza interna y pasta térmica,40.49
3201,Laptop,1,0,0,1,0,0,0,0,0,1,0,0,0,0,0,0,0,0,Sobrecalentamiento,Limpieza interna y pasta térmica,47.37
3202,PC de escritorio,1,0,0,1,0,1,0,0,0,0,0,0,0,0,1,0,1,1,Sobrecalentamiento,Limpieza interna y pasta térmica,45.4
3203,Laptop,1,0,0,0,0,0,0,0,0,0,0,0,0,1,0,0,0,0,Sobrecalentamiento,Limpieza interna y pasta térmica,46.5
3204,Laptop,1,0,0,1,1,0,0,0,1,0,0,0,0,0,0,0,0,0,Sobrecalentamiento,Limpieza interna y pasta térmica,47.84
3205,Laptop,1,1,0,1,1,0,0,0,0,0,0,0,0,0,0,0,0,0,Sobrecalentamiento,Limpieza interna y pasta térmica,48.41
3206,Laptop,1,1,0,1,1,0,0,0,0,0,0,0,1,0,0,0,0,0,Sobrecalentamiento,Limpieza interna y pasta térmica,45.8
3207,Laptop,1,0,1,1,1,0,0,0,0,0,0,0,1,0,0,0,0,0,Sobrecalentamiento,Limpieza interna y pasta térmica,41.0
3208,Laptop,0,0,0,1,1,0,0,0,0,0,0,0,0,0,0,0,0,0,Sobrecalentamiento,Limpieza interna y pasta térmica,41.09
3209,PC de escritorio,1,0,0,1,1,0,0,0,0,0,0,0,0,0,0,0,0,0,Sobrecalentamiento,Limpieza interna y pasta térmica,48.37
3210,PC de escritorio,1,0,0,1,1,0,0,0,0,0,0,1,1,0,0,0,0,0,Sobrecalentamiento,Limpieza interna y pasta térmica,43.26
3211,PC de escritorio,1,0,0,1,0,0,1,1,0,0,0,0,0,0,1,0,0,0,Sobrecalentamiento,Limpieza interna y pasta térmica,40.91
3212,Laptop,1,0,0,1,0,0,1,0,0,1,0,0,1,0,0,1,0,0,Sobrecalentamiento,Limpieza interna y pasta térmica,42.75
3213,Laptop,0,0,0,0,0,0,0,0,0,0,0,0,0,0,0,0,0,0,Sobrecalentamiento,Limpieza interna y pasta térmica,42.63
3214,Laptop,0,0,0,1,1,0,0,0,0,0,0,0,0,0,0,0,0,0,Sobrecalentamiento,Limpieza interna y pasta térmica,42.86
3215,Laptop,1,0,0,0,1,0,0,0,0,0,0,0,0,0,0,0,0,0,Sobrecalentamiento,Limpieza interna y pasta térmica,44.1
3216,PC de escritorio,1,0,0,1,0,0,0,0,0,0,0,0,1,0,0,0,0,0,Sobrecalentamiento,Limpieza interna y pasta térmica,49.9
3217,Laptop,0,0,0,1,0,0,0,0,0,0,1,0,0,1,0,0,0,0,Sobrecalentamiento,Limpieza interna y pasta térmica,41.05
3218,Laptop,0,0,1,1,1,0,0,0,0,0,0,0,0,0,0,0,0,0,Sobrecalentamiento,Limpieza interna y pasta térmica,49.92
3219,PC de escritorio,1,0,1,1,0,0,0,0,0,0,0,0,0,0,0,0,0,0,Sobrecalentamiento,Limpieza interna y pasta térmica,40.9
3220,Laptop,1,0,0,1,0,0,0,0,0,0,0,0,0,1,0,0,0,0,Sobrecalentamiento,Limpieza interna y pasta térmica,40.85
3221,Laptop,1,0,1,1,0,0,0,0,0,0,0,0,1,0,0,0,0,0,Sobrecalentamiento,Limpieza interna y pasta térmica,42.4
3222,Laptop,0,0,0,1,1,0,0,0,0,0,0,0,0,0,0,0,0,0,Sobrecalentamiento,Limpieza interna y pasta térmica,43.18
3223,PC de escritorio,1,0,1,1,0,0,0,0,0,0,0,0,0,0,0,0,0,0,Sobrecalentamiento,Limpieza interna y pasta térmica,47.15
3224,Laptop,1,0,0,0,0,0,0,0,0,0,0,0,0,0,0,0,0,0,Sobrecalentamiento,Limpieza interna y pasta térmica,45.68
3225,PC de escritorio,1,0,0,0,0,0,0,0,0,0,1,0,1,0,0,0,0,1,Sobrecalentamiento,Limpieza interna y pasta térmica,44.79
3226,PC de escritorio,1,1,1,1,0,0,1,0,0,0,0,0,0,0,1,0,0,1,Sobrecalentamiento,Limpieza interna y pasta térmica,46.72
3227,Laptop,1,0,1,1,1,0,0,0,0,0,1,0,0,0,0,0,0,0,Sobrecalentamiento,Limpieza interna y pasta térmica,41.77
3228,PC de escritorio,1,0,1,0,1,1,0,1,0,1,0,0,0,0,0,0,0,0,Sobrecalentamiento,Limpieza interna y pasta térmica,41.79
3229,Laptop,1,0,1,1,0,0,0,0,0,0,0,0,0,0,0,0,0,0,Sobrecalentamiento,Limpieza interna y pasta térmica,45.91
3230,PC de escritorio,1,0,0,1,0,0,0,0,0,0,0,0,0,0,0,0,0,0,Sobrecalentamiento,Limpieza interna y pasta térmica,47.3
3231,Laptop,1,0,1,1,1,0,0,0,0,0,0,0,0,0,0,0,0,0,Sobrecalentamiento,Limpieza interna y pasta térmica,47.63
3232,PC de escritorio,1,0,0,1,0,0,0,0,0,0,0,0,0,0,0,0,0,0,Sobrecalentamiento,Limpieza interna y pasta térmica,48.53
3233,Laptop,1,0,0,1,1,0,0,0,1,1,0,0,1,0,0,0,1,0,Sobrecalentamiento,Limpieza interna y pasta térmica,49.85
3234,PC de escritorio,1,0,0,1,1,0,0,0,0,0,0,0,0,0,0,0,0,0,Sobrecalentamiento,Limpieza interna y pasta térmica,42.31
3235,PC de escritorio,0,0,0,1,1,0,0,0,0,0,0,0,0,0,0,0,0,0,Sobrecalentamiento,Limpieza interna y pasta térmica,40.42
3236,Laptop,1,0,0,1,1,0,0,0,0,0,0,0,0,0,0,0,0,0,Sobrecalentamiento,Limpieza interna y pasta térmica,49.69
3237,PC de escritorio,0,0,1,0,1,0,0,0,0,0,0,0,0,0,0,0,0,0,Sobrecalentamiento,Limpieza interna y pasta térmica,40.93
3238,PC de escritorio,0,0,1,0,1,0,0,0,0,0,0,0,0,0,0,0,0,0,Sobrecalentamiento,Limpieza interna y pasta térmica,48.44
3239,PC de escritorio,1,0,0,1,0,0,0,0,0,0,0,0,1,0,0,0,0,0,Sobrecalentamiento,Limpieza interna y pasta térmica,42.52
3240,Laptop,1,1,1,1,1,0,0,0,0,0,0,0,1,1,0,1,0,0,Sobrecalentamiento,Limpieza interna y pasta térmica,40.89
3241,PC de escritorio,1,0,0,1,1,0,0,0,0,0,0,0,1,0,0,0,0,0,Sobrecalentamiento,Limpieza interna y pasta térmica,44.94
3242,PC de escritorio,1,0,0,1,1,0,0,0,0,0,0,0,0,0,0,0,0,0,Sobrecalentamiento,Limpieza interna y pasta térmica,44.78
3243,Laptop,1,0,0,1,1,0,0,0,0,0,0,0,0,0,0,0,0,0,Sobrecalentamiento,Limpieza interna y pasta térmica,49.92
3244,PC de escritorio,1,0,0,1,1,0,0,0,0,0,0,0,0,1,0,0,0,0,Sobrecalentamiento,Limpieza interna y pasta térmica,40.12
3245,PC de escritorio,1,0,1,1,1,0,0,1,0,0,0,0,0,0,0,0,1,0,Sobrecalentamiento,Limpieza interna y pasta térmica,46.64
3246,Laptop,1,0,0,1,1,0,0,0,0,0,0,0,0,0,0,0,0,0,Sobrecalentamiento,Limpieza interna y pasta térmica,45.04
3247,Laptop,0,0,0,1,0,0,0,0,0,0,0,0,0,1,0,0,0,0,Sobrecalentamiento,Limpieza interna y pasta térmica,43.28
3248,Laptop,1,0,0,1,0,0,0,0,0,0,0,0,0,0,0,0,0,0,Sobrecalentamiento,Limpieza interna y pasta térmica,48.42
3249,Laptop,1,1,0,1,0,0,0,0,0,0,0,0,0,1,0,0,0,0,Sobrecalentamiento,Limpieza interna y pasta térmica,44.42
3250,PC de escritorio,1,0,0,0,0,0,0,0,0,0,0,0,1,0,0,0,0,0,Sobrecalentamiento,Limpieza interna y pasta térmica,49.73
3251,PC de escritorio,1,0,0,1,1,0,0,0,0,0,0,0,0,0,0,1,0,0,Sobrecalentamiento,Limpieza interna y pasta térmica,45.05
3252,Laptop,1,0,0,1,1,0,0,0,1,0,0,1,0,0,0,0,0,0,Sobrecalentamiento,Limpieza interna y pasta térmica,50.0
3253,PC de escritorio,1,0,0,0,0,0,1,0,0,0,0,0,0,0,0,0,0,0,Sobrecalentamiento,Limpieza interna y pasta térmica,41.74
3254,PC de escritorio,1,0,0,1,1,0,0,0,0,0,0,0,0,0,0,0,0,0,Sobrecalentamiento,Limpieza interna y pasta térmica,43.19
3255,Laptop,1,0,0,1,1,0,0,0,0,0,0,0,1,1,0,0,0,0,Sobrecalentamiento,Limpieza interna y pasta térmica,48.82
3256,Laptop,1,0,1,1,1,0,0,0,0,0,0,1,0,0,0,0,0,1,Sobrecalentamiento,Limpieza interna y pasta térmica,44.37
3257,Laptop,0,0,0,1,1,0,0,0,0,0,0,0,0,0,0,0,0,0,Sobrecalentamiento,Limpieza interna y pasta térmica,49.57
3258,Laptop,1,1,0,1,1,0,0,0,0,0,0,0,0,0,1,0,0,0,Sobrecalentamiento,Limpieza interna y pasta térmica,41.15
3259,PC de escritorio,1,0,1,1,0,0,0,0,0,0,0,0,0,0,0,0,0,0,Sobrecalentamiento,Limpieza interna y pasta térmica,43.76
3260,PC de escritorio,1,0,0,0,1,0,0,0,1,0,0,0,0,0,0,0,0,0,Sobrecalentamiento,Limpieza interna y pasta térmica,41.33
3261,PC de escritorio,1,0,0,1,0,0,1,0,0,0,0,0,0,0,0,0,0,0,Sobrecalentamiento,Limpieza interna y pasta térmica,44.04
3262,Laptop,0,0,1,1,0,0,0,0,0,0,1,0,0,1,0,0,0,0,Sobrecalentamiento,Limpieza interna y pasta térmica,47.51
3263,Laptop,1,0,1,1,1,0,0,0,0,0,0,0,0,0,0,0,0,0,Sobrecalentamiento,Limpieza interna y pasta térmica,42.74
3264,PC de escritorio,1,0,1,1,0,0,0,0,0,0,0,0,0,0,0,0,0,0,Sobrecalentamiento,Limpieza interna y pasta térmica,48.26
3265,PC de escritorio,1,0,0,1,1,0,0,0,0,0,0,0,0,0,0,0,0,0,Sobrecalentamiento,Limpieza interna y pasta térmica,44.06
3266,PC de escritorio,0,0,0,1,0,0,0,0,0,0,0,0,0,0,0,0,0,0,Sobrecalentamiento,Limpieza interna y pasta térmica,49.16
3267,PC de escritorio,1,0,1,1,1,0,1,0,0,1,0,1,0,1,0,1,0,0,Sobrecalentamiento,Limpieza interna y pasta térmica,46.52
3268,PC de escritorio,1,0,1,1,0,0,0,0,0,0,0,0,0,0,0,0,0,0,Sobrecalentamiento,Limpieza interna y pasta térmica,48.75
3269,PC de escritorio,1,0,0,1,0,0,0,0,0,0,0,0,0,0,0,0,0,0,Sobrecalentamiento,Limpieza interna y pasta térmica,46.49
3270,Laptop,1,0,0,1,1,0,0,0,0,0,0,0,1,0,0,0,0,0,Sobrecalentamiento,Limpieza interna y pasta térmica,46.07
3271,PC de escritorio,1,0,1,1,1,0,0,0,0,0,0,0,0,0,0,0,0,0,Sobrecalentamiento,Limpieza interna y pasta térmica,47.37
3272,PC de escritorio,1,0,0,1,0,0,0,0,0,0,0,0,1,0,0,0,0,0,Sobrecalentamiento,Limpieza interna y pasta térmica,45.61
3273,Laptop,0,1,1,1,1,0,1,0,0,1,0,0,0,0,0,1,0,0,Sobrecalentamiento,Limpieza interna y pasta térmica,43.77
3274,Laptop,1,0,0,1,1,0,0,0,0,0,0,1,0,1,0,0,0,1,Sobrecalentamiento,Limpieza interna y pasta térmica,42.62
3275,Laptop,1,0,0,1,1,0,1,0,0,0,0,0,0,1,0,0,0,0,Sobrecalentamiento,Limpieza interna y pasta térmica,44.81
3276,Laptop,1,0,0,1,0,0,0,0,0,0,0,0,1,1,0,0,0,0,Sobrecalentamiento,Limpieza interna y pasta térmica,45.75
3277,PC de escritorio,0,0,0,0,0,0,0,0,0,0,0,0,0,0,0,0,0,0,Sobrecalentamiento,Limpieza interna y pasta térmica,49.43
3278,PC de escritorio,0,0,0,1,0,0,0,0,0,0,0,0,0,0,0,0,0,0,Sobrecalentamiento,Limpieza interna y pasta térmica,42.73
3279,PC de escritorio,0,0,0,1,0,0,0,0,0,0,0,0,0,0,0,0,0,0,Sobrecalentamiento,Limpieza interna y pasta térmica,49.08
3280,PC de escritorio,1,0,0,1,1,0,0,0,0,1,1,0,0,1,0,0,1,0,Sobrecalentamiento,Limpieza interna y pasta térmica,47.39
3281,Laptop,1,1,0,1,1,0,1,1,1,0,0,1,0,0,0,0,1,0,Sobrecalentamiento,Limpieza interna y pasta térmica,44.06
3282,PC de escritorio,1,0,1,1,1,0,0,0,0,0,0,0,0,1,0,0,0,0,Sobrecalentamiento,Limpieza interna y pasta térmica,45.76
3283,PC de escritorio,1,1,0,1,1,1,0,0,0,1,0,0,0,1,0,0,0,0,Sobrecalentamiento,Limpieza interna y pasta térmica,48.43
3284,PC de escritorio,1,0,0,1,1,0,0,0,0,0,0,0,0,1,0,0,0,0,Sobrecalentamiento,Limpieza interna y pasta térmica,44.07
3285,Laptop,0,0,0,1,1,0,0,1,0,0,0,1,0,1,0,0,0,0,Sobrecalentamiento,Limpieza interna y pasta térmica,43.33
3286,Laptop,1,0,1,1,1,0,0,0,0,0,0,0,1,0,0,0,0,0,Sobrecalentamiento,Limpieza interna y pasta térmica,41.07
3287,Laptop,1,0,1,1,1,1,0,0,0,0,0,0,0,0,0,0,1,1,Sobrecalentamiento,Limpieza interna y pasta térmica,44.12
3288,PC de escritorio,1,0,0,1,1,0,0,0,0,0,1,0,1,0,0,1,0,0,Sobrecalentamiento,Limpieza interna y pasta térmica,49.0
3289,PC de escritorio,1,0,1,1,0,0,0,1,1,0,0,0,0,0,1,0,0,0,Sobrecalentamiento,Limpieza interna y pasta térmica,44.92
3290,PC de escritorio,0,0,0,1,0,0,0,0,0,0,0,0,0,0,0,0,0,0,Sobrecalentamiento,Limpieza interna y pasta térmica,42.35
3291,PC de escritorio,0,0,0,1,1,0,0,0,0,0,0,0,1,1,0,0,0,0,Sobrecalentamiento,Limpieza interna y pasta térmica,43.32
3292,PC de escritorio,0,0,1,1,0,0,0,0,0,0,0,0,1,0,0,0,0,0,Sobrecalentamiento,Limpieza interna y pasta térmica,40.76
3293,PC de escritorio,1,0,0,1,0,0,0,0,0,0,0,0,1,0,0,0,0,0,Sobrecalentamiento,Limpieza interna y pasta térmica,44.55
3294,Laptop,1,0,0,1,1,1,0,1,0,0,1,0,1,0,0,0,0,0,Sobrecalentamiento,Limpieza interna y pasta térmica,41.03
3295,Laptop,1,0,1,1,0,0,0,1,0,0,0,0,0,0,0,0,0,0,Sobrecalentamiento,Limpieza interna y pasta térmica,49.2
3296,Laptop,0,0,1,1,0,0,0,0,0,0,0,0,1,0,0,0,0,0,Sobrecalentamiento,Limpieza interna y pasta térmica,49.57
3297,Laptop,1,1,0,1,1,0,0,0,0,1,0,1,0,1,0,0,0,0,Sobrecalentamiento,Limpieza interna y pasta térmica,48.12
3298,Laptop,1,0,1,0,0,0,0,0,0,0,0,0,0,1,0,0,0,0,Sobrecalentamiento,Limpieza interna y pasta térmica,40.37
3299,Laptop,1,0,1,1,1,0,0,0,1,0,1,0,0,0,0,0,1,0,Sobrecalentamiento,Limpieza interna y pasta térmica,46.19
3300,Laptop,1,0,0,1,0,0,0,1,0,0,0,0,0,1,0,0,0,1,Sobrecalentamiento,Limpieza interna y pasta térmica,44.24
3301,Laptop,1,0,1,1,1,0,0,0,0,0,0,0,1,1,0,0,0,0,Sobrecalentamiento,Limpieza interna y pasta térmica,41.14
3302,PC de escritorio,0,0,0,1,1,0,0,0,0,0,0,0,0,1,0,0,0,0,Sobrecalentamiento,Limpieza interna y pasta térmica,44.99
3303,Laptop,1,0,1,1,0,0,0,0,0,0,1,0,1,0,0,1,1,1,Sobrecalentamiento,Limpieza interna y pasta térmica,40.63
3304,Laptop,0,0,0,1,1,0,0,0,0,0,0,0,0,0,0,0,0,0,Sobrecalentamiento,Limpieza interna y pasta térmica,49.58
3305,Laptop,1,0,1,1,1,0,0,0,0,0,0,0,0,0,0,0,0,0,Sobrecalentamiento,Limpieza interna y pasta térmica,48.82
3306,PC de escritorio,1,0,1,1,1,0,0,0,0,0,0,0,0,0,0,1,0,0,Sobrecalentamiento,Limpieza interna y pasta térmica,47.57
3307,PC de escritorio,1,0,0,1,1,0,0,0,0,0,0,0,0,0,0,0,0,0,Sobrecalentamiento,Limpieza interna y pasta térmica,43.58
3308,PC de escritorio,1,0,0,1,1,0,0,0,0,0,0,0,0,1,1,0,0,0,Sobrecalentamiento,Limpieza interna y pasta térmica,45.91
3309,PC de escritorio,0,0,0,1,0,0,0,0,0,0,0,0,1,0,0,0,0,0,Sobrecalentamiento,Limpieza interna y pasta térmica,43.65
3310,PC de escritorio,1,0,1,1,1,0,1,0,0,0,0,0,1,0,1,0,0,0,Sobrecalentamiento,Limpieza interna y pasta térmica,44.56
3311,Laptop,1,0,0,1,1,0,0,0,0,0,0,0,0,0,1,0,0,0,Sobrecalentamiento,Limpieza interna y pasta térmica,46.63
3312,Laptop,1,0,0,1,0,0,1,0,0,0,0,0,1,0,0,0,0,0,Sobrecalentamiento,Limpieza interna y pasta térmica,45.19
3313,Laptop,1,0,0,1,0,0,0,0,0,0,0,0,0,0,0,0,0,0,Sobrecalentamiento,Limpieza interna y pasta térmica,41.12
3314,Laptop,0,0,1,1,0,0,0,0,0,0,0,0,0,0,0,0,0,0,Sobrecalentamiento,Limpieza interna y pasta térmica,43.27
3315,Laptop,0,0,1,1,1,0,0,0,0,0,0,0,0,0,0,0,0,0,Sobrecalentamiento,Limpieza interna y pasta térmica,48.53
3316,Laptop,1,1,0,1,0,0,0,0,0,0,0,1,0,0,0,0,0,1,Sobrecalentamiento,Limpieza interna y pasta térmica,42.81
3317,PC de escritorio,1,0,0,1,1,0,0,0,1,0,0,0,0,1,0,1,0,0,Sobrecalentamiento,Limpieza interna y pasta térmica,46.43
3318,PC de escritorio,1,0,0,1,0,0,0,0,0,0,0,0,1,0,0,0,0,0,Sobrecalentamiento,Limpieza interna y pasta térmica,45.34
3319,Laptop,0,0,1,1,0,0,0,0,0,0,0,0,0,0,0,0,0,0,Sobrecalentamiento,Limpieza interna y pasta térmica,44.48
3320,Laptop,1,0,0,1,1,1,0,0,0,1,0,0,1,0,0,0,0,1,Sobrecalentamiento,Limpieza interna y pasta térmica,41.15
3321,Laptop,1,0,0,1,1,0,0,0,0,0,0,0,0,0,0,0,0,0,Sobrecalentamiento,Limpieza interna y pasta térmica,46.52
3322,Laptop,1,0,0,1,0,0,0,0,1,0,1,0,1,1,0,0,0,0,Sobrecalentamiento,Limpieza interna y pasta térmica,40.87
3323,PC de escritorio,1,0,0,1,0,1,0,0,1,1,1,0,1,0,0,0,1,0,Sobrecalentamiento,Limpieza interna y pasta térmica,49.59
3324,Laptop,1,0,1,1,1,0,0,0,0,0,0,0,0,0,0,0,0,0,Sobrecalentamiento,Limpieza interna y pasta térmica,48.34
3325,Laptop,1,0,1,1,0,0,0,0,0,0,0,0,0,1,1,0,0,0,Sobrecalentamiento,Limpieza interna y pasta térmica,49.04
3326,PC de escritorio,1,0,0,1,1,0,0,0,0,0,0,0,0,0,0,0,1,0,Sobrecalentamiento,Limpieza interna y pasta térmica,45.26
3327,PC de escritorio,1,0,1,1,0,0,0,1,0,0,0,0,1,0,0,0,0,0,Sobrecalentamiento,Limpieza interna y pasta térmica,40.79
3328,Laptop,1,0,0,1,0,1,0,0,0,0,0,0,0,0,0,0,1,0,Sobrecalentamiento,Limpieza interna y pasta térmica,48.99
3329,Laptop,1,0,0,0,1,0,0,0,0,0,0,0,0,0,0,0,0,0,Sobrecalentamiento,Limpieza interna y pasta térmica,49.11
3330,Laptop,1,0,0,1,1,0,0,0,0,0,0,0,0,1,0,0,0,0,Sobrecalentamiento,Limpieza interna y pasta térmica,49.88
3331,Laptop,1,0,0,1,1,0,0,0,0,0,0,0,1,0,0,0,0,0,Sobrecalentamiento,Limpieza interna y pasta térmica,47.31
3332,PC de escritorio,1,0,0,1,1,0,0,1,0,0,0,0,0,0,0,0,0,0,Sobrecalentamiento,Limpieza interna y pasta térmica,41.51
3333,Laptop,1,1,0,1,0,0,0,0,0,0,0,1,1,1,0,0,0,1,Sobrecalentamiento,Limpieza interna y pasta térmica,46.45
3334,PC de escritorio,0,0,0,1,1,0,0,0,0,0,0,0,0,0,0,0,0,0,Sobrecalentamiento,Limpieza interna y pasta térmica,47.0
3335,Laptop,1,0,0,1,1,0,1,0,0,0,0,0,0,0,0,0,0,0,Sobrecalentamiento,Limpieza interna y pasta térmica,44.64
3336,Laptop,1,0,0,1,1,0,0,0,0,0,0,0,0,0,0,0,0,0,Sobrecalentamiento,Limpieza interna y pasta térmica,48.99
3337,Laptop,0,0,1,1,0,0,0,0,0,0,0,0,1,0,0,0,0,1,Sobrecalentamiento,Limpieza interna y pasta térmica,44.64
3338,Laptop,1,0,0,1,0,0,0,0,0,0,0,0,1,0,0,0,0,0,Sobrecalentamiento,Limpieza interna y pasta térmica,44.97
3339,Laptop,1,0,0,1,1,0,1,1,0,1,0,1,1,0,0,0,0,0,Sobrecalentamiento,Limpieza interna y pasta térmica,47.38
3340,Laptop,1,0,0,1,0,0,0,0,0,0,0,0,0,0,0,0,0,0,Sobrecalentamiento,Limpieza interna y pasta térmica,47.28
3341,Laptop,0,0,0,1,0,0,0,0,0,0,0,0,1,0,0,0,0,1,Sobrecalentamiento,Limpieza interna y pasta térmica,41.13
3342,PC de escritorio,1,0,0,1,1,0,0,0,0,1,0,0,1,0,0,0,0,0,Sobrecalentamiento,Limpieza interna y pasta térmica,41.86
3343,Laptop,0,0,0,0,1,0,1,0,0,0,0,0,0,0,0,0,0,0,Sobrecalentamiento,Limpieza interna y pasta térmica,49.63
3344,PC de escritorio,1,0,0,0,0,0,0,0,0,0,0,0,0,0,0,0,0,0,Sobrecalentamiento,Limpieza interna y pasta térmica,49.66
3345,Laptop,1,0,1,0,0,1,1,1,0,0,0,0,0,0,1,0,0,0,Sobrecalentamiento,Limpieza interna y pasta térmica,49.97
3346,PC de escritorio,1,0,0,1,1,0,0,0,0,0,0,1,0,0,0,0,0,0,Sobrecalentamiento,Limpieza interna y pasta térmica,46.05
3347,Laptop,1,0,1,1,0,0,0,0,0,0,0,0,0,0,0,0,0,0,Sobrecalentamiento,Limpieza interna y pasta térmica,46.63
3348,Laptop,1,0,0,1,1,0,0,0,0,0,0,0,1,0,0,0,0,1,Sobrecalentamiento,Limpieza interna y pasta térmica,48.55
3349,PC de escritorio,1,0,0,1,1,0,0,0,0,0,0,1,0,0,0,1,0,0,Sobrecalentamiento,Limpieza interna y pasta térmica,47.28
3350,PC de escritorio,0,0,1,1,1,0,0,0,0,0,0,0,0,0,0,0,0,0,Sobrecalentamiento,Limpieza interna y pasta térmica,45.86
3351,PC de escritorio,0,0,0,1,0,0,0,0,1,0,0,0,1,0,0,0,0,0,Sobrecalentamiento,Limpieza interna y pasta térmica,45.94
3352,Laptop,0,1,0,1,0,0,0,1,0,0,0,0,1,0,0,0,0,0,Sobrecalentamiento,Limpieza interna y pasta térmica,43.19
3353,Laptop,1,0,1,1,0,0,0,0,0,0,0,0,0,0,0,0,0,1,Sobrecalentamiento,Limpieza interna y pasta térmica,44.89
3354,Laptop,1,0,1,1,0,0,0,0,1,0,0,0,1,1,0,0,0,0,Sobrecalentamiento,Limpieza interna y pasta térmica,45.5
3355,PC de escritorio,0,0,0,1,0,0,0,0,0,0,0,0,1,0,0,0,0,0,Sobrecalentamiento,Limpieza interna y pasta térmica,43.7
3356,PC de escritorio,1,0,0,1,1,0,0,0,0,0,0,0,0,0,0,0,0,0,Sobrecalentamiento,Limpieza interna y pasta térmica,40.07
3357,PC de escritorio,0,0,0,1,1,0,0,0,0,0,0,0,1,1,0,0,0,0,Sobrecalentamiento,Limpieza interna y pasta térmica,42.0
3358,PC de escritorio,1,0,0,1,1,0,0,0,0,0,0,0,0,0,0,0,0,0,Sobrecalentamiento,Limpieza interna y pasta térmica,43.97
3359,Laptop,1,0,0,1,1,0,0,0,0,0,0,0,1,0,0,0,0,1,Sobrecalentamiento,Limpieza interna y pasta térmica,40.28
3360,Laptop,0,0,1,1,0,0,0,0,0,0,0,0,1,0,0,0,0,0,Sobrecalentamiento,Limpieza interna y pasta térmica,45.92
3361,Laptop,1,1,0,1,1,0,0,1,0,1,0,0,1,0,0,0,0,0,Sobrecalentamiento,Limpieza interna y pasta térmica,42.77
3362,Laptop,1,0,0,1,1,0,0,0,1,0,0,0,0,0,0,0,0,0,Sobrecalentamiento,Limpieza interna y pasta térmica,43.68
3363,PC de escritorio,1,0,1,1,1,0,0,1,1,0,1,1,1,0,1,0,0,0,Sobrecalentamiento,Limpieza interna y pasta térmica,47.82
3364,PC de escritorio,0,0,1,1,1,0,0,0,0,0,0,0,0,0,0,0,0,0,Sobrecalentamiento,Limpieza interna y pasta térmica,42.9
3365,PC de escritorio,0,0,0,1,0,0,0,0,0,0,0,0,1,0,0,0,0,0,Sobrecalentamiento,Limpieza interna y pasta térmica,41.33
3366,Laptop,1,0,1,1,0,0,0,0,0,0,0,1,0,0,1,0,0,1,Sobrecalentamiento,Limpieza interna y pasta térmica,44.32
3367,PC de escritorio,1,0,1,1,1,0,0,0,0,0,0,0,0,0,0,0,0,0,Sobrecalentamiento,Limpieza interna y pasta térmica,43.69
3368,Laptop,0,0,1,1,0,0,0,0,1,0,1,0,1,0,0,0,0,0,Sobrecalentamiento,Limpieza interna y pasta térmica,47.94
3369,Laptop,1,0,0,1,1,0,0,0,0,0,0,0,0,0,0,0,0,0,Sobrecalentamiento,Limpieza interna y pasta térmica,45.89
3370,PC de escritorio,1,0,1,1,1,0,0,0,0,0,0,0,0,0,0,0,0,0,Sobrecalentamiento,Limpieza interna y pasta térmica,41.63
3371,PC de escritorio,1,0,0,0,0,0,0,0,0,0,0,0,1,1,0,0,0,0,Sobrecalentamiento,Limpieza interna y pasta térmica,42.62
3372,PC de escritorio,0,0,0,1,1,0,0,0,0,0,0,0,0,0,0,0,0,0,Sobrecalentamiento,Limpieza interna y pasta térmica,49.14
3373,PC de escritorio,1,0,0,1,1,0,0,0,0,0,0,1,1,0,0,0,0,0,Sobrecalentamiento,Limpieza interna y pasta térmica,42.82
3374,Laptop,1,0,0,1,1,0,0,0,0,0,0,0,0,0,0,0,0,0,Sobrecalentamiento,Limpieza interna y pasta térmica,47.65
3375,Laptop,1,0,0,1,1,0,0,0,1,1,0,0,0,0,0,0,0,1,Sobrecalentamiento,Limpieza interna y pasta térmica,44.81
3376,Laptop,1,0,0,1,1,0,0,0,0,0,0,0,0,0,0,0,0,0,Sobrecalentamiento,Limpieza interna y pasta térmica,43.26
3377,Laptop,1,1,0,1,0,0,0,0,1,0,0,0,0,1,0,0,0,0,Sobrecalentamiento,Limpieza interna y pasta térmica,42.94
3378,Laptop,0,1,0,0,0,0,0,0,0,0,1,0,0,0,0,0,0,0,Sobrecalentamiento,Limpieza interna y pasta térmica,47.55
3379,Laptop,1,0,0,1,0,0,0,0,0,0,0,0,1,0,0,0,0,0,Sobrecalentamiento,Limpieza interna y pasta térmica,47.08
3380,Laptop,1,0,1,1,0,0,0,0,0,0,0,0,0,0,0,0,0,0,Sobrecalentamiento,Limpieza interna y pasta térmica,47.56
3381,Laptop,1,0,0,0,1,0,0,0,0,0,0,0,1,0,0,0,0,0,Sobrecalentamiento,Limpieza interna y pasta térmica,46.95
3382,Laptop,1,0,0,1,1,0,0,0,0,0,0,0,0,0,0,1,0,0,Sobrecalentamiento,Limpieza interna y pasta térmica,40.18
3383,PC de escritorio,1,1,1,1,1,1,0,0,0,0,0,0,0,0,0,0,0,0,Sobrecalentamiento,Limpieza interna y pasta térmica,47.12
3384,Laptop,1,0,1,1,1,0,0,0,1,1,0,0,1,0,0,0,0,0,Sobrecalentamiento,Limpieza interna y pasta térmica,47.78
3385,PC de escritorio,1,0,0,1,1,0,0,0,0,0,0,1,0,0,0,0,0,0,Sobrecalentamiento,Limpieza interna y pasta térmica,43.79
3386,Laptop,1,0,0,1,0,0,0,0,0,0,0,0,0,0,0,0,0,0,Sobrecalentamiento,Limpieza interna y pasta térmica,43.7
3387,PC de escritorio,0,0,1,1,1,0,0,0,0,0,0,0,0,0,0,0,0,0,Sobrecalentamiento,Limpieza interna y pasta térmica,43.12
3388,PC de escritorio,1,0,0,1,1,0,0,0,0,0,0,0,1,0,0,0,0,0,Sobrecalentamiento,Limpieza interna y pasta térmica,48.71
3389,Laptop,1,0,1,1,1,1,0,0,0,0,0,0,0,1,0,0,0,0,Sobrecalentamiento,Limpieza interna y pasta térmica,48.99
3390,PC de escritorio,1,0,0,1,1,0,0,0,0,0,0,0,0,0,0,0,0,0,Sobrecalentamiento,Limpieza interna y pasta térmica,41.74
3391,PC de escritorio,0,0,1,1,1,0,0,1,0,0,0,0,0,0,1,0,0,1,Sobrecalentamiento,Limpieza interna y pasta térmica,45.29
3392,PC de escritorio,0,0,0,1,1,0,0,0,0,0,0,1,0,1,0,0,0,0,Sobrecalentamiento,Limpieza interna y pasta térmica,48.98
3393,Laptop,1,0,1,1,0,1,0,0,0,0,0,0,1,0,0,0,0,0,Sobrecalentamiento,Limpieza interna y pasta térmica,47.18
3394,Laptop,1,0,0,0,1,0,0,0,0,0,0,0,1,0,0,0,0,0,Sobrecalentamiento,Limpieza interna y pasta térmica,45.41
3395,Laptop,1,0,1,1,1,0,0,0,0,0,0,0,0,0,0,0,0,0,Sobrecalentamiento,Limpieza interna y pasta térmica,45.37
3396,Laptop,1,1,0,1,1,0,0,1,0,0,0,0,1,0,0,0,0,0,Sobrecalentamiento,Limpieza interna y pasta térmica,43.26
3397,PC de escritorio,1,0,1,1,0,0,0,0,0,0,0,1,1,1,0,0,0,0,Sobrecalentamiento,Limpieza interna y pasta térmica,44.66
3398,PC de escritorio,1,0,1,1,0,0,0,0,0,0,0,0,1,0,0,0,0,0,Sobrecalentamiento,Limpieza interna y pasta térmica,44.85
3399,PC de escritorio,0,0,1,1,1,0,0,0,0,0,0,0,0,0,0,0,1,0,Sobrecalentamiento,Limpieza interna y pasta térmica,42.65
3400,PC de escritorio,1,0,0,1,1,0,0,0,0,0,1,1,0,1,0,0,0,0,Sobrecalentamiento,Limpieza interna y pasta térmica,49.97
3401,PC de escritorio,1,0,1,1,1,0,0,0,1,0,0,1,0,1,0,0,0,0,Sobrecalentamiento,Limpieza interna y pasta térmica,48.48
3402,Laptop,1,0,0,1,1,0,0,0,0,0,0,0,0,0,0,0,0,0,Sobrecalentamiento,Limpieza interna y pasta térmica,45.63
3403,Laptop,1,0,0,1,1,0,0,0,0,0,0,0,0,0,0,0,0,0,Sobrecalentamiento,Limpieza interna y pasta térmica,45.05
3404,Laptop,0,0,0,1,1,0,0,0,0,0,0,0,0,0,0,0,0,0,Sobrecalentamiento,Limpieza interna y pasta térmica,40.83
3405,Laptop,1,0,0,1,0,0,0,0,0,0,0,0,0,0,0,0,1,0,Sobrecalentamiento,Limpieza interna y pasta térmica,47.75
3406,PC de escritorio,1,0,1,1,0,0,0,0,0,0,0,0,0,0,0,0,0,0,Sobrecalentamiento,Limpieza interna y pasta térmica,43.89
3407,PC de escritorio,0,0,1,1,1,0,0,0,0,0,0,0,1,1,1,0,0,0,Sobrecalentamiento,Limpieza interna y pasta térmica,49.72
3408,PC de escritorio,1,1,0,1,1,0,0,0,0,0,0,0,0,1,0,0,0,0,Sobrecalentamiento,Limpieza interna y pasta térmica,49.37
3409,PC de escritorio,0,0,1,1,0,0,0,0,0,0,0,0,0,0,0,0,0,0,Sobrecalentamiento,Limpieza interna y pasta térmica,47.15
3410,Laptop,1,0,1,1,1,0,0,1,1,0,0,0,1,0,0,1,1,0,Sobrecalentamiento,Limpieza interna y pasta térmica,40.88
3411,Laptop,1,0,0,1,1,0,1,0,1,0,0,0,1,0,0,0,0,0,Sobrecalentamiento,Limpieza interna y pasta térmica,41.67
3412,Laptop,1,1,0,1,1,0,0,0,0,0,0,0,1,1,0,0,0,0,Sobrecalentamiento,Limpieza interna y pasta térmica,47.44
3413,PC de escritorio,1,0,0,1,0,0,0,0,0,0,0,0,0,0,0,1,0,0,Sobrecalentamiento,Limpieza interna y pasta térmica,42.03
3414,Laptop,1,0,1,1,1,0,0,0,0,0,0,0,1,1,0,0,0,0,Sobrecalentamiento,Limpieza interna y pasta térmica,48.62
3415,PC de escritorio,1,0,0,1,1,0,0,0,0,0,0,0,1,0,0,0,0,0,Sobrecalentamiento,Limpieza interna y pasta térmica,47.24
3416,Laptop,1,0,0,1,0,0,0,0,0,0,0,0,0,0,0,0,0,0,Sobrecalentamiento,Limpieza interna y pasta térmica,40.71
3417,PC de escritorio,1,0,1,1,0,0,0,0,0,0,0,0,0,0,0,0,0,0,Sobrecalentamiento,Limpieza interna y pasta térmica,43.89
3418,PC de escritorio,1,0,1,1,1,0,0,0,0,0,0,0,0,0,0,0,0,0,Sobrecalentamiento,Limpieza interna y pasta térmica,46.39
3419,PC de escritorio,1,1,0,1,1,0,0,0,0,0,0,0,0,0,0,0,0,0,Sobrecalentamiento,Limpieza interna y pasta térmica,46.45
3420,Laptop,1,0,0,1,1,0,0,0,0,0,0,0,0,0,0,0,0,0,Sobrecalentamiento,Limpieza interna y pasta térmica,45.09
3421,Laptop,1,0,0,1,1,0,0,0,0,0,0,0,0,0,0,0,0,0,Sobrecalentamiento,Limpieza interna y pasta térmica,40.67
3422,PC de escritorio,0,0,1,1,0,0,0,0,0,0,0,0,0,1,0,0,0,0,Sobrecalentamiento,Limpieza interna y pasta térmica,43.07
3423,Laptop,1,0,1,1,1,0,0,0,0,0,0,0,1,0,0,0,0,0,Sobrecalentamiento,Limpieza interna y pasta térmica,43.63
3424,PC de escritorio,1,0,1,1,1,0,0,0,0,1,0,1,1,0,0,0,0,0,Sobrecalentamiento,Limpieza interna y pasta térmica,43.92
3425,Laptop,0,0,0,1,1,0,0,0,0,0,0,0,1,0,0,0,0,0,Sobrecalentamiento,Limpieza interna y pasta térmica,43.56
3426,PC de escritorio,0,0,0,1,0,0,0,0,0,0,0,0,1,0,0,0,0,0,Sobrecalentamiento,Limpieza interna y pasta térmica,45.37
3427,Laptop,1,0,0,1,1,0,0,0,0,0,0,0,1,0,0,0,0,0,Sobrecalentamiento,Limpieza interna y pasta térmica,45.37
3428,Laptop,1,1,0,1,1,1,0,1,0,0,0,1,1,0,0,0,0,0,Sobrecalentamiento,Limpieza interna y pasta térmica,48.55
3429,PC de escritorio,1,0,0,1,1,0,0,0,0,0,0,0,0,0,1,0,0,0,Sobrecalentamiento,Limpieza interna y pasta térmica,44.29
3430,Laptop,1,0,0,1,1,1,0,0,0,0,1,0,0,0,0,0,0,0,Sobrecalentamiento,Limpieza interna y pasta térmica,46.25
3431,PC de escritorio,1,0,1,1,0,0,0,0,0,0,0,0,1,1,1,0,0,0,Sobrecalentamiento,Limpieza interna y pasta térmica,42.94
3432,PC de escritorio,1,0,1,1,0,0,0,0,0,0,0,0,1,1,0,0,0,0,Sobrecalentamiento,Limpieza interna y pasta térmica,48.05
3433,Laptop,1,1,0,1,0,0,0,0,0,0,0,0,0,0,0,0,0,0,Sobrecalentamiento,Limpieza interna y pasta térmica,43.84
3434,Laptop,1,0,0,1,1,0,0,0,0,0,0,0,1,0,0,0,0,0,Sobrecalentamiento,Limpieza interna y pasta térmica,48.43
3435,PC de escritorio,1,0,1,1,1,0,0,0,0,0,1,0,0,0,0,0,0,0,Sobrecalentamiento,Limpieza interna y pasta térmica,42.23
3436,PC de escritorio,1,0,1,1,0,0,0,0,0,0,0,0,0,0,0,0,0,0,Sobrecalentamiento,Limpieza interna y pasta térmica,46.91
3437,PC de escritorio,1,0,0,1,1,0,0,0,0,0,0,1,0,0,0,0,0,0,Sobrecalentamiento,Limpieza interna y pasta térmica,45.49
3438,PC de escritorio,1,0,1,1,1,0,0,0,0,0,0,0,1,0,0,0,0,0,Sobrecalentamiento,Limpieza interna y pasta térmica,42.72
3439,Laptop,1,0,1,1,0,0,1,0,0,0,1,0,1,0,0,0,0,0,Sobrecalentamiento,Limpieza interna y pasta térmica,48.23
3440,Laptop,1,0,0,0,1,0,0,0,0,0,0,0,0,0,0,0,0,0,Sobrecalentamiento,Limpieza interna y pasta térmica,44.97
3441,Laptop,0,0,0,1,0,0,0,0,0,0,0,0,0,0,0,0,0,0,Sobrecalentamiento,Limpieza interna y pasta térmica,43.37
3442,PC de escritorio,1,0,0,0,1,0,0,0,0,0,0,0,0,0,0,0,0,0,Sobrecalentamiento,Limpieza interna y pasta térmica,42.95
3443,PC de escritorio,1,0,0,1,1,0,0,0,0,0,0,0,1,0,0,0,0,0,Sobrecalentamiento,Limpieza interna y pasta térmica,41.69
3444,Laptop,1,0,0,1,0,0,0,0,0,0,0,0,1,0,0,0,0,0,Sobrecalentamiento,Limpieza interna y pasta térmica,48.45
3445,Laptop,1,0,0,1,0,0,0,0,0,0,0,0,0,0,0,0,0,0,Sobrecalentamiento,Limpieza interna y pasta térmica,44.04
3446,PC de escritorio,0,0,1,1,1,0,0,0,0,1,0,0,0,0,0,0,0,0,Sobrecalentamiento,Limpieza interna y pasta térmica,42.94
3447,PC de escritorio,0,0,0,0,0,1,0,0,0,0,0,0,0,0,0,0,0,0,Sobrecalentamiento,Limpieza interna y pasta térmica,49.5
3448,Laptop,1,0,0,1,0,0,0,0,0,0,1,0,1,1,0,0,0,0,Sobrecalentamiento,Limpieza interna y pasta térmica,43.93
3449,PC de escritorio,1,0,1,1,1,0,0,0,0,0,0,0,1,1,0,0,0,0,Sobrecalentamiento,Limpieza interna y pasta térmica,41.98
3450,Laptop,1,0,0,1,0,0,0,0,0,0,0,0,0,0,0,0,0,0,Sobrecalentamiento,Limpieza interna y pasta térmica,40.36
3451,PC de escritorio,0,0,1,1,0,0,0,0,0,0,0,0,0,0,0,0,0,0,Sobrecalentamiento,Limpieza interna y pasta térmica,40.21
3452,PC de escritorio,1,0,0,1,1,0,0,0,0,0,0,0,0,0,0,0,0,0,Sobrecalentamiento,Limpieza interna y pasta térmica,46.03
3453,Laptop,0,0,1,1,0,0,1,1,1,0,1,0,1,0,1,0,0,0,Sobrecalentamiento,Limpieza interna y pasta térmica,45.22
3454,Laptop,0,1,0,1,0,1,0,1,0,0,1,1,0,1,0,0,0,0,Sobrecalentamiento,Limpieza interna y pasta térmica,48.09
3455,PC de escritorio,1,0,0,0,1,0,0,0,0,0,0,0,1,0,0,0,0,0,Sobrecalentamiento,Limpieza interna y pasta térmica,45.78
3456,PC de escritorio,0,0,0,1,0,0,0,0,0,0,0,0,0,0,0,0,0,0,Sobrecalentamiento,Limpieza interna y pasta térmica,41.41
3457,Laptop,0,0,0,0,1,0,0,0,0,0,0,0,0,0,0,0,0,0,Sobrecalentamiento,Limpieza interna y pasta térmica,42.76
3458,Laptop,1,0,0,1,1,0,0,0,0,0,0,0,1,0,0,0,0,0,Sobrecalentamiento,Limpieza interna y pasta térmica,47.18
3459,Laptop,1,0,0,1,0,0,0,0,0,0,0,0,1,1,0,0,0,0,Sobrecalentamiento,Limpieza interna y pasta térmica,49.26
3460,PC de escritorio,1,0,0,1,0,0,0,0,0,1,0,0,0,0,0,0,0,0,Sobrecalentamiento,Limpieza interna y pasta térmica,43.7
3461,Laptop,1,1,1,1,0,0,0,0,1,0,0,0,1,1,0,0,0,0,Sobrecalentamiento,Limpieza interna y pasta térmica,44.04
3462,PC de escritorio,1,0,0,0,0,0,0,0,0,0,1,1,1,0,0,0,1,0,Sobrecalentamiento,Limpieza interna y pasta térmica,43.66
3463,PC de escritorio,1,0,1,1,0,0,0,0,0,0,0,0,0,0,0,0,0,0,Sobrecalentamiento,Limpieza interna y pasta térmica,47.46
3464,Laptop,1,0,1,1,1,0,0,0,0,0,0,1,1,1,0,0,0,0,Sobrecalentamiento,Limpieza interna y pasta térmica,48.81
3465,PC de escritorio,1,0,0,1,1,0,0,0,0,0,1,1,0,0,0,0,0,0,Sobrecalentamiento,Limpieza interna y pasta térmica,40.63
3466,PC de escritorio,1,0,0,1,1,0,0,0,0,0,0,0,0,0,0,0,0,0,Sobrecalentamiento,Limpieza interna y pasta térmica,48.63
3467,PC de escritorio,0,0,0,1,1,0,0,0,0,0,0,0,1,0,0,0,0,0,Sobrecalentamiento,Limpieza interna y pasta térmica,42.27
3468,PC de escritorio,0,0,0,1,1,0,0,0,0,0,0,0,1,0,0,0,0,0,Sobrecalentamiento,Limpieza interna y pasta térmica,41.12
3469,PC de escritorio,1,0,1,1,1,0,0,0,0,0,0,0,0,0,1,0,0,1,Sobrecalentamiento,Limpieza interna y pasta térmica,49.63
3470,PC de escritorio,1,0,0,1,0,0,0,0,0,0,1,0,0,1,0,0,0,0,Sobrecalentamiento,Limpieza interna y pasta térmica,40.85
3471,Laptop,1,0,0,1,1,0,0,0,0,0,0,0,0,0,0,0,0,0,Sobrecalentamiento,Limpieza interna y pasta térmica,46.86
3472,Laptop,0,0,1,1,0,0,0,0,0,0,0,0,0,1,0,0,0,0,Sobrecalentamiento,Limpieza interna y pasta térmica,44.61
3473,PC de escritorio,1,0,0,1,0,0,0,0,1,0,0,0,0,1,0,0,0,0,Sobrecalentamiento,Limpieza interna y pasta térmica,42.68
3474,Laptop,1,1,0,1,1,0,0,0,0,0,1,0,1,1,0,0,0,1,Sobrecalentamiento,Limpieza interna y pasta térmica,41.54
3475,Laptop,0,0,0,1,0,0,0,0,0,0,0,0,1,0,0,0,0,0,Sobrecalentamiento,Limpieza interna y pasta térmica,44.04
3476,Laptop,0,0,0,1,1,0,0,0,0,0,0,0,0,0,0,0,0,0,Sobrecalentamiento,Limpieza interna y pasta térmica,42.04
3477,PC de escritorio,0,0,0,1,1,0,0,0,0,0,0,0,1,0,0,0,0,0,Sobrecalentamiento,Limpieza interna y pasta térmica,42.17
3478,PC de escritorio,1,0,0,1,1,0,0,0,0,0,0,0,0,0,0,0,1,0,Sobrecalentamiento,Limpieza interna y pasta térmica,41.11
3479,Laptop,1,0,0,1,1,0,0,0,0,0,0,0,0,0,0,0,0,0,Sobrecalentamiento,Limpieza interna y pasta térmica,40.35
3480,Laptop,1,0,0,1,1,0,0,0,0,0,0,0,1,0,0,0,0,0,Sobrecalentamiento,Limpieza interna y pasta térmica,45.34
3481,PC de escritorio,1,1,1,1,0,0,0,0,0,1,0,0,0,0,0,0,0,1,Sobrecalentamiento,Limpieza interna y pasta térmica,45.49
3482,Laptop,1,0,0,1,1,0,0,0,0,0,0,0,1,0,0,0,0,0,Sobrecalentamiento,Limpieza interna y pasta térmica,45.7
3483,Laptop,1,0,0,1,0,0,0,0,0,0,0,0,0,0,0,0,0,0,Sobrecalentamiento,Limpieza interna y pasta térmica,43.9
3484,PC de escritorio,1,0,0,1,0,0,0,0,0,0,0,0,1,0,0,0,0,0,Sobrecalentamiento,Limpieza interna y pasta térmica,47.53
3485,PC de escritorio,0,0,1,1,0,0,0,0,0,0,0,0,1,1,1,0,0,0,Sobrecalentamiento,Limpieza interna y pasta térmica,44.58
3486,Laptop,1,0,0,1,1,0,0,0,0,0,0,0,1,1,0,0,0,1,Sobrecalentamiento,Limpieza interna y pasta térmica,49.35
3487,PC de escritorio,0,0,0,1,1,0,0,0,0,1,0,0,1,0,0,0,0,0,Sobrecalentamiento,Limpieza interna y pasta térmica,49.46
3488,Laptop,1,0,0,1,0,0,0,0,0,0,0,0,1,0,0,0,0,0,Sobrecalentamiento,Limpieza interna y pasta térmica,41.74
3489,PC de escritorio,1,0,0,1,1,0,1,0,0,0,0,1,1,1,1,1,0,0,Sobrecalentamiento,Limpieza interna y pasta térmica,46.74
3490,PC de escritorio,1,0,1,1,1,0,0,0,0,0,0,0,0,0,0,0,0,1,Sobrecalentamiento,Limpieza interna y pasta térmica,45.06
3491,Laptop,0,0,0,1,0,0,0,1,0,0,0,0,0,1,0,0,0,0,Sobrecalentamiento,Limpieza interna y pasta térmica,46.84
3492,PC de escritorio,1,0,0,1,0,0,0,0,0,0,0,0,1,0,0,0,0,0,Sobrecalentamiento,Limpieza interna y pasta térmica,49.01
3493,Laptop,0,0,0,1,1,0,0,0,0,0,0,0,0,0,0,0,0,0,Sobrecalentamiento,Limpieza interna y pasta térmica,48.27
3494,PC de escritorio,0,0,0,1,1,1,0,0,0,0,0,0,0,0,0,0,0,0,Sobrecalentamiento,Limpieza interna y pasta térmica,47.54
3495,PC de escritorio,1,0,0,1,1,0,0,0,0,0,0,0,1,1,0,1,0,0,Sobrecalentamiento,Limpieza interna y pasta térmica,44.85
3496,Laptop,0,0,0,1,1,0,0,0,0,0,1,0,0,0,0,0,0,0,Sobrecalentamiento,Limpieza interna y pasta térmica,45.05
3497,PC de escritorio,1,0,1,1,0,0,0,0,0,0,0,0,0,0,0,0,0,0,Sobrecalentamiento,Limpieza interna y pasta térmica,48.88
3498,Laptop,1,0,0,1,1,0,0,0,0,0,0,1,0,0,0,0,0,0,Sobrecalentamiento,Limpieza interna y pasta térmica,42.91
3499,PC de escritorio,1,0,0,1,0,0,0,0,0,0,0,0,0,0,0,0,0,0,Sobrecalentamiento,Limpieza interna y pasta térmica,49.89
3500,PC de escritorio,1,0,0,1,1,0,0,0,0,0,1,0,1,0,0,0,0,1,Sobrecalentamiento,Limpieza interna y pasta térmica,47.93
